2016-08;grow;teeth;179
2016-08;goodbye;grow;114
2016-08;teeth;weeks;110
2016-08;discovery;goodbye;88
2016-08;revolutionary;discovery;75
2016-08;missing;tooth;69
2016-08;teeth;right;65
2016-08;right;mouth;64
2016-08;improve;overall;53
2016-08;also;improve;51
2016-09;lost;teeth;99
2016-09;best;option;83
2016-09;option;replace;76
2016-09;replace;lost;67
2016-09;could;best;66
2016-09;missing;tooth;59
2016-09;tooth;replacement;54
2016-09;grow;teeth;49
2016-09;extremely;versatile;45
2016-09;versatile;restorations;45
2016-10;grow;teeth;1317
2016-10;goodbye;grow;1315
2016-10;discovery;goodbye;1312
2016-10;teeth;weeks;1312
2016-10;revolutionary;discovery;1279
2016-10;weeks;revolutionary;1262
2016-10;missing;teeth;85
2016-10;natural;teeth;81
2016-10;grow;bone;69
2016-10;like;natural;69
2016-11;natural;teeth;64
2016-11;missing;teeth;54
2016-11;replace;whole;51
2016-11;whole;tooth;51
2016-11;grow;teeth;39
2016-11;goodbye;grow;38
2016-11;discovery;goodbye;38
2016-11;teeth;weeks;36
2016-11;care;natural;32
2016-11;great;option;31
2016-12;take;care;76
2016-12;ways;take;70
2016-12;care;ways;65
2016-12;rescue;rescue;59
2016-12;natural;teeth;51
2016-12;great;option;46
2016-12;missing;teeth;45
2016-12;lost;tooth;42
2016-12;perks;availing;37
2016-12;tooth;replacement;34
2017-01;installed;installed;1973
2017-01;taking;care;90
2017-01;heart;mouthwash;66
2017-01;missing;teeth;64
2017-01;care;rcsdp;54
2017-01;rcsdp;rcsdp;54
2017-01;bone;loss;53
2017-01;natural;teeth;51
2017-01;discovery;goodbye;43
2017-01;goodbye;grow;43
2017-02;installed;installed;901
2017-02;grow;teeth;61
2017-02;natural;teeth;52
2017-02;missing;teeth;44
2017-02;diabetic;patients;42
2017-02;safe;diabetic;40
2017-02;goodbye;grow;40
2017-02;patients;safe;36
2017-02;discovery;goodbye;36
2017-02;teeth;weeks;36
2017-03;grow;teeth;167
2017-03;goodbye;grow;146
2017-03;teeth;weeks;144
2017-03;reduce;failure;137
2017-03;successful;method;136
2017-03;method;reduce;136
2017-03;natural;teeth;87
2017-03;failure;successful;66
2017-03;discovery;goodbye;50
2017-03;basics;replacement;49
2017-04;grow;teeth;92
2017-04;goodbye;grow;82
2017-04;natural;teeth;81
2017-04;teeth;weeks;81
2017-04;like;natural;43
2017-04;missing;teeth;40
2017-04;safe;safe;34
2017-04;function;like;33
2017-04;many;benefits;30
2017-04;bone;loss;29
2017-05;grow;teeth;131
2017-05;natural;teeth;96
2017-05;stem;cell;95
2017-05;cell;grow;94
2017-05;teeth;months;94
2017-05;last;lifetime;81
2017-05;designed;last;76
2017-05;months;david;67
2017-05;lifetime;designed;67
2017-05;avocado;wolfe;67
2017-06;explained;infographic;295
2017-06;infographic;explained;284
2017-06;grow;teeth;187
2017-06;goodbye;grow;183
2017-06;teeth;weeks;177
2017-06;weeks;goodbye;88
2017-06;life;nagai;69
2017-06;beneficial;life;69
2017-06;consider;beneficial;69
2017-06;nagai;consider;62
2017-07;grow;teeth;323
2017-07;teeth;weeks;311
2017-07;goodbye;grow;290
2017-07;weeks;goodbye;111
2017-07;tooth;loss;93
2017-07;replacing;teeth;82
2017-07;credible;reasons;76
2017-07;procedure;learn;76
2017-07;reasons;health;76
2017-07;done;procedure;75
2017-08;missing;teeth;138
2017-08;grow;teeth;131
2017-08;teeth;weeks;128
2017-08;option;replace;117
2017-08;popular;option;107
2017-08;damaged;missing;106
2017-08;replace;damaged;106
2017-08;teeth;popular;104
2017-08;goodbye;grow;97
2017-08;procedures;boon;73
2017-09;installed;installed;345
2017-09;natural;teeth;88
2017-09;like;natural;72
2017-09;function;like;51
2017-09;look;feel;50
2017-09;learn;article;44
2017-09;considering;learn;44
2017-09;feel;function;40
2017-09;grow;teeth;37
2017-09;made;look;36
2017-10;installed;installed;278
2017-10;everything;needed;90
2017-10;needed;know;90
2017-10;know;everything;75
2017-10;missing;teeth;65
2017-10;learn;advantages;64
2017-10;advantages;real;63
2017-10;procedure;learn;63
2017-10;done;procedure;63
2017-10;real;saltillo;63
2017-11;installed;installed;182
2017-11;health;fitness;83
2017-11;replace;missing;83
2017-11;answers;questions;82
2017-11;procedure;health;81
2017-11;questions;comes;81
2017-11;comes;procedure;81
2017-11;fitness;remedies;81
2017-11;remedies;answers;73
2017-11;damaged;teeth;69
2017-12;full;mouth;420
2017-12;mouth;dentures;419
2017-12;benefits;full;418
2017-12;dentures;benefits;412
2017-12;lesson;learn;69
2017-12;history;lesson;69
2017-12;check;short;69
2017-12;short;history;69
2017-12;learn;came;69
2017-12;installed;installed;67
2018-01;missing;teeth;122
2018-01;missing;tooth;105
2018-01;look;feel;62
2018-01;grow;teeth;59
2018-01;save;smile;59
2018-01;teeth;could;57
2018-01;suffer;missing;57
2018-01;could;answer;57
2018-01;find;save;56
2018-01;smile;suffer;56
2018-02;missing;tooth;135
2018-02;natural;teeth;127
2018-02;look;feel;68
2018-02;tooth;loss;66
2018-02;best;option;61
2018-02;option;replace;60
2018-02;overall;health;58
2018-02;great;option;57
2018-02;save;money;57
2018-02;right;tactics;56
2018-03;expect;guide;56
2018-03;facing;placement;56
2018-03;missing;teeth;56
2018-03;placement;learn;56
2018-03;learn;expect;56
2018-03;check;benefits;53
2018-03;gaps;smile;52
2018-03;filling;gaps;51
2018-03;smile;nothing;51
2018-03;better;check;51
2018-04;missing;teeth;55
2018-04;missing;tooth;52
2018-04;natural;teeth;39
2018-04;replace;missing;38
2018-04;last;lifetime;34
2018-04;oral;health;32
2018-04;bone;loss;30
2018-04;proper;care;29
2018-04;give;smile;27
2018-04;smile;proper;27
2018-05;missing;teeth;19
2018-05;last;lifetime;12
2018-05;north;york;12
2018-05;natural;teeth;9
2018-05;great;option;8
2018-05;look;feel;7
2018-05;bone;grafting;7
2018-05;could;help;7
2018-05;tooth;replacement;7
2018-05;like;natural;7
2018-07;bone;loss;15
2018-07;natural;teeth;9
2018-07;missing;teeth;9
2018-07;north;york;9
2018-07;missing;tooth;8
2018-07;bone;grafting;8
2018-07;like;natural;7
2018-07;replacing;missing;7
2018-07;oral;health;6
2018-07;oral;surgery;6
2018-08;missing;teeth;32
2018-08;natural;teeth;28
2018-08;bone;loss;22
2018-08;describe;getting;21
2018-08;brainiac;another;21
2018-08;another;describe;21
2018-08;getting;front;21
2018-08;front;tooth;21
2018-08;biting;tongue;20
2018-08;along;lines;20
2018-09;missing;teeth;82
2018-09;sorts;things;66
2018-09;tooth;decay;64
2018-09;along;lines;60
2018-09;loose;fillings;60
2018-09;loss;taste;59
2018-09;natural;teeth;45
2018-09;chipped;teeth;44
2018-09;persistent;tonsillitis;43
2018-09;teeth;discoloration;43
2018-10;missing;teeth;109
2018-10;natural;teeth;81
2018-10;globally;cagr;79
2018-10;cagr;says;79
2018-10;reach;globally;79
2018-10;prosthetics;market;79
2018-10;market;reach;79
2018-10;ceramic;expert;77
2018-10;expert;dentist;77
2018-10;dentist;nashville;77
2018-11;missing;teeth;85
2018-11;dentalimplants;implantdentist;48
2018-11;natural;teeth;45
2018-11;missing;tooth;39
2018-11;last;years;34
2018-11;upper;lower;30
2018-11;loss;taste;29
2018-11;replace;missing;28
2018-11;tooth;root;28
2018-11;specifically;designed;28
2018-12;candidate;psychreg;86
2018-12;psychreg;candidate;71
2018-12;natural;teeth;58
2018-12;grow;teeth;53
2018-12;missing;teeth;45
2018-12;teeth;months;40
2018-12;stem;cell;40
2018-12;cell;grow;40
2018-12;replace;missing;32
2018-12;like;natural;31
2019-01;grow;teeth;568
2019-01;stem;cell;543
2019-01;teeth;months;541
2019-01;cell;grow;476
2019-01;months;stem;292
2019-01;university;sweden;104
2019-01;labrador;retrievers;104
2019-01;retrievers;operating;104
2019-01;sweden;performing;104
2019-01;test;labrador;104
2019-02;plans;kill;1298
2019-02;university;plans;1298
2019-02;kill;rather;1296
2019-02;dogs;swedish;1296
2019-02;tested;dogs;1296
2019-02;swedish;university;1296
2019-02;rather;release;1296
2019-02;release;tested;1240
2019-02;dogs;killed;163
2019-02;university;gothenburg;113
2019-03;poor;dogs;881
2019-03;teeth;ripped;881
2019-03;ripped;part;881
2019-03;dogs;dead;881
2019-03;dead;teeth;881
2019-03;part;experiment;880
2019-03;university;gothen;879
2019-03;experiment;university;879
2019-03;gothen;poor;831
2019-03;tested;dogs;119
2019-04;procedures;carried;266
2019-04;carried;procedures;191
2019-04;teeth;months;85
2019-04;stem;cell;85
2019-04;grow;teeth;85
2019-04;could;grow;83
2019-04;cell;could;83
2019-04;missing;teeth;62
2019-04;natural;teeth;56
2019-04;missing;tooth;45
2019-05;stem;cell;131
2019-05;grow;teeth;129
2019-05;teeth;months;128
2019-05;cell;grow;70
2019-05;gyaltsan;dewey;62
2019-05;dewey;reeves;62
2019-05;lozang;gyaltsan;62
2019-05;please;donate;62
2019-05;natural;teeth;58
2019-05;could;grow;57
2019-06;grow;teeth;193
2019-06;teeth;months;192
2019-06;stem;cell;192
2019-06;could;grow;155
2019-06;cell;could;154
2019-06;missing;teeth;90
2019-06;sinus;lift;77
2019-06;months;stem;74
2019-06;lift;surgery;74
2019-06;floor;developing;73
2019-07;grow;teeth;80
2019-07;stem;cell;77
2019-07;teeth;months;76
2019-07;missing;teeth;76
2019-07;could;grow;75
2019-07;cell;could;72
2019-07;natural;teeth;60
2019-07;gyaltsan;dewey;50
2019-07;dewey;reeves;50
2019-07;lozang;gyaltsan;50
2019-08;natural;teeth;70
2019-08;missing;teeth;59
2019-08;replace;missing;29
2019-08;missing;tooth;25
2019-08;tooth;replacement;23
2019-08;merge;preserve;20
2019-08;preserve;jawbone;20
2019-08;designed;merge;20
2019-08;floss;care;18
2019-08;grow;teeth;18
2019-09;natural;teeth;76
2019-09;missing;teeth;64
2019-09;tooth;replacement;52
2019-09;like;natural;50
2019-09;last;lifetime;39
2019-09;replace;missing;36
2019-09;look;function;32
2019-09;feel;like;31
2019-09;teeth;last;29
2019-09;replacement;look;28
2019-10;natural;teeth;52
2019-10;missing;teeth;47
2019-10;like;natural;33
2019-10;missing;tooth;27
2019-10;replacement;option;27
2019-10;function;like;25
2019-10;tooth;replacement;20
2019-10;teeth;normally;19
2019-10;designed;function;19
2019-10;multiple;teeth;18
2019-11;missing;teeth;49
2019-11;natural;teeth;36
2019-11;replace;missing;23
2019-11;best;option;21
2019-11;missing;tooth;18
2019-11;right;choice;17
2019-11;procedure;find;17
2019-11;recently;grown;16
2019-11;subiaco;practice;16
2019-11;practice;recently;16
