2016-08;certificate;training;224
2016-08;bharat;agravat;224
2016-08;prestigious;certificate;224
2016-08;receives;prestigious;224
2016-08;agravat;receives;224
2016-08;training;bharat;213
2016-08;teeth;study;27
2016-08;model;teeth;27
2016-08;demonstration;model;24
2016-08;study;teach;18
2016-09;grand;view;243
2016-09;view;research;242
2016-09;demand;tooth;234
2016-09;tooth;teeth;234
2016-09;teeth;replacement;234
2016-09;research;market;234
2016-09;market;witness;233
2016-09;witness;enhanced;233
2016-09;enhanced;demand;233
2016-09;replacement;till;231
2016-10;model;teeth;29
2016-10;teeth;study;27
2016-10;demonstration;model;27
2016-10;global;market;27
2016-10;medical;curios;24
2016-10;artwork;sale;23
2016-10;sale;medical;23
2016-10;prosthetics;market;23
2016-10;study;teach;21
2016-10;teach;model;19
2016-11;leading;implantologist;191
2016-11;implantologist;bharat;191
2016-11;share;training;191
2016-11;bharat;agravat;191
2016-11;agravat;learns;191
2016-11;training;advanced;191
2016-11;learns;share;191
2016-11;market;witness;186
2016-11;witness;growth;185
2016-11;owing;road;185
2016-12;geography;scope;271
2016-12;market;type;271
2016-12;scope;summary;271
2016-12;type;geography;271
2016-12;summary;forecast;270
2016-12;forecast;market;264
2016-12;model;teeth;59
2016-12;teeth;study;50
2016-12;crushed;press;48
2016-12;ceramic;crushed;48
2017-01;industry;market;264
2017-01;sourced;databases;263
2017-01;data;sourced;263
2017-01;market;based;263
2017-01;databases;secondary;263
2017-01;based;data;263
2017-01;secondary;primary;262
2017-01;primary;research;261
2017-01;research;industry;261
2017-01;celebrates;years;235
2017-02;global;market;170
2017-02;surpass;million;151
2017-02;market;surpass;148
2017-02;million;global;143
2017-02;cosmetic;dentist;17
2017-02;dentistry;cosmetic;17
2017-02;cosmetic;dentistry;17
2017-02;tooth;model;12
2017-02;teeth;study;12
2017-02;model;teeth;12
2017-03;global;market;270
2017-03;research;report;257
2017-03;market;research;255
2017-03;market;analysis;242
2017-03;trends;forecast;237
2017-03;forecast;market;236
2017-03;analysis;share;236
2017-03;share;trends;236
2017-03;report;global;232
2017-03;research;markets;30
2017-04;market;opportunities;65
2017-04;growth;drivers;63
2017-04;opportunities;growth;61
2017-04;drivers;trends;61
2017-04;trends;demand;61
2017-04;demand;share;61
2017-04;share;analysis;60
2017-04;analysis;market;56
2017-04;titanium;market;43
2017-04;products;treatments;41
2017-05;market;research;42
2017-05;research;report;40
2017-05;market;expected;40
2017-05;stephen;deloach;36
2017-05;expert;chosen;36
2017-05;upcoming;book;36
2017-05;tooth;restoration;36
2017-05;chosen;upcoming;36
2017-05;deloach;tooth;36
2017-05;restoration;expert;36
2017-06;market;expected;319
2017-06;expected;reach;315
2017-06;global;market;180
2017-06;reach;credence;167
2017-06;credence;research;167
2017-06;research;global;151
2017-06;reach;million;143
2017-06;million;market;139
2017-06;research;report;49
2017-06;analysis;forecast;43
2017-07;grand;view;149
2017-07;demand;tooth;148
2017-07;teeth;replacement;148
2017-07;replacement;till;148
2017-07;till;grand;148
2017-07;increasing;demand;148
2017-07;driven;increasing;148
2017-07;tooth;teeth;148
2017-07;market;driven;148
2017-07;view;market;143
2017-08;offered;corporate;34
2017-08;holtzclaw;achieves;34
2017-08;related;research;34
2017-08;research;holtzclaw;34
2017-08;lakes;education;34
2017-08;center;october;34
2017-08;course;offered;34
2017-08;education;center;34
2017-08;corporate;lakes;34
2017-08;achieves;citations;33
2017-09;chinese;robot;636
2017-09;first;automated;544
2017-09;robot;performed;540
2017-09;performed;first;517
2017-09;automated;chinese;480
2017-09;world;first;226
2017-09;first;autonomous;201
2017-09;autonomous;robot;201
2017-09;robot;china;201
2017-09;china;world;114
2017-10;nursing;course;30
2017-10;miss;nursing;29
2017-10;hale;book;29
2017-10;running;november;29
2017-10;course;running;29
2017-10;november;hale;29
2017-10;dentalnurses;miss;29
2017-10;book;training;27
2017-10;done;trained;16
2017-10;surgery;best;16
2017-11;nanotechnology;market;217
2017-11;market;segmentation;215
2017-11;segmentation;regions;215
2017-11;production;consumption;215
2017-11;regions;production;215
2017-11;market;legendary;211
2017-11;players;forecasted;211
2017-11;legendary;players;211
2017-11;consumption;revenue;211
2017-11;revenue;shares;211
2017-12;hill;periodontist;37
2017-12;seminar;hosted;37
2017-12;periodontist;surgeon;37
2017-12;hosted;chapel;37
2017-12;chapel;hill;37
2017-12;surgeon;seminar;30
2017-12;abutment;systems;25
2017-12;press;release;20
2017-12;global;market;20
2017-12;market;research;18
2018-01;nano;surface;154
2018-01;surface;market;154
2018-01;global;nano;154
2018-01;market;size;152
2018-01;trends;market;152
2018-01;industry;trends;152
2018-01;market;industry;152
2018-01;segments;growth;152
2018-01;size;segments;152
2018-01;radiant;insights;151
2018-02;cosmetic;dentist;101
2018-02;pearl;district;101
2018-02;district;downtown;101
2018-02;portland;interviewed;101
2018-02;dentist;pearl;101
2018-02;interviewed;solutions;101
2018-02;downtown;portland;101
2018-02;solutions;cosmetic;95
2018-02;german;manufacturer;13
2018-02;manufacturer;bredent;13
2018-03;cosmetic;dentist;468
2018-03;interview;cosmetic;461
2018-03;significant;growth;167
2018-03;market;projected;167
2018-03;projected;witness;167
2018-03;witness;significant;167
2018-03;growth;radiant;165
2018-03;radiant;insights;165
2018-03;insights;market;159
2018-03;beach;interview;96
2018-04;cosmetic;dentist;189
2018-04;talks;interview;188
2018-04;interview;cosmetic;184
2018-04;explosive;growth;170
2018-04;market;enjoy;170
2018-04;enjoy;explosive;170
2018-04;market;anticipated;168
2018-04;healthy;cagr;168
2018-04;around;grand;168
2018-04;anticipated;register;168
2018-05;talks;interview;87
2018-05;diego;encinitas;87
2018-05;dentist;diego;87
2018-05;encinitas;talks;87
2018-05;interview;dentist;84
2018-05;riyadh;symposium;75
2018-05;saudiarabia;riyadh;72
2018-05;riyadh;doctors;72
2018-05;symposium;saudi;72
2018-05;saudi;saudiarabia;72
2018-07;technical;advancement;111
2018-07;market;growing;111
2018-07;growing;technical;111
2018-07;advancement;industry;111
2018-07;project;cagr;111
2018-07;industry;project;111
2018-07;cagr;market;106
2018-07;techniques;overdentures;2
2018-07;friends;colleagues;2
2018-07;restorative;techniques;2
2018-08;growing;every;10
2018-08;number;people;10
2018-08;every;year;10
2018-08;people;growing;10
2018-08;year;number;7
2018-08;market;worth;6
2018-08;possible;diabetics;4
2018-08;coming;fall;4
2018-08;comfort;office;4
2018-08;introducing;webinars;4
2018-09;prosthetics;market;107
2018-09;detail;product;105
2018-09;manufacturer;detail;105
2018-09;market;manufacturer;105
2018-09;types;size;105
2018-09;size;demand;105
2018-09;product;types;105
2018-09;demand;prosthetics;101
2018-09;global;market;13
2018-09;outlook;report;12
2018-10;market;expected;201
2018-10;global;market;179
2018-10;research;report;178
2018-10;market;size;138
2018-10;market;analysis;124
2018-10;institut;straumann;123
2018-10;report;global;119
2018-10;expected;reach;109
2018-10;trends;growth;97
2018-10;insights;analysis;94
2018-11;titanium;market;51
2018-11;market;analysis;47
2018-11;analysis;forecast;47
2018-11;research;firm;47
2018-11;available;research;47
2018-11;made;available;47
2018-11;forecast;made;47
2018-11;market;surge;33
2018-11;surge;cagr;33
2018-11;global;market;26
2018-12;outlook;report;93
2018-12;market;outlook;65
2018-12;updated;prices;63
2018-12;report;updated;63
2018-12;procedures;outlook;62
2018-12;outlook;provides;29
2018-12;sales;consultant;20
2018-12;market;data;15
2018-12;provides;market;13
2018-12;united;states;11
2019-01;growing;cagr;75
2019-01;market;growing;75
2019-01;cagr;forecast;75
2019-01;forecast;period;75
2019-01;distracter;market;75
2019-01;period;distracter;70
2019-01;market;outlook;29
2019-01;obectives;aeedc;18
2019-01;aeedc;dubai;18
2019-01;course;description;18
2019-02;labradors;experiment;162
2019-02;fury;university;162
2019-02;kill;labradors;162
2019-02;plans;kill;162
2019-02;university;plans;162
2019-02;experiment;fury;108
2019-02;gothenburg;university;72
2019-02;dogs;euthanised;71
2019-02;dentsply;sirona;71
2019-02;healthy;dogs;71
2019-03;university;gothenburg;182
2019-03;research;dogs;182
2019-03;dogs;university;181
2019-03;stop;research;164
2019-03;gothenburg;sign;131
2019-03;sign;petition;131
2019-03;petition;stop;107
2019-03;gothenburg;stop;33
2019-03;killed;research;14
2019-03;dogs;killed;14
2019-04;prosthetics;market;89
2019-04;market;prosthetics;86
2019-04;market;cagr;85
2019-04;forecast;period;85
2019-04;cagr;forecast;84
2019-04;reach;million;74
2019-04;market;reach;73
2019-04;cagr;market;72
2019-04;period;market;69
2019-04;million;cagr;64
2019-05;complement;proven;9
2019-05;proven;documented;9
2019-05;delivering;solutions;9
2019-05;documented;systems;9
2019-05;solutions;complement;9
2019-05;global;market;8
2019-05;prosthetics;market;8
2019-05;clearchoice;centers;7
2019-05;growth;trends;7
2019-05;industry;analysis;6
2019-06;university;gothenburg;95
2019-06;stop;research;95
2019-06;research;dogs;95
2019-06;dogs;university;95
2019-06;sign;petition;31
2019-06;gothenburg;sign;31
2019-06;gothenburg;stop;31
2019-06;petition;stop;29
2019-06;sales;consultant;29
2019-06;gothenburg;idiocy;25
2019-07;reach;million;28
2019-07;market;reach;27
2019-07;million;dentalindustry;24
2019-07;sales;consultant;24
2019-07;healthcare;gdpuk;23
2019-07;dentistry;news;23
2019-07;news;healthcare;23
2019-07;dentalindustry;dentistry;23
2019-07;last;years;19
2019-07;typically;last;19
2019-08;expertscape;world;17
2019-08;world;expert;17
2019-08;recognized;expertscape;17
2019-08;sales;consultant;16
2019-08;expert;congratulations;14
2019-08;market;size;11
2019-08;clearchoice;centers;10
2019-08;market;insights;9
2019-08;market;surpass;9
2019-08;million;coherent;9
2019-09;sales;consultant;63
2019-09;working;clearchoice;17
2019-09;consultant;sales;17
2019-09;consultant;traveling;14
2019-09;nanotechnology;market;12
2019-09;clearchoice;centers;12
2019-09;clearchoice;means;11
2019-09;part;dynamic;11
2019-09;jobs;work;11
2019-09;seeking;sales;11
2019-10;opportunities;challenges;34
2019-10;market;opportunities;34
2019-10;proud;announce;30
2019-10;cheng;associates;30
2019-10;offer;chamblee;30
2019-10;announce;offer;30
2019-10;associates;proud;30
2019-10;chamblee;cheng;29
2019-10;challenges;market;29
2019-10;sales;consultant;28
2019-11;click;link;12
2019-11;link;riyadh;10
2019-11;industry;share;10
2019-11;online;registration;10
2019-11;forecast;analysis;10
2019-11;basic;online;10
2019-11;share;size;10
2019-11;trends;forecast;10
2019-11;size;trends;10
2019-11;report;industry;10
