2016-08;center;announces;381
2016-08;read;blog;336
2016-08;francisco;center;324
2016-08;announces;updated;324
2016-08;missing;teeth;303
2016-08;updated;francisco;278
2016-08;high;quality;156
2016-08;taking;look;153
2016-08;look;treatment;153
2016-08;helps;edentulous;143
2016-09;missing;teeth;301
2016-09;read;blog;169
2016-09;offers;affordable;136
2016-09;comprehensive;services;134
2016-09;sydney;offers;134
2016-09;affordable;comprehensive;134
2016-09;tooth;sydney;134
2016-09;services;tooth;123
2016-09;cosmetic;dentistry;92
2016-09;permanent;solution;83
2016-10;dentist;offers;424
2016-10;lake;jackson;420
2016-10;general;dentistry;420
2016-10;including;braces;418
2016-10;jackson;dentist;418
2016-10;offers;general;418
2016-10;dentistry;including;418
2016-10;braces;lake;403
2016-10;missing;teeth;378
2016-10;read;blog;168
2016-11;missing;teeth;332
2016-11;high;quality;235
2016-11;price;mexico;225
2016-11;third;price;225
2016-11;mexico;high;225
2016-11;quality;third;205
2016-11;read;blog;193
2016-11;toll;free;161
2016-11;call;toll;156
2016-11;added;video;117
2016-12;missing;tooth;448
2016-12;costa;rica;437
2016-12;cosmetic;dentist;427
2016-12;prices;amazing;417
2016-12;style;costa;417
2016-12;clinic;prices;417
2016-12;amazing;style;417
2016-12;rica;clinic;405
2016-12;dentist;angeles;366
2016-12;maintenance;cosmetic;365
2017-01;missing;teeth;325
2017-01;read;blog;171
2017-01;pierre;fauchard;111
2017-01;inducts;bernard;111
2017-01;fialkoff;elite;111
2017-01;group;periodontal;111
2017-01;elite;group;111
2017-01;bernard;fialkoff;111
2017-01;fauchard;academy;111
2017-01;academy;inducts;111
2017-02;missing;teeth;303
2017-02;real;teeth;156
2017-02;read;blog;153
2017-02;installing;installing;135
2017-02;look;feel;92
2017-02;teeth;look;81
2017-02;shape;real;79
2017-02;fundamental;shape;79
2017-02;feel;like;78
2017-02;like;real;76
2017-03;choice;teeth;1013
2017-03;center;choice;1013
2017-03;diego;center;1013
2017-03;teeth;diego;1002
2017-03;teeth;whitening;401
2017-03;west;cape;381
2017-03;town;offering;381
2017-03;cape;town;381
2017-03;offering;teeth;381
2017-03;whitening;orthodontics;381
2017-04;alternative;solution;672
2017-04;texas;alternative;672
2017-04;houston;texas;672
2017-04;bishara;houston;672
2017-04;solution;bishara;658
2017-04;missing;teeth;259
2017-04;sitemap;price;227
2017-04;price;guide;227
2017-04;guide;sitemap;220
2017-04;diego;diego;188
2017-05;missing;teeth;318
2017-05;implantcenterlosangeles;losangelesimplantcenter;268
2017-05;cent;angeles;268
2017-05;angeles;implantcenterlosangeles;268
2017-05;best;cent;268
2017-05;losangelesimplantcenter;best;265
2017-05;dentistry;procedure;231
2017-05;dentist;cost;185
2017-05;cost;care;184
2017-05;care;clinic;184
2017-06;missing;teeth;344
2017-06;fort;collins;248
2017-06;collins;owens;232
2017-06;owens;fort;224
2017-06;technology;trust;207
2017-06;trust;technology;200
2017-06;cosmetic;dentistry;129
2017-06;read;blog;124
2017-06;dentist;philadelphia;114
2017-06;call;today;104
2017-07;missing;teeth;387
2017-07;cosmetic;dentistry;160
2017-07;veneers;case;150
2017-07;crown;veneers;150
2017-07;technology;trust;139
2017-07;trust;technology;136
2017-07;replace;missing;134
2017-07;call;today;130
2017-07;cosmetic;dentist;123
2017-07;oral;surgeon;108
2017-08;cosmetic;dentist;397
2017-08;long;island;362
2017-08;nutley;long;361
2017-08;island;queens;361
2017-08;manhattan;nutley;361
2017-08;york;jersey;361
2017-08;specialists;york;361
2017-08;jersey;manhattan;361
2017-08;queens;specialists;358
2017-08;dentist;houston;358
2017-09;missing;teeth;446
2017-09;general;dentistry;213
2017-09;visit;needs;212
2017-09;needs;general;212
2017-09;bridges;crowns;161
2017-09;dentistry;veneers;160
2017-09;veneers;bridges;107
2017-09;crowns;dentistinvancouverwa;105
2017-09;harrell;center;99
2017-09;center;charlotte;98
2017-10;austin;center;537
2017-10;quality;abroad;411
2017-10;premium;quality;411
2017-10;abroad;hungary;411
2017-10;missing;teeth;339
2017-10;oral;surgery;317
2017-10;teeth;info;273
2017-10;center;teeth;271
2017-10;info;austin;267
2017-10;center;oral;267
2017-11;missing;teeth;358
2017-11;cosmetic;dentistry;244
2017-11;technology;trust;219
2017-11;dentistry;teeth;212
2017-11;dentistry;services;210
2017-11;trust;technology;208
2017-11;benefits;cosmetic;206
2017-11;services;benefits;205
2017-11;offers;many;204
2017-11;teeth;cleanings;204
2017-12;missing;teeth;360
2017-12;boost;confidence;253
2017-12;technology;trust;201
2017-12;trust;technology;198
2017-12;replace;missing;150
2017-12;confidence;reginadentist;146
2017-12;reginadentist;boost;143
2017-12;confidence;boost;103
2017-12;dentist;near;71
2017-12;near;pisa;70
2018-01;missing;teeth;298
2018-01;replace;missing;93
2018-01;missing;tooth;76
2018-01;redondo;beach;75
2018-01;beach;south;74
2018-01;torrance;redondo;74
2018-01;south;dentists;74
2018-01;call;office;65
2018-01;dentists;torrance;57
2018-01;lease;life;55
2018-02;missing;teeth;330
2018-02;means;payment;202
2018-02;accepted;means;202
2018-02;dentacoin;accepted;202
2018-02;payment;made;201
2018-02;excited;announce;200
2018-02;community;excited;200
2018-02;announce;dentacoin;200
2018-02;dear;community;200
2018-02;call;today;127
2018-03;missing;teeth;354
2018-03;cosmetic;dentist;197
2018-03;oral;surgery;108
2018-03;replace;missing;104
2018-03;wisdom;teeth;97
2018-03;general;dentistry;95
2018-03;northline;interview;93
2018-03;dentist;north;93
2018-03;north;houston;93
2018-03;houston;northline;93
2018-04;missing;teeth;218
2018-04;cosmetic;dentist;199
2018-04;talks;interview;188
2018-04;interview;cosmetic;182
2018-04;latest;technologies;165
2018-04;oasis;family;163
2018-04;family;offers;163
2018-04;technologies;services;163
2018-04;offers;latest;163
2018-04;services;oasis;154
2018-05;dentist;north;122
2018-05;north;york;120
2018-05;cosmetic;dentist;87
2018-05;talks;interview;86
2018-05;heights;talks;86
2018-05;houston;independence;86
2018-05;north;houston;86
2018-05;independence;heights;86
2018-05;scores;offering;83
2018-05;dentists;scores;83
2018-07;north;york;80
2018-07;bayview;sheppard;69
2018-07;near;bayview;69
2018-07;missing;teeth;66
2018-07;doctor;botbol;42
2018-07;toronto;near;37
2018-07;botbol;toronto;33
2018-07;york;near;32
2018-07;hope;helps;32
2018-07;botbol;north;31
2018-08;missing;teeth;197
2018-08;beverly;hills;154
2018-08;center;beverly;151
2018-08;hills;center;130
2018-08;difference;crowns;84
2018-08;crowns;difference;68
2018-08;north;york;44
2018-08;replace;missing;37
2018-08;replacing;missing;37
2018-08;crooked;teeth;36
2018-09;missing;teeth;404
2018-09;much;cost;92
2018-09;cost;thailand;87
2018-09;thailand;guide;85
2018-09;guide;australia;85
2018-09;similar;items;83
2018-09;holes;teeth;83
2018-09;sensitive;gums;80
2018-09;crooked;teeth;78
2018-09;anything;similar;77
2018-10;missing;teeth;457
2018-10;restore;smile;193
2018-10;solution;missing;123
2018-10;replace;missing;118
2018-10;info;visit;95
2018-10;center;restore;95
2018-10;hanna;center;95
2018-10;restore;smiles;91
2018-10;mark;weingarden;88
2018-10;bone;grafts;88
2018-11;missing;teeth;444
2018-11;replace;missing;139
2018-11;francisco;announces;137
2018-11;dentaimplantstx;center;92
2018-11;surgery;cost;88
2018-11;announces;post;88
2018-11;cost;advantages;88
2018-11;advantages;risks;88
2018-11;comprehensive;dentistry;87
2018-11;afifi;comprehensive;86
2018-12;fort;collins;567
2018-12;missing;teeth;380
2018-12;cosmetic;dentistry;286
2018-12;affordable;fort;283
2018-12;collins;fort;283
2018-12;collins;mini;280
2018-12;mini;dorian;279
2018-12;general;cosmetic;238
2018-12;orange;county;232
2018-12;patients;quality;231
2019-01;root;canal;899
2019-01;wisdom;teeth;883
2019-01;offering;root;872
2019-01;canal;wisdom;872
2019-01;dentistry;office;872
2019-01;affordable;dentistry;872
2019-01;teeth;extractions;527
2019-01;extractions;veneers;524
2019-01;frisco;texas;522
2019-01;office;frisco;522
2019-02;missing;teeth;372
2019-02;labradors;killed;327
2019-02;trial;testing;325
2019-02;medical;trial;325
2019-02;killed;medical;324
2019-02;fury;university;306
2019-02;kill;labradors;306
2019-02;labradors;experiment;306
2019-02;university;plans;306
2019-02;plans;kill;306
2019-03;missing;teeth;245
2019-03;dentist;dentist;144
2019-03;dentist;stockbridge;144
2019-03;forest;park;143
2019-03;periodontist;forest;143
2019-03;stockbridge;dentist;143
2019-03;stockbridge;atlanta;143
2019-03;atlanta;periodontist;143
2019-03;park;stockbridge;98
2019-03;want;overpay;74
2019-04;missing;teeth;326
2019-04;penrith;parramatta;131
2019-04;blacktown;artarmon;131
2019-04;epping;hornsby;131
2019-04;liverpool;epping;131
2019-04;parramatta;liverpool;131
2019-04;hornsby;blacktown;131
2019-04;missing;tooth;122
2019-04;consultation;today;91
2019-04;dentist;penrith;84
2019-05;missing;teeth;424
2019-05;goodbye;dentist;209
2019-05;dentist;grows;209
2019-05;teeth;weeks;209
2019-05;grows;teeth;209
2019-05;dewey;reeves;121
2019-05;gyaltsan;dewey;121
2019-05;lozang;gyaltsan;121
2019-05;restore;smile;115
2019-05;cosmetic;dentist;109
2019-06;trump;trump;1232
2019-06;missing;teeth;358
2019-06;cosmetic;dentist;268
2019-06;dentist;john;255
2019-06;dentist;plano;255
2019-06;award;winning;255
2019-06;winning;dentist;253
2019-06;plano;plano;253
2019-06;plano;cosmetic;253
2019-06;hucklebridge;award;253
2019-07;affordable;solutions;408
2019-07;missing;teeth;323
2019-07;west;chester;140
2019-07;chester;affordable;137
2019-07;lansdale;affordable;136
2019-07;reading;affordable;134
2019-07;replacing;missing;102
2019-07;calgary;call;91
2019-07;periodontists;also;72
2019-07;dewey;reeves;72
2019-08;missing;teeth;387
2019-08;missing;tooth;115
2019-08;replace;missing;73
2019-08;call;today;73
2019-08;give;call;72
2019-08;schedule;consultation;63
2019-08;cosmetic;dentistry;57
2019-08;take;look;51
2019-08;teeth;whitening;49
2019-08;dentist;dentistry;47
2019-09;missing;teeth;253
2019-09;missing;tooth;68
2019-09;replace;missing;67
2019-09;free;consultation;63
2019-09;tooth;roots;60
2019-09;strong;foundation;58
2019-09;provide;strong;57
2019-09;replacement;tooth;56
2019-09;fixed;permanent;56
2019-09;foundation;fixed;56
2019-10;missing;teeth;199
2019-10;missing;tooth;54
2019-10;replace;missing;45
2019-10;replacing;missing;44
2019-10;free;consultation;44
2019-10;cosmetic;dentistry;42
2019-10;teeth;whitening;41
2019-10;call;today;41
2019-10;much;cost;38
2019-10;tooth;replacement;35
2019-11;missing;teeth;199
2019-11;missing;tooth;76
2019-11;replace;missing;59
2019-11;perfect;smile;56
2019-11;goodbye;perfect;55
2019-11;smile;digital;55
2019-11;city;ahmedabad;55
2019-11;package;india;55
2019-11;first;heritage;55
2019-11;heritage;city;55
