2016-08;success;rate;87
2016-08;overall;success;69
2016-08;missing;teeth;56
2016-08;teeth;overall;56
2016-08;replacing;missing;56
2016-08;people;replacing;56
2016-08;torque;wrench;49
2016-08;grow;teeth;27
2016-08;ratchet;drivers;25
2016-08;surgery;internal;25
2016-09;contra;angle;55
2016-09;success;rate;55
2016-09;years;ancient;53
2016-09;ancient;phoenicians;53
2016-09;around;thousands;53
2016-09;used;gold;53
2016-09;know;around;53
2016-09;thousands;years;53
2016-09;phoenicians;used;53
2016-09;gold;know;51
2016-10;offers;australian;131
2016-10;high;quality;131
2016-10;approved;high;131
2016-10;australian;approved;131
2016-10;professionals;offers;131
2016-10;quality;professionals;127
2016-10;success;rate;47
2016-10;contra;angle;39
2016-10;overall;success;35
2016-10;platform;internal;34
2016-11;contra;angle;92
2016-11;reduction;contra;50
2016-11;angle;handpiece;40
2016-11;brief;history;36
2016-11;history;contribution;35
2016-11;explanation;process;34
2016-11;simple;explanation;34
2016-11;reduction;handpiece;33
2016-11;process;simple;31
2016-11;straight;abutment;25
2016-12;press;ceramic;235
2016-12;hydrualic;press;235
2016-12;ceramic;hydrualic;195
2016-12;evolution;challenging;157
2016-12;challenging;school;157
2016-12;thought;looking;134
2016-12;looking;established;134
2016-12;school;thought;134
2016-12;established;evolution;129
2016-12;antibacterial;activity;106
2017-01;reservoir;reduces;253
2017-01;drug;reservoir;180
2017-01;reduces;infection;177
2017-01;infection;risk;176
2017-01;contra;angle;133
2017-01;designed;facilitate;125
2017-01;activity;designed;122
2017-01;facilitate;integration;122
2017-01;antibacterial;activity;122
2017-01;integration;bone;106
2017-02;contra;angle;80
2017-02;torque;wrench;47
2017-02;angle;handpiece;41
2017-02;reduction;contra;38
2017-02;check;torque;31
2017-02;style;reduction;21
2017-02;need;know;21
2017-02;motor;reduction;20
2017-02;diabetes;need;19
2017-02;reduction;handpiece;17
2017-03;reduce;failure;138
2017-03;successful;method;97
2017-03;method;reduce;97
2017-03;identifies;successful;94
2017-03;study;identifies;94
2017-03;torque;wrench;91
2017-03;nanocoating;successful;73
2017-03;failure;study;67
2017-03;check;torque;66
2017-03;reduce;risk;49
2017-04;launches;system;69
2017-04;company;launches;69
2017-04;leads;industry;69
2017-04;tech;company;69
2017-04;system;generate;69
2017-04;generate;leads;69
2017-04;industry;tech;68
2017-04;success;rate;53
2017-04;torque;wrench;34
2017-04;reduce;failure;28
2017-05;cost;cost;358
2017-05;torque;wrench;68
2017-05;benefits;maui;55
2017-05;broken;screw;53
2017-05;screw;removal;52
2017-05;removal;remover;49
2017-05;retrieval;restoration;49
2017-05;remover;retrieval;49
2017-05;maui;benefits;48
2017-05;possible;people;25
2017-06;cost;cost;403
2017-06;torque;wrench;90
2017-06;broken;screw;61
2017-06;removal;remover;58
2017-06;screw;removal;58
2017-06;retrieval;restoration;58
2017-06;remover;retrieval;58
2017-06;restoration;cost;32
2017-06;cost;torque;32
2017-06;across;centuries;31
2017-07;cost;cost;288
2017-07;torque;wrench;73
2017-07;broken;screw;62
2017-07;removal;remover;61
2017-07;screw;removal;61
2017-07;retrieval;restoration;61
2017-07;remover;retrieval;61
2017-07;restoration;cost;33
2017-07;cost;torque;31
2017-07;wrench;cost;28
2017-08;million;americans;72
2017-08;americans;successful;72
2017-08;successful;million;60
2017-08;torque;wrench;59
2017-08;broken;screw;55
2017-08;removal;remover;54
2017-08;screw;removal;54
2017-08;retrieval;restoration;54
2017-08;remover;retrieval;54
2017-08;nobel;biocare;49
2017-09;technology;trust;168
2017-09;trust;technology;167
2017-09;nobel;biocare;164
2017-09;torque;wrench;79
2017-09;nobelactive;sealed;68
2017-09;biocare;active;68
2017-09;active;nobelactive;68
2017-09;broken;screw;64
2017-09;removal;remover;57
2017-09;screw;removal;57
2017-10;cost;cost;321
2017-10;technology;trust;200
2017-10;trust;technology;197
2017-10;torque;wrench;86
2017-10;features;doctor;69
2017-10;know;positive;69
2017-10;doctor;prescriptions;69
2017-10;positive;features;69
2017-10;nobel;biocare;68
2017-10;prescriptions;know;65
2017-11;cost;cost;401
2017-11;nobel;biocare;103
2017-11;tapered;groovy;42
2017-11;biocare;tapered;39
2017-11;cost;nobel;38
2017-11;features;medaka;36
2017-11;know;positive;36
2017-11;know;help;36
2017-11;medaka;doctor;36
2017-11;positive;features;36
2017-12;cost;cost;196
2017-12;advantages;advantages;74
2017-12;nobel;biocare;61
2017-12;contra;angle;40
2017-12;know;positive;39
2017-12;features;medaka;39
2017-12;positive;features;39
2017-12;medaka;doctor;39
2017-12;doctor;know;35
2017-12;grow;teeth;27
2018-01;cost;cost;525
2018-01;success;rate;36
2018-01;need;know;20
2018-01;rate;percent;19
2018-01;beat;odds;18
2018-01;know;need;18
2018-01;overall;success;17
2018-01;know;overall;17
2018-01;percent;beat;17
2018-01;contra;angle;14
2018-02;spineguard;adin;462
2018-02;networking;business;456
2018-02;forbes;nasdaq;456
2018-02;bloomberg;thestreet;456
2018-02;chicago;digitalmarkiting;456
2018-02;nasdaq;chicago;456
2018-02;nytimes;reuters;456
2018-02;jimmyfallon;forbes;456
2018-02;thestreet;jimmyfallon;456
2018-02;reuters;bloomberg;456
2018-03;networking;business;446
2018-03;forbes;nasdaq;446
2018-03;bloomberg;thestreet;446
2018-03;chicago;digitalmarkiting;446
2018-03;nasdaq;chicago;446
2018-03;jimmyfallon;forbes;446
2018-03;nytimes;reuters;446
2018-03;thestreet;jimmyfallon;446
2018-03;reuters;bloomberg;446
2018-03;business;foxnews;446
2018-04;tooth;sydney;98
2018-04;sydney;announces;98
2018-04;australian;approved;98
2018-04;approved;brands;98
2018-04;announces;australian;98
2018-04;brands;tooth;92
2018-04;origin;origin;75
2018-04;networking;business;52
2018-04;forbes;nasdaq;52
2018-04;bloomberg;thestreet;52
2018-05;cost;cost;45
2018-05;mini;theyre;10
2018-05;heard;mini;10
2018-05;affordable;learn;10
2018-05;theyre;affordable;10
2018-05;learn;heard;9
2018-05;bone;graft;5
2018-05;know;facts;4
2018-05;bone;grafts;3
2018-05;facial;issues;3
2018-07;million;investment;26
2018-07;secure;million;25
2018-07;printed;secure;25
2018-07;investment;printed;13
2018-07;cleaning;system;7
2018-07;protocol;decontamination;7
2018-07;galvosurge;cleaning;7
2018-07;unique;protocol;7
2018-07;system;provides;7
2018-07;investment;printing;7
2018-08;bone;mass;14
2018-08;bone;graft;8
2018-08;material;come;7
2018-08;help;create;7
2018-08;create;secure;7
2018-08;body;shin;7
2018-08;adding;bone;7
2018-08;places;body;7
2018-08;secure;environment;7
2018-08;mass;help;7
2018-09;million;people;12
2018-09;people;united;11
2018-09;united;states;11
2018-09;full;mouth;9
2018-09;complete;smile;8
2018-09;invisalign;complete;8
2018-09;smile;makeover;8
2018-09;braces;invisalign;8
2018-09;mouth;restoration;8
2018-09;need;know;8
2018-10;takeaways;imaging;88
2018-10;imaging;takeaways;77
2018-10;made;titanium;26
2018-10;doyouknow;usually;15
2018-10;usually;made;15
2018-10;titanium;dentalimplants;15
2018-10;dentalimplants;dentalclinic;15
2018-10;titanium;biocompatible;10
2018-10;dentalclinic;doyouknow;9
2018-10;bone;graft;9
2018-11;bone;graft;21
2018-11;provide;sufficient;15
2018-11;graft;provide;15
2018-11;sufficient;support;15
2018-11;conventional;counterparts;14
2018-11;printed;shows;14
2018-11;made;titanium;14
2018-11;shows;promise;14
2018-11;promise;conventional;14
2018-11;support;bone;11
2018-12;torque;wrench;217
2018-12;check;torque;108
2018-12;check;drivers;104
2018-12;short;long;101
2018-12;check;straumann;79
2018-12;straumann;torque;73
2018-12;long;check;65
2018-12;long;short;62
2018-12;drivers;straumann;61
2018-12;short;torque;55
2019-01;certified;premium;18
2019-01;premium;quality;18
2019-01;approved;certified;18
2019-01;offer;australian;18
2019-01;professionals;offer;18
2019-01;australian;approved;18
2019-01;quality;professionals;16
2019-01;torque;wrench;12
2019-01;check;torque;8
2019-01;dentalimplants;harrow;7
2019-02;dentalimplants;cosmeticdentistry;46
2019-02;dentsply;sirona;33
2019-02;world;admitted;32
2019-02;dogs;gothenburg;32
2019-02;please;call;32
2019-02;sirona;manufacturer;32
2019-02;admitted;funding;32
2019-02;call;recind;32
2019-02;research;dogs;32
2019-02;euthanisia;labradors;32
2019-03;star;system;12
2019-03;medical;showcases;12
2019-03;showcases;star;12
2019-03;meoplant;medical;12
2019-03;certain;foods;11
2019-03;type;problem;11
2019-03;traditional;dentures;11
2019-03;make;eating;11
2019-03;problem;dentalimplants;11
2019-03;dentalimplants;falseteeth;11
2019-04;bone;grafting;37
2019-04;short;long;34
2019-04;torque;wrench;27
2019-04;grafting;bone;25
2019-04;check;torque;22
2019-04;available;europe;19
2019-04;straumann;available;19
2019-04;system;straumann;19
2019-04;driver;straumann;18
2019-04;material;used;15
2019-05;success;rate;27
2019-05;bone;graft;24
2019-05;missing;teeth;22
2019-05;disproves;need;20
2019-05;need;antibiotic;20
2019-05;prevention;infections;20
2019-05;prophylaxis;prevention;20
2019-05;study;disproves;20
2019-05;antibiotic;prophylaxis;20
2019-05;learn;solution;19
2019-06;conical;connection;45
2019-06;full;conical;21
2019-06;lock;abutment;21
2019-06;abutment;full;21
2019-06;connection;nobel;21
2019-06;nobel;lock;18
2019-06;sterilized;titanium;16
2019-06;narrow;platform;14
2019-06;regular;platform;13
2019-06;abutment;conical;11
2019-07;different;types;16
2019-07;restoration;know;16
2019-07;types;restoration;16
2019-07;know;different;10
2019-07;bone;grafting;8
2019-07;healthy;beautifulsmile;7
2019-07;conical;connection;6
2019-07;totalimplant;check;6
2019-07;torque;wrench;6
2019-07;help;make;6
2019-08;torque;wrench;59
2019-08;short;long;58
2019-08;check;drivers;48
2019-08;check;torque;37
2019-08;straumann;check;30
2019-08;drivers;short;30
2019-08;long;straumann;27
2019-08;drivers;universal;23
2019-08;check;straumann;21
2019-08;drivers;straumann;21
2019-09;titanium;used;27
2019-09;types;restoration;22
2019-09;different;types;22
2019-09;restoration;know;22
2019-09;used;create;20
2019-09;create;posts;19
2019-09;know;different;17
2019-09;posts;titanium;15
2019-09;beautiful;restoration;13
2019-09;make;beautiful;13
2019-10;short;long;64
2019-10;torque;wrench;63
2019-10;check;torque;41
2019-10;wrench;drivers;40
2019-10;drivers;short;37
2019-10;long;check;36
2019-10;different;types;33
2019-10;restoration;know;33
2019-10;types;restoration;33
2019-10;know;different;23
2019-11;different;types;40
2019-11;restoration;know;40
2019-11;types;restoration;40
2019-11;know;different;32
2019-11;torque;wrench;14
2019-11;orthognatic;surgery;9
2019-11;facial;trauma;9
2019-11;wisdom;teeth;9
2019-11;aaoms;fullscope;9
2019-11;pathology;facial;9
