2016-08;bharat;agravat;receives;224
2016-08;prestigious;certificate;training;224
2016-08;receives;prestigious;certificate;224
2016-08;agravat;receives;prestigious;224
2016-08;training;bharat;agravat;213
2016-08;certificate;training;bharat;213
2016-08;model;teeth;study;27
2016-08;demonstration;model;teeth;24
2016-08;study;teach;model;15
2016-08;teeth;study;teach;15
2016-09;grand;view;research;242
2016-09;demand;tooth;teeth;234
2016-09;view;research;market;234
2016-09;tooth;teeth;replacement;234
2016-09;market;witness;enhanced;233
2016-09;enhanced;demand;tooth;233
2016-09;witness;enhanced;demand;233
2016-09;teeth;replacement;till;231
2016-09;replacement;till;grand;230
2016-09;till;grand;view;230
2016-10;demonstration;model;teeth;27
2016-10;model;teeth;study;27
2016-10;artwork;sale;medical;23
2016-10;sale;medical;curios;23
2016-10;study;teach;model;19
2016-10;teeth;study;teach;19
2016-10;sale;demonstration;model;16
2016-10;continuum;module;comprehensive;15
2016-10;open;continuum;module;15
2016-10;module;comprehensive;university;15
2016-11;share;training;advanced;191
2016-11;bharat;agravat;learns;191
2016-11;learns;share;training;191
2016-11;implantologist;bharat;agravat;191
2016-11;leading;implantologist;bharat;191
2016-11;agravat;learns;share;191
2016-11;growth;based;rising;185
2016-11;training;advanced;leading;185
2016-11;injuries;owing;road;185
2016-11;rising;number;injuries;185
2016-12;market;type;geography;271
2016-12;type;geography;scope;271
2016-12;geography;scope;summary;271
2016-12;scope;summary;forecast;270
2016-12;summary;forecast;market;262
2016-12;forecast;market;type;262
2016-12;model;teeth;study;50
2016-12;ceramic;crushed;press;48
2016-12;demonstration;model;teeth;37
2016-12;study;teach;model;35
2017-01;market;based;data;263
2017-01;data;sourced;databases;263
2017-01;sourced;databases;secondary;263
2017-01;based;data;sourced;263
2017-01;databases;secondary;primary;262
2017-01;secondary;primary;research;261
2017-01;primary;research;industry;261
2017-01;industry;market;based;257
2017-01;research;industry;market;257
2017-01;agravat;clinic;ahmedabad;235
2017-02;global;market;surpass;148
2017-02;market;surpass;million;148
2017-02;million;global;market;143
2017-02;surpass;million;global;142
2017-02;cosmetic;dentistry;cosmetic;17
2017-02;dentistry;cosmetic;dentist;17
2017-02;model;teeth;study;12
2017-02;free;botox;faces;11
2017-02;botox;faces;facelifts;11
2017-02;dime;american;enraged;11
2017-03;market;research;report;243
2017-03;global;market;analysis;237
2017-03;trends;forecast;market;236
2017-03;share;trends;forecast;236
2017-03;market;analysis;share;236
2017-03;forecast;market;research;236
2017-03;analysis;share;trends;236
2017-03;report;global;market;231
2017-03;research;report;global;229
2017-03;implantologists;years;education;28
2017-04;drivers;trends;demand;61
2017-04;trends;demand;share;61
2017-04;growth;drivers;trends;61
2017-04;market;opportunities;growth;61
2017-04;opportunities;growth;drivers;61
2017-04;demand;share;analysis;57
2017-04;share;analysis;market;56
2017-04;analysis;market;opportunities;56
2017-04;titanium;market;europe;41
2017-04;premium;quality;products;41
2017-05;market;research;report;38
2017-05;restoration;expert;chosen;36
2017-05;stephen;deloach;tooth;36
2017-05;chosen;upcoming;book;36
2017-05;tooth;restoration;expert;36
2017-05;expert;chosen;upcoming;36
2017-05;deloach;tooth;restoration;36
2017-05;market;expected;grow;35
2017-05;upcoming;book;stephen;32
2017-05;book;stephen;deloach;32
2017-06;market;expected;reach;311
2017-06;expected;reach;credence;167
2017-06;reach;credence;research;167
2017-06;global;market;expected;167
2017-06;credence;research;global;151
2017-06;research;global;market;151
2017-06;expected;reach;million;143
2017-06;reach;million;market;139
2017-06;million;market;expected;138
2017-06;global;surgery;tools;42
2017-07;replacement;till;grand;148
2017-07;till;grand;view;148
2017-07;increasing;demand;tooth;148
2017-07;teeth;replacement;till;148
2017-07;tooth;teeth;replacement;148
2017-07;demand;tooth;teeth;148
2017-07;market;driven;increasing;148
2017-07;driven;increasing;demand;148
2017-07;view;market;driven;143
2017-07;grand;view;market;143
2017-08;course;offered;corporate;34
2017-08;lakes;education;center;34
2017-08;education;center;october;34
2017-08;corporate;lakes;education;34
2017-08;related;research;holtzclaw;34
2017-08;research;holtzclaw;achieves;34
2017-08;offered;corporate;lakes;34
2017-08;holtzclaw;achieves;citations;33
2017-08;achieves;citations;literature;33
2017-08;center;october;course;29
2017-09;chinese;robot;performed;535
2017-09;performed;first;automated;516
2017-09;robot;performed;first;516
2017-09;automated;chinese;robot;480
2017-09;first;automated;chinese;431
2017-09;first;autonomous;robot;201
2017-09;world;first;autonomous;200
2017-09;autonomous;robot;china;195
2017-09;china;world;first;114
2017-09;robot;china;world;113
2017-10;november;hale;book;29
2017-10;course;running;november;29
2017-10;miss;nursing;course;29
2017-10;dentalnurses;miss;nursing;29
2017-10;running;november;hale;29
2017-10;nursing;course;running;29
2017-10;hale;book;training;27
2017-10;trained;surgeon;learn;16
2017-10;surgery;best;done;16
2017-10;surgeon;learn;omss;16
2017-11;nanotechnology;market;segmentation;215
2017-11;segmentation;regions;production;215
2017-11;regions;production;consumption;215
2017-11;market;segmentation;regions;215
2017-11;revenue;shares;demand;211
2017-11;shares;demand;growth;211
2017-11;demand;growth;rate;211
2017-11;forecasted;revenue;shares;211
2017-11;players;forecasted;revenue;211
2017-11;production;consumption;revenue;211
2017-12;hosted;chapel;hill;37
2017-12;hill;periodontist;surgeon;37
2017-12;seminar;hosted;chapel;37
2017-12;chapel;hill;periodontist;37
2017-12;periodontist;surgeon;seminar;30
2017-12;surgeon;seminar;hosted;30
2017-12;abutment;systems;garner;13
2017-12;systems;garner;persistence;13
2017-12;persistence;market;research;12
2017-12;garner;persistence;market;12
2018-01;nano;surface;market;154
2018-01;global;nano;surface;154
2018-01;trends;market;size;152
2018-01;size;segments;growth;152
2018-01;industry;trends;market;152
2018-01;market;size;segments;152
2018-01;surface;market;industry;152
2018-01;market;industry;trends;152
2018-01;segments;growth;prospects;151
2018-01;growth;prospects;radiant;151
2018-02;dentist;pearl;district;101
2018-02;portland;interviewed;solutions;101
2018-02;district;downtown;portland;101
2018-02;downtown;portland;interviewed;101
2018-02;cosmetic;dentist;pearl;101
2018-02;pearl;district;downtown;101
2018-02;interviewed;solutions;cosmetic;95
2018-02;solutions;cosmetic;dentist;95
2018-02;leading;german;manufacturer;13
2018-02;german;manufacturer;bredent;13
2018-03;interview;cosmetic;dentist;461
2018-03;projected;witness;significant;167
2018-03;witness;significant;growth;167
2018-03;market;projected;witness;167
2018-03;significant;growth;radiant;165
2018-03;growth;radiant;insights;165
2018-03;insights;market;projected;159
2018-03;radiant;insights;market;159
2018-03;beach;boynton;beach;96
2018-03;dentist;delray;beach;96
2018-04;talks;interview;cosmetic;184
2018-04;interview;cosmetic;dentist;184
2018-04;market;enjoy;explosive;170
2018-04;enjoy;explosive;growth;170
2018-04;market;anticipated;register;168
2018-04;healthy;cagr;around;168
2018-04;grand;view;research;168
2018-04;cagr;around;grand;168
2018-04;around;grand;view;168
2018-04;anticipated;register;healthy;168
2018-05;encinitas;talks;interview;87
2018-05;dentist;diego;encinitas;87
2018-05;diego;encinitas;talks;87
2018-05;interview;dentist;diego;84
2018-05;talks;interview;dentist;84
2018-05;saudi;saudiarabia;riyadh;72
2018-05;symposium;saudi;saudiarabia;72
2018-05;riyadh;symposium;saudi;72
2018-05;saudiarabia;riyadh;doctors;72
2018-05;doctors;riyadh;symposium;62
2018-07;growing;technical;advancement;111
2018-07;market;growing;technical;111
2018-07;technical;advancement;industry;111
2018-07;industry;project;cagr;111
2018-07;advancement;industry;project;111
2018-07;cagr;market;growing;106
2018-07;project;cagr;market;106
2018-07;combination;lectures;workshop;2
2018-07;techniques;overdentures;complication;2
2018-07;join;initiative;visionary;2
2018-08;people;growing;every;10
2018-08;growing;every;year;10
2018-08;number;people;growing;10
2018-08;every;year;number;7
2018-08;year;number;people;7
2018-08;comfort;office;home;4
2018-08;webinars;coming;fall;4
2018-08;fall;take;course;4
2018-08;course;comfort;office;4
2018-08;introducing;webinars;coming;4
2018-09;detail;product;types;105
2018-09;types;size;demand;105
2018-09;market;manufacturer;detail;105
2018-09;product;types;size;105
2018-09;prosthetics;market;manufacturer;105
2018-09;manufacturer;detail;product;105
2018-09;demand;prosthetics;market;101
2018-09;size;demand;prosthetics;101
2018-09;exceed;billion;europe;11
2018-09;college;announces;upcoming;10
2018-10;market;expected;reach;109
2018-10;trends;growth;insights;94
2018-10;analysis;future;forecast;94
2018-10;market;analysis;major;94
2018-10;technology;trends;growth;94
2018-10;insights;analysis;future;94
2018-10;future;forecast;report;94
2018-10;growth;insights;analysis;94
2018-10;global;market;analysis;94
2018-10;major;manufacturers;technology;94
2018-11;market;analysis;forecast;47
2018-11;made;available;research;47
2018-11;analysis;forecast;made;47
2018-11;titanium;market;analysis;47
2018-11;available;research;firm;47
2018-11;forecast;made;available;47
2018-11;market;surge;cagr;33
2018-11;cylindrical;research;report;24
2018-11;global;cylindrical;research;24
2018-11;research;firm;global;21
2018-12;report;updated;prices;63
2018-12;outlook;report;updated;63
2018-12;procedures;outlook;report;47
2018-12;market;outlook;report;46
2018-12;market;outlook;provides;15
2018-12;procedures;outlook;provides;14
2018-12;outlook;provides;market;13
2018-12;provides;market;data;13
2018-12;outlook;provides;procedures;10
2018-12;provides;procedures;data;9
2019-01;growing;cagr;forecast;75
2019-01;cagr;forecast;period;75
2019-01;distracter;market;growing;75
2019-01;market;growing;cagr;75
2019-01;period;distracter;market;70
2019-01;forecast;period;distracter;70
2019-01;obectives;aeedc;dubai;18
2019-01;description;obectives;aeedc;18
2019-01;course;description;obectives;18
2019-01;placement;find;perform;15
2019-02;university;plans;kill;162
2019-02;plans;kill;labradors;162
2019-02;kill;labradors;experiment;162
2019-02;fury;university;plans;162
2019-02;experiment;fury;university;108
2019-02;labradors;experiment;fury;108
2019-02;dogs;euthanised;week;71
2019-02;healthy;dogs;euthanised;71
2019-02;week;gothenburg;university;71
2019-02;funded;dentsply;sirona;71
2019-03;dogs;university;gothenburg;181
2019-03;research;dogs;university;181
2019-03;stop;research;dogs;164
2019-03;gothenburg;sign;petition;131
2019-03;university;gothenburg;sign;131
2019-03;petition;stop;research;102
2019-03;sign;petition;stop;99
2019-03;university;gothenburg;stop;33
2019-03;gothenburg;stop;research;24
2019-03;dogs;killed;research;12
2019-04;market;prosthetics;market;86
2019-04;prosthetics;market;cagr;84
2019-04;market;cagr;forecast;84
2019-04;cagr;forecast;period;84
2019-04;market;reach;million;73
2019-04;cagr;market;reach;72
2019-04;forecast;period;market;69
2019-04;period;market;prosthetics;67
2019-04;reach;million;cagr;64
2019-04;million;cagr;market;64
2019-05;delivering;solutions;complement;9
2019-05;solutions;complement;proven;9
2019-05;complement;proven;documented;9
2019-05;proven;documented;systems;9
2019-05;systems;delivering;solutions;6
2019-05;documented;systems;delivering;6
2019-05;industry;analysis;size;5
2019-05;analysis;size;share;5
2019-05;size;share;growth;5
2019-05;share;growth;trends;5
2019-06;research;dogs;university;95
2019-06;dogs;university;gothenburg;95
2019-06;stop;research;dogs;95
2019-06;gothenburg;sign;petition;31
2019-06;university;gothenburg;sign;31
2019-06;university;gothenburg;stop;31
2019-06;gothenburg;stop;research;31
2019-06;petition;stop;research;29
2019-06;sign;petition;stop;29
2019-06;idiocy;must;stop;25
2019-07;market;reach;million;24
2019-07;reach;million;dentalindustry;24
2019-07;news;healthcare;gdpuk;23
2019-07;million;dentalindustry;dentistry;23
2019-07;dentalindustry;dentistry;news;23
2019-07;dentistry;news;healthcare;23
2019-07;alternatives;typically;last;19
2019-07;last;years;need;19
2019-07;years;need;replaced;19
2019-07;typically;last;years;19
2019-08;expertscape;world;expert;17
2019-08;recognized;expertscape;world;17
2019-08;world;expert;congratulations;14
2019-08;coherent;market;insights;9
2019-08;million;coherent;market;9
2019-08;surpass;million;coherent;9
2019-08;market;surpass;million;9
2019-08;share;growth;trends;8
2019-08;market;insights;market;7
2019-08;global;industry;size;7
2019-09;sales;consultant;sales;17
2019-09;consultant;sales;consultant;15
2019-09;sales;consultant;traveling;14
2019-09;part;dynamic;work;11
2019-09;means;part;dynamic;11
2019-09;traveling;sales;consultant;11
2019-09;consultant;traveling;sales;11
2019-09;clearchoice;means;part;11
2019-09;seeking;sales;consultant;11
2019-09;consultant;travel;working;10
2019-10;market;opportunities;challenges;34
2019-10;associates;proud;announce;30
2019-10;cheng;associates;proud;30
2019-10;proud;announce;offer;30
2019-10;announce;offer;chamblee;30
2019-10;opportunities;challenges;market;29
2019-10;offer;chamblee;cheng;29
2019-10;chamblee;cheng;associates;29
2019-10;challenges;market;opportunities;29
2019-10;sales;consultant;sales;9
2019-11;registration;click;link;10
2019-11;share;size;trends;10
2019-11;online;registration;click;10
2019-11;basic;online;registration;10
2019-11;trends;forecast;analysis;10
2019-11;click;link;riyadh;10
2019-11;forecast;analysis;players;10
2019-11;market;report;industry;10
2019-11;size;trends;forecast;10
2019-11;report;industry;share;10
