2016-08;center;announces;updated;324
2016-08;francisco;center;announces;324
2016-08;updated;francisco;center;278
2016-08;announces;updated;francisco;278
2016-08;taking;look;treatment;153
2016-08;melbourne;helps;edentulous;143
2016-08;find;high;quality;143
2016-08;edentulous;find;high;143
2016-08;helps;edentulous;find;143
2016-08;treatment;taking;look;134
2016-09;affordable;comprehensive;services;134
2016-09;offers;affordable;comprehensive;134
2016-09;sydney;offers;affordable;134
2016-09;tooth;sydney;offers;134
2016-09;comprehensive;services;tooth;123
2016-09;services;tooth;sydney;123
2016-09;hygiene;still;necessity;66
2016-09;keeping;good;hygiene;66
2016-09;good;hygiene;still;66
2016-09;solution;missing;teeth;62
2016-10;jackson;dentist;offers;418
2016-10;offers;general;dentistry;418
2016-10;general;dentistry;including;418
2016-10;dentistry;including;braces;418
2016-10;lake;jackson;dentist;418
2016-10;dentist;offers;general;418
2016-10;including;braces;lake;403
2016-10;braces;lake;jackson;403
2016-10;solution;missing;teeth;109
2016-10;great;resource;curious;97
2016-11;third;price;mexico;225
2016-11;mexico;high;quality;225
2016-11;price;mexico;high;225
2016-11;high;quality;third;205
2016-11;quality;third;price;205
2016-11;call;toll;free;156
2016-11;added;video;playlist;117
2016-11;sacramento;call;toll;104
2016-11;affordable;sacramento;call;100
2016-11;toll;free;affordable;96
2016-12;amazing;style;costa;417
2016-12;style;costa;rica;417
2016-12;prices;amazing;style;417
2016-12;clinic;prices;amazing;417
2016-12;rica;clinic;prices;405
2016-12;costa;rica;clinic;405
2016-12;cosmetic;dentist;angeles;366
2016-12;maintenance;cosmetic;dentist;365
2016-12;care;maintenance;cosmetic;365
2016-12;root;missing;tooth;362
2017-01;elite;group;periodontal;111
2017-01;inducts;bernard;fialkoff;111
2017-01;bernard;fialkoff;elite;111
2017-01;pierre;fauchard;academy;111
2017-01;fauchard;academy;inducts;111
2017-01;fialkoff;elite;group;111
2017-01;academy;inducts;bernard;111
2017-01;group;periodontal;pierre;100
2017-01;periodontal;pierre;fauchard;100
2017-01;milltown;clinic;home;68
2017-02;installing;installing;installing;96
2017-02;teeth;look;feel;81
2017-02;shape;real;teeth;79
2017-02;fundamental;shape;real;79
2017-02;real;teeth;look;79
2017-02;like;real;teeth;75
2017-02;feel;like;real;75
2017-02;look;feel;like;74
2017-02;hawthorne;rated;dentist;69
2017-02;country;best;country;69
2017-03;center;choice;teeth;1013
2017-03;diego;center;choice;1013
2017-03;teeth;diego;center;1002
2017-03;choice;teeth;diego;1002
2017-03;cape;town;offering;381
2017-03;west;cape;town;381
2017-03;teeth;whitening;orthodontics;381
2017-03;town;offering;teeth;381
2017-03;offering;teeth;whitening;381
2017-03;dentist;somerset;west;381
2017-04;bishara;houston;texas;672
2017-04;houston;texas;alternative;672
2017-04;texas;alternative;solution;672
2017-04;solution;bishara;houston;658
2017-04;alternative;solution;bishara;657
2017-04;sitemap;price;guide;227
2017-04;price;guide;sitemap;220
2017-04;guide;sitemap;price;220
2017-04;diego;kite;club;181
2017-04;kite;club;business;181
2017-05;angeles;implantcenterlosangeles;losangelesimplantcenter;268
2017-05;cent;angeles;implantcenterlosangeles;268
2017-05;best;cent;angeles;268
2017-05;losangelesimplantcenter;best;cent;265
2017-05;implantcenterlosangeles;losangelesimplantcenter;best;265
2017-05;cost;care;clinic;184
2017-05;dentist;cost;care;184
2017-05;hospital;dentist;cost;184
2017-05;care;clinic;melbourne;184
2017-05;northeast;philadelphia;dentist;118
2017-06;fort;collins;owens;232
2017-06;owens;fort;collins;224
2017-06;collins;owens;fort;224
2017-06;technology;trust;technology;200
2017-06;trust;technology;trust;200
2017-06;dentist;philadelphia;dentist;85
2017-06;philadelphia;dentist;philadelphia;85
2017-06;replace;missing;teeth;84
2017-06;great;resource;curious;79
2017-06;call;today;schedule;71
2017-07;crown;veneers;case;150
2017-07;trust;technology;trust;136
2017-07;technology;trust;technology;136
2017-07;replace;missing;teeth;116
2017-07;case;crown;veneers;89
2017-07;veneers;case;crown;89
2017-07;great;resource;curious;83
2017-07;dentistry;oral;surgeon;72
2017-07;office;beverly;hills;72
2017-07;hills;cosmetic;dentistry;72
2017-08;jersey;manhattan;nutley;361
2017-08;specialists;york;jersey;361
2017-08;york;jersey;manhattan;361
2017-08;long;island;queens;361
2017-08;nutley;long;island;361
2017-08;manhattan;nutley;long;361
2017-08;queens;specialists;york;358
2017-08;island;queens;specialists;358
2017-08;cosmetic;dentist;houston;357
2017-08;dentist;houston;houston;357
2017-09;needs;general;dentistry;212
2017-09;visit;needs;general;212
2017-09;general;dentistry;veneers;160
2017-09;veneers;bridges;crowns;107
2017-09;dentistry;veneers;bridges;107
2017-09;harrell;center;charlotte;98
2017-09;crowns;dentistinvancouverwa;visit;97
2017-09;dentistinvancouverwa;visit;needs;97
2017-09;center;charlotte;harrell;81
2017-09;charlotte;harrell;center;81
2017-10;quality;abroad;hungary;411
2017-10;premium;quality;abroad;411
2017-10;austin;center;teeth;271
2017-10;center;teeth;info;271
2017-10;center;oral;surgery;267
2017-10;teeth;info;austin;267
2017-10;info;austin;center;267
2017-10;oral;surgery;services;266
2017-10;services;provided;holtzclaw;266
2017-10;austin;center;oral;266
2017-11;technology;trust;technology;208
2017-11;trust;technology;trust;208
2017-11;benefits;cosmetic;dentistry;206
2017-11;dentistry;teeth;cleanings;204
2017-11;direct;offers;many;204
2017-11;services;benefits;cosmetic;204
2017-11;cosmetic;dentistry;teeth;204
2017-11;many;dentistry;services;204
2017-11;dentistry;services;benefits;204
2017-11;offers;many;dentistry;204
2017-12;trust;technology;trust;198
2017-12;technology;trust;technology;198
2017-12;boost;confidence;reginadentist;146
2017-12;reginadentist;boost;confidence;143
2017-12;confidence;reginadentist;boost;143
2017-12;replace;missing;teeth;116
2017-12;confidence;boost;confidence;103
2017-12;boost;confidence;boost;103
2017-12;dentist;near;pisa;70
2017-12;dentists;replace;missing;61
2018-01;redondo;beach;south;74
2018-01;replace;missing;teeth;74
2018-01;torrance;redondo;beach;74
2018-01;beach;south;dentists;74
2018-01;dentists;torrance;redondo;57
2018-01;south;dentists;torrance;57
2018-01;discover;lease;life;54
2018-01;veteran;named;smiley;50
2018-01;call;office;learn;46
2018-01;named;smiley;gifted;45
2018-02;accepted;means;payment;202
2018-02;dentacoin;accepted;means;202
2018-02;means;payment;made;201
2018-02;dear;community;excited;200
2018-02;excited;announce;dentacoin;200
2018-02;announce;dentacoin;accepted;200
2018-02;community;excited;announce;200
2018-02;made;dear;community;126
2018-02;payment;made;dear;126
2018-02;beach;interviewed;solutions;105
2018-03;houston;northline;interview;93
2018-03;dentist;north;houston;93
2018-03;cosmetic;dentist;north;93
2018-03;north;houston;northline;93
2018-03;boynton;beach;delray;92
2018-03;delray;beach;offers;92
2018-03;beach;delray;beach;92
2018-03;beach;offers;solutions;92
2018-03;cosmetic;dentist;boynton;92
2018-03;dentist;boynton;beach;92
2018-04;talks;interview;cosmetic;182
2018-04;interview;cosmetic;dentist;182
2018-04;latest;technologies;services;163
2018-04;offers;latest;technologies;163
2018-04;oasis;family;offers;163
2018-04;family;offers;latest;163
2018-04;technologies;services;oasis;154
2018-04;services;oasis;family;154
2018-04;cosmetic;dentist;wailuku;94
2018-04;maui;talks;interview;94
2018-05;houston;independence;heights;86
2018-05;independence;heights;talks;86
2018-05;dentist;north;houston;86
2018-05;cosmetic;dentist;north;86
2018-05;heights;talks;interview;86
2018-05;north;houston;independence;86
2018-05;solutions;offers;arlington;83
2018-05;offering;competitive;prices;83
2018-05;scores;offering;competitive;83
2018-05;ideal;solutions;offers;83
2018-07;near;bayview;sheppard;69
2018-07;toronto;near;bayview;37
2018-07;york;near;bayview;32
2018-07;north;york;near;32
2018-07;botbol;north;york;31
2018-07;bayview;sheppard;avenue;24
2018-07;smart;smile;dentistry;21
2018-07;printed;backed;investment;20
2018-07;ongooglemaps;star;review;18
2018-07;star;review;smartsmiledentistry;18
2018-08;center;beverly;hills;151
2018-08;beverly;hills;center;130
2018-08;hills;center;beverly;130
2018-08;crowns;difference;crowns;68
2018-08;difference;crowns;difference;68
2018-08;replacing;missing;teeth;35
2018-08;near;bayview;sheppard;33
2018-08;excessive;sugar;consumption;27
2018-08;replace;missing;teeth;25
2018-08;missing;teeth;include;21
2018-09;cost;thailand;guide;85
2018-09;much;cost;thailand;85
2018-09;thailand;guide;australia;85
2018-09;excessive;sugar;consumption;74
2018-09;considering;things;know;74
2018-09;blog;content;specific;62
2018-09;announces;blog;content;62
2018-09;francisco;announces;blog;62
2018-09;things;know;considering;59
2018-09;guide;australia;much;59
2018-10;solution;missing;teeth;114
2018-10;hanna;center;restore;95
2018-10;center;restore;smile;95
2018-10;mark;weingarden;bakuri;88
2018-10;bakuri;pittsburgh;restore;87
2018-10;offer;solution;missing;87
2018-10;pittsburgh;restore;smiles;87
2018-10;weingarden;bakuri;pittsburgh;87
2018-10;tooth;extractions;danbury;84
2018-10;improve;bone;grafts;84
2018-11;replace;missing;teeth;118
2018-11;francisco;announces;post;88
2018-11;surgery;cost;advantages;88
2018-11;cost;advantages;risks;88
2018-11;afifi;comprehensive;dentistry;86
2018-11;anoosh;afifi;comprehensive;86
2018-11;seattle;anoosh;afifi;86
2018-11;dentaimplantstx;center;dentaimplantstx;78
2018-11;center;dentaimplantstx;center;78
2018-11;joseph;kravitz;discovers;50
2018-12;collins;fort;collins;283
2018-12;fort;collins;fort;283
2018-12;affordable;fort;collins;283
2018-12;fort;collins;mini;280
2018-12;collins;mini;dorian;279
2018-12;general;cosmetic;dentistry;234
2018-12;patients;quality;general;230
2018-12;orange;county;dentist;230
2018-12;quality;general;cosmetic;230
2018-12;provides;patients;quality;230
2019-01;offering;root;canal;872
2019-01;canal;wisdom;teeth;872
2019-01;affordable;dentistry;office;872
2019-01;root;canal;wisdom;872
2019-01;wisdom;teeth;extractions;524
2019-01;teeth;extractions;veneers;524
2019-01;frisco;texas;offering;522
2019-01;dentistry;office;frisco;522
2019-01;office;frisco;texas;522
2019-01;texas;offering;root;522
2019-02;medical;trial;testing;325
2019-02;labradors;killed;medical;324
2019-02;killed;medical;trial;324
2019-02;university;plans;kill;306
2019-02;plans;kill;labradors;306
2019-02;kill;labradors;experiment;306
2019-02;fury;university;plans;306
2019-02;trial;testing;labradors;213
2019-02;want;overpay;look;210
2019-02;looking;want;overpay;210
2019-03;stockbridge;dentist;dentist;143
2019-03;stockbridge;atlanta;periodontist;143
2019-03;dentist;dentist;stockbridge;143
2019-03;atlanta;periodontist;forest;143
2019-03;periodontist;forest;park;143
2019-03;dentist;stockbridge;atlanta;143
2019-03;park;stockbridge;dentist;98
2019-03;forest;park;stockbridge;97
2019-03;want;overpay;look;74
2019-03;looking;want;overpay;74
2019-04;penrith;parramatta;liverpool;131
2019-04;parramatta;liverpool;epping;131
2019-04;liverpool;epping;hornsby;131
2019-04;epping;hornsby;blacktown;131
2019-04;hornsby;blacktown;artarmon;131
2019-04;emergency;dentist;penrith;84
2019-04;dentist;penrith;clinic;84
2019-04;benefit;benefit;benefit;73
2019-04;artarmon;penrith;parramatta;60
2019-04;blacktown;artarmon;penrith;60
2019-05;grows;teeth;weeks;209
2019-05;goodbye;dentist;grows;209
2019-05;dentist;grows;teeth;209
2019-05;lozang;gyaltsan;dewey;121
2019-05;gyaltsan;dewey;reeves;121
2019-05;teeth;weeks;goodbye;109
2019-05;weeks;goodbye;dentist;109
2019-05;broken;missing;teeth;95
2019-05;missing;teeth;hour;95
2019-05;crooked;broken;missing;95
2019-06;trump;trump;trump;1163
2019-06;dentist;plano;plano;253
2019-06;cosmetic;dentist;john;253
2019-06;dentist;john;hucklebridge;253
2019-06;hucklebridge;award;winning;253
2019-06;plano;plano;cosmetic;253
2019-06;award;winning;dentist;253
2019-06;plano;cosmetic;dentist;253
2019-06;john;hucklebridge;award;253
2019-06;dentist;dentist;plano;233
2019-07;west;chester;affordable;137
2019-07;chester;affordable;solutions;137
2019-07;lansdale;affordable;solutions;136
2019-07;reading;affordable;solutions;134
2019-07;replacing;missing;teeth;99
2019-07;periodontists;also;experts;72
2019-07;experts;replacing;missing;72
2019-07;also;experts;replacing;72
2019-07;lozang;gyaltsan;dewey;72
2019-07;gyaltsan;dewey;reeves;72
2019-08;replace;missing;teeth;60
2019-08;help;give;call;38
2019-08;missing;teeth;talk;38
2019-08;teeth;impact;ability;37
2019-08;talk;help;give;37
2019-08;speak;missing;teeth;37
2019-08;impact;ability;speak;37
2019-08;teeth;talk;help;37
2019-08;ability;speak;missing;37
2019-08;missing;teeth;impact;37
2019-09;provide;strong;foundation;57
2019-09;foundation;fixed;permanent;56
2019-09;strong;foundation;fixed;56
2019-09;roots;provide;strong;56
2019-09;fixed;permanent;removable;56
2019-09;replacement;tooth;roots;56
2019-09;tooth;roots;provide;56
2019-09;replace;missing;teeth;48
2019-09;blood;glucose;tests;35
2019-09;glucose;tests;breast;35
2019-10;replace;missing;teeth;38
2019-10;replacing;missing;teeth;37
2019-10;insert;teeth;titanium;26
2019-10;teeth;titanium;supports;26
2019-10;give;back;beautiful;23
2019-10;beautiful;functional;smile;22
2019-10;back;beautiful;functional;22
2019-10;siberian;scientists;discover;21
2019-10;learn;giving;call;21
2019-10;scientists;discover;danger;21
2019-11;india;first;heritage;55
2019-11;smile;digital;package;55
2019-11;first;heritage;city;55
2019-11;digital;package;india;55
2019-11;goodbye;perfect;smile;55
2019-11;heritage;city;ahmedabad;55
2019-11;perfect;smile;digital;55
2019-11;package;india;first;55
2019-11;replace;missing;teeth;51
2019-11;book;free;consultation;30
