market;9610
global;3021
research;2790
growth;2182
forecast;1795
analysis;1555
report;1435
dentist;1432
industry;1228
cosmetic;1164
expected;1113
training;1056
reach;1038
trends;1030
share;1018
million;1005
demand;977
first;973
course;932
till;932
prosthetics;914
robot;902
teeth;887
witness;873
cagr;845
sales;844
interview;786
size;763
dentistry;726
revenue;711
university;706
players;674
agravat;672
chinese;667
tooth;662
automated;657
world;652
model;643
free;628
study;596
view;586
performed;583
grand;576
type;513
forecasts;511
insights;510
book;504
based;480
billion;442
bharat;431
replacement;423
outlook;420
education;397
dogs;382
gothenburg;378
register;377
nanotechnology;375
enhanced;373
consultant;364
advanced;356
stop;351
segmentation;351
procedures;349
surgery;339
product;339
learn;339
years;334
demonstration;328
data;327
patients;326
radiant;322
seminar;316
portland;314
placement;312
healthcare;308
worldwide;304
clearchoice;304
india;300
leading;297
titanium;297
district;292
downtown;291
pearl;289
summary;288
scope;286
talks;284
join;281
geography;281
certificate;278
dentists;273
projected;273
clinic;273
rate;269
growing;267
shares;267
healthy;266
straumann;264
primary;264
prices;263
regions;263
sourced;263
databases;263
secondary;263
china;261
sale;260
technology;258
surgical;254
around;252
grow;250
medical;250
restoration;249
consumption;244
ahmedabad;243
news;241
rising;239
celebrates;238
receives;236
prestigious;236
centers;235
sign;235
number;233
launching;232
live;231
production;231
opportunities;224
types;224
press;223
like;223
open;222
forecasted;219
company;218
manufacturers;217
owing;215
legendary;211
beach;210
period;208
autonomous;206
increasing;204
module;202
prosthetic;202
comprehensive;201
implantologist;201
jobs;199
business;198
anticipated;198
diego;197
updated;197
future;196
miss;196
international;192
road;191
learns;191
significant;190
injuries;190
labradors;190
accidents;189
credence;187
sayreville;187
parlin;187
teach;184
encinitas;184
enjoy;183
surface;181
overview;180
experience;179
application;179
implantology;178
segments;178
surpass;177
patient;176
work;175
latest;175
registration;175
riyadh;175
petition;175
planning;174
team;174
cylindrical;173
explosive;172
driven;171
dentalimplants;171
worth;171
plans;169
nano;168
experiment;168
danaher;166
solutions;166
oral;166
kill;166
release;165
fury;165
prospects;164
group;161
program;160
november;157
markets;152
acceptance;151
institut;150
supply;148
nursing;147
dentsply;146
guide;146
available;145
europe;145
manufacturer;143
symposium;142
prospective;142
link;138
conference;137
running;135
corporation;134
great;133
upcoming;131
call;130
continuum;129
october;127
make;127
major;127
project;127
working;126
abutment;126
material;125
dentalnurses;124
related;123
companies;121
costs;121
hale;121
technical;121
biomet;120
difference;119
expert;119
development;118
value;116
drivers;116
advancement;116
digital;115
video;115
march;114
ceramic;113
united;113
detail;113
drive;112
zimmer;111
sirona;111
place;110
according;110
highest;109
online;107
literature;107
next;105
best;105
aaoms;105
today;104
biohorizons;104
made;103
holtzclaw;103
need;102
instrument;102
fully;102
interviewed;102
achieves;101
consumables;100
time;100
systems;100
citations;100
check;99
doctors;99
price;98
mexico;98
congress;98
treatments;98
click;97
right;96
carries;96
delray;96
boynton;96
products;95
maui;94
mesquite;94
please;94
states;93
wailuku;93
devices;92
dentalimplant;91
complications;90
includes;90
days;89
full;89
week;89
periodontist;89
clinical;88
december;87
system;87
plan;86
event;86
opportunity;86
center;86
institute;85
prosthesis;85
offer;83
provides;82
london;81
final;81
completed;80
improve;80
tapered;80
extensive;79
bone;79
curios;79
distracter;79
horrific;79
find;78
assessment;78
north;77
reviews;77
surgeon;77
webinar;77
opines;77
revenues;77
approximately;77
trend;76
tools;76
association;76
dynamic;76
blog;76
workshop;76
current;76
club;75
read;75
lecture;75
hours;75
pipeline;75
saudi;75
saudiarabia;75
bridge;74
added;74
smile;74
june;74
shinhung;74
treatment;73
competitive;73
funded;73
disease;72
zirconium;72
april;72
euthanised;72
year;71
lectures;71
details;70
cook;69
camlog;69
david;69
therapy;69
artwork;69
volume;68
attend;67
quality;67
well;67
basic;67
surge;67
september;66
part;65
periodontics;65
biotechnologies;65
practice;64
america;63
hands;63
firm;63
factors;62
courses;61
academy;61
american;61
health;61
putting;61
fixtures;60
thursday;59
general;59
emerging;59
landscape;59
apply;59
together;59
fell;59
yesterday;59
techniques;58
continuing;58
looking;58
estimated;58
chain;58
terms;57
july;56
hiring;56
start;56
atlanta;56
seeking;56
case;55
post;55
chicago;55
coordinator;55
medgadget;55
premium;55
clear;54
want;54
challenges;54
high;54
mostwatched;54
last;53
complete;53
published;53
applications;52
hosted;52
visit;52
canada;52
know;51
meeting;51
learning;51
information;50
greater;50
means;50
come;49
follow;49
tomorrow;49
grows;49
management;49
booth;49
welcomes;49
used;48
august;48
mini;48
info;48
consultation;48
coming;48
crushed;48
traveling;48
seminars;47
taking;47
journey;47
introduction;46
restore;46
honored;46
save;45
cost;45
nobel;45
kits;45
completes;44
marketing;44
announce;44
biocare;44
offering;44
hill;44
globally;44
survey;43
grafting;43
article;43
structure;43
success;43
placing;43
cases;43
regional;43
corporate;43
done;42
help;42
narrow;42
tech;42
abutments;42
tuesday;41
skills;41
recent;41
arch;41
status;41
region;41
orthopedic;41
stephen;41
peek;41
immediate;40
featured;40
innovative;40
south;40
opening;40
missing;39
strategies;39
dentaleducation;39
display;39
tissue;39
infowars;38
watch;38
knowledge;38
natural;38
teaching;38
associates;38
professional;38
thank;38
advancing;38
assistant;38
perform;38
manchester;38
chosen;38
proud;38
republic;38
offered;38
chapel;38
strategic;37
educational;37
travel;37
playlist;37
aging;37
journal;37
mcintyre;37
kyle;37
public;36
using;36
create;36
dominican;36
canal;36
soft;36
deloach;36
scrutinized;36
lakes;36
subcommittee;36
modules;35
scott;35
restoring;35
mouth;35
recently;35
innovations;35
maxillofacial;35
exceed;35
annual;35
take;34
level;34
care;34
piece;34
better;34
people;34
date;34
become;34
implantologists;34
engel;33
presented;33
crown;33
segment;33
special;33
reports;33
offers;33
persistence;32
hear;32
risks;32
starts;32
included;32
speakers;32
chamblee;32
along;31
tourism;31
friday;31
approach;31
technologies;31
discover;31
benefits;31
startup;31
expand;31
february;31
frank;31
calem;31
must;31
says;30
innovation;30
mark;30
master;30
saturday;30
short;30
garg;30
confidence;30
attending;30
beginning;30
james;30
dedicated;30
early;30
affordable;30
college;30
download;30
regulations;30
guided;30
touch;30
gain;30
moorestown;30
najran;30
environme;30
cheng;30
evening;29
informative;29
newswire;29
facebook;29
provided;29
choice;29
software;29
englewood;29
extractions;29
valued;29
dentalcare;29
alejandro;29
kovacs;29
texarkana;29
limited;28
placed;28
home;28
leader;28
informational;28
aesthetic;28
potential;28
provide;28
procedure;28
surgeons;28
presentation;28
series;28
january;28
device;28
korea;28
brazil;28
hospital;28
alexjones;27
manager;27
focus;27
posted;27
among;27
appointment;27
trained;27
sept;27
provider;27
wrenches;27
begins;27
discussing;27
orthodontics;27
congratulations;27
another;27
hons;27
forget;26
thanks;26
ready;26
life;26
platform;26
including;26
dynamics;26
japan;26
prosthodontist;26
meet;26
continue;26
starting;26
email;26
laboratory;26
tonight;25
zirconia;25
welcome;25
manufacturing;25
restorative;25
detailed;25
sinus;25
developments;25
france;25
prosthodontics;25
spain;25
asiapacific;25
rapid;25
every;25
killed;25
idiocy;25
night;24
city;24
analog;24
prostheses;24
wire;24
month;24
keep;24
prothestics;24
partnership;24
aims;24
italy;24
periodontal;24
prof;24
monday;24
navigation;24
introduce;24
hitesh;24
gohil;24
cade;24
dentalimplantcourse;24
dentalcourse;24
mirror;24
dentalindustry;24
technician;23
amazing;23
recognized;23
rise;23
others;23
host;23
solution;23
attended;23
dallas;23
countries;23
icoi;23
rsvp;23
gdpuk;23
phoenix;22
interesting;22
also;22
vimeo;22
misch;22
hosts;22
could;22
would;22
vendors;22
specialists;22
cbct;22
dentaltraining;22
record;22
practical;22
delivering;22
reading;22
dentaltown;22
dubai;22
sure;22
continuous;22
description;22
questions;21
getting;21
prnewswire;21
change;21
biomaterials;21
important;21
representative;21
review;21
field;21
largest;21
soon;21
morning;21
boost;21
surgeries;21
held;21
session;21
standard;21
dentures;21
students;21
science;21
bicon;21
caries;21
programs;21
hills;21
outcomes;21
alternatives;21
created;21
russia;21
replaced;21
main;21
elevated;21
aaid;20
shows;20
easy;20
osstem;20
poised;20
weekend;20
events;20
smart;20
robotics;20
huge;20
medicine;20
wednesday;20
germany;20
expanding;20
contact;20
office;20
professionals;20
times;20
booming;20
technavio;20
sweden;20
east;19
women;19
announces;19
marketresearch;19
left;19
pace;19
update;19
lecturing;19
intensive;19
australia;19
invasive;19
bhive;19
colleagues;19
location;19
speaking;19
access;19
state;19
henry;19
expo;19
practices;19
strategy;19
jawboneup;19
rado;19
tailor;19
profile;19
clinicians;19
similar;19
aeedc;19
typically;19
reserve;18
talk;18
designed;18
studies;18
arun;18
received;18
bredent;18
partners;18
choose;18
area;18
materials;18
driving;18
always;18
media;18
lower;18
finally;18
financial;18
kingdom;18
positive;18
award;18
interested;18
website;18
astra;18
testimonial;18
less;18
imaging;18
expansion;18
parallel;18
walled;18
might;18
look;18
career;18
obectives;18
workflow;17
image;17
good;17
paul;17
denture;17
giving;17
chance;17
ever;17
hiossen;17
increased;17
account;17
consumer;17
show;17
restorations;17
role;17
stage;17
sessions;17
alternative;17
bird;17
away;17
currently;17
gums;17
google;17
still;17
reverse;17
discovery;17
progress;17
tips;17
making;17
technique;17
professor;17
continues;17
rauchberg;17
edition;17
extraction;17
miami;17
physics;17
aaoi;17
episode;17
long;17
expertscape;17
fixture;16
postmenopausal;16
laser;16
member;16
demands;16
printing;16
schedule;16
specialist;16
failure;16
substantial;16
marketplace;16
bidding;16
ratchet;16
wrench;16
concept;16
insight;16
popular;16
awareness;16
evolution;16
gross;16
workshops;16
dinner;16
standards;16
three;16
reduce;16
exciting;16
centre;16
equipment;16
population;16
scan;16
unique;16
mrfr;16
garner;16
benefit;16
ultimate;16
replacing;16
omss;16
proven;16
bric;16
minimally;16
megagen;15
york;15
spot;15
dublin;15
process;15
greenwoodvillage;15
dent;15
german;15
popularity;15
manufactures;15
neodent;15
understand;15
intake;15
john;15
pressrelease;15
greatly;15
partner;15
include;15
providing;15
zsystems;15
signs;15
upto;15
possible;15
track;15
give;15
initial;15
hard;15
social;15
calling;15
method;15
implantdentistry;15
complex;15
kings;15
acquire;15
medtech;15
ucer;15
third;15
insider;15
renowned;15
schein;15
sensitivity;15
cliffs;15
score;15
involved;14
seats;14
color;14
biggest;14
teachin;14
excellent;14
ceramics;14
residency;14
screw;14
buffalo;14
robert;14
pharma;14
zygomatic;14
environment;14
class;14
receive;14
finance;14
impact;14
easthetic;14
presenting;14
topic;14
clinics;14
transparency;14
scientific;14
explore;14
within;14
covers;14
diploma;14
predicted;14
botox;14
simulation;14
yomi;14
faster;14
boyd;14
asia;14
tickets;14
postgraduate;14
oralhealth;14
emea;14
doctor;14
idia;14
cadaver;14
engineers;14
practitioner;14
invaluable;14
profiles;14
referrals;14
mobile;14
existing;14
edina;14
stability;13
increase;13
denver;13
carl;13
past;13
holding;13
raised;13
user;13
dentalnews;13
facility;13
margin;13
risk;13
forward;13
restraints;13
support;13
much;13
nanotech;13
friends;13
models;13
stream;13
nbsp;13
aids;13
geriatrics;13
school;13
capital;13
valuation;13
player;13
stock;13
facial;13
technological;13
delhi;13
computer;13
example;13
rapidly;13
reveals;13
crowdfunding;13
nebdn;13
robots;13
step;13
fast;13
swift;13
suite;13
listen;13
reconstruction;13
back;13
andrew;13
asking;13
page;12
incidence;12
hosting;12
gives;12
investment;12
impression;12
predictable;12
broken;12
crystal;12
competitors;12
cross;12
inside;12
lost;12
uses;12
real;12
lead;12
gold;12
section;12
bites;12
griffith;12
bridges;12
hotel;12
lift;12
heat;12
single;12
present;12
misfit;12
aspects;12
living;12
engineering;12
results;12
given;12
structured;12
rescheduled;12
booking;12
steven;12
distribution;12
podcast;12
eduardoanitua;12
purchased;12
westseneca;12
zachary;12
kanani;12
companisto;12
operations;11
joint;11
loss;11
powerpoint;11
village;11
summit;11
sunday;11
vancouver;11
hour;11
strong;11
alert;11
goal;11
developing;11
discount;11
forefront;11
everything;11
different;11
launches;11
loading;11
pricing;11
turn;11
black;11
raise;11
southern;11
going;11
trial;11
affiliate;11
brochures;11
file;11
decisions;11
coherent;11
endodontics;11
local;11
takes;11
florida;11
faces;11
facelifts;11
payers;11
dime;11
enraged;11
developed;11
dentistequipment;11
dentalcenetwork;11
transforming;11
site;11
philip;11
powerful;11
tania;11
gonzalez;11
nazarian;11
dentalhealth;11
middle;11
multiple;11
webinars;11
allografts;11
biotechnology;11
introducing;11
points;11
basics;11
specialty;11
eckert;11
quintessence;11
comes;11
submit;11
infections;11
decay;11
repairing;11
alerts;11
investors;11
shoreline;11
americans;10
seat;10
shipping;10
money;10
batch;10
fall;10
tanner;10
many;10
advice;10
regarding;10
integrated;10
house;10
greenwood;10
executive;10
stress;10
examined;10
mergers;10
design;10
delivers;10
needs;10
intro;10
avoiding;10
yahoo;10
texas;10
pressreleases;10
explores;10
ailing;10
adoption;10
director;10
houston;10
develop;10
love;10
philippine;10
root;10
driver;10
prague;10
slides;10
fellowship;10
board;10
veneers;10
network;10
providers;10
agrees;10
precise;10
segmented;10
hold;10
country;10
dreaded;10
sharing;10
trinon;10
collegium;10
practicum;10
researc;10
metal;10
associated;10
services;10
interdisciplinary;10
issue;10
story;10
premier;10
alumni;10
decision;10
excessive;10
experienced;10
certified;10
khalil;10
near;10
exhibition;10
avinent;10
mentor;10
request;10
subject;10
invisalign;10
selling;10
holdings;10
anything;10
breath;10
meat;10
adjacent;10
riverton;10
venturecapital;10
artificial;10
reddit;10
zygoma;10
everyone;9
territory;9
generation;9
zone;9
assist;9
student;9
overdentures;9
removable;9
transfer;9
streaming;9
specialized;9
facts;9
simple;9
founder;9
hardikdholariya;9
expertise;9
automotive;9
stable;9
sponsored;9
changing;9
kaveh;9
twitter;9
hand;9
food;9
excited;9
protocol;9
medications;9
effect;9
bringing;9
written;9
sheraton;9
southernimplants;9
attendees;9
crowns;9
hall;9
presents;9
line;9
copy;9
problems;9
virginia;9
beverly;9
ross;9
successfully;9
impressive;9
consult;9
macrogap;9
came;9
acquisitions;9
aimed;9
bassam;9
rabie;9
four;9
dentalsupplies;9
argentina;9
pacific;9
truth;9
invited;9
supported;9
manesh;9
party;9
digitaldentistry;9
brand;9
treating;9
went;9
medicaldevices;9
directly;9
africa;9
fantastic;9
oralsurgery;9
wikipedia;9
holds;9
perfect;9
maybe;9
graft;9
list;9
feel;9
acteon;9
esteemed;9
massive;9
robust;9
oncologic;9
expands;9
investments;9
speaker;9
mentored;9
samuel;9
cosmeticdentist;9
signez;9
pétition;9
complement;9
documented;9
monique;9
maree;9
ideal;8
space;8
achieving;8
aesthetics;8
fixed;8
biotech;8
cortex;8
side;8
dawood;8
statistics;8
perspective;8
upper;8
human;8
itcseminars;8
accounting;8
taken;8
build;8
trip;8
meets;8
implantable;8
arlington;8
jobsearch;8
satisfaction;8
society;8
ahmed;8
aiken;8
consider;8
guidance;8
preparation;8
steps;8
jose;8
family;8
exclusive;8
foundation;8
periodontists;8
retail;8
private;8
delivery;8
children;8
industrial;8
comparison;8
neocis;8
answer;8
scenario;8
billing;8
educator;8
masters;8
makes;8
english;8
form;8
aboutdent;8
thrilled;8
mohamed;8
features;8
associate;8
daniel;8
improving;8
discuss;8
tijuana;8
cutting;8
torrance;8
dear;8
kind;8
scientists;8
observe;8
film;8
bigdata;8
lines;8
foreseen;8
effective;8
painless;8
informed;8
focused;8
diplomate;8
indicates;8
serious;8
diseases;8
illuminated;8
clinician;8
enroll;8
topics;8
ebook;8
purposes;8
globenewswire;8
abnewswire;8
accurate;8
covering;8
vikas;8
gowd;8
drvikasgowd;8
drmsgowd;8
drgowdsdentalhospitals;8
highly;8
careerarc;8
carried;8
boston;8
registered;8
members;8
organized;8
cosmeticdentistry;8
feedback;8
fill;8
updates;8
hygienist;8
foremost;8
programme;8
dentalmall;8
businessproducts;8
sean;8
odontology;8
able;8
edinburgh;8
locking;8
somerset;8
rafael;8
comparable;8
hygiene;8
titles;8
guiding;8
insolvency;8
maxilla;7
consultations;7
drives;7
photos;7
slide;7
resources;7
jones;7
uploaded;7
experts;7
manual;7
options;7
goes;7
fellow;7
target;7
complication;7
anthony;7
relevance;7
designer;7
johnwillardsen;7
australian;7
versah;7
kosinski;7
veneer;7
ship;7
andre;7
required;7
figures;7
least;7
proper;7
factor;7
cone;7
beam;7
computed;7
tomography;7
prevention;7
compared;7
incredible;7
discussion;7
ensure;7
known;7
certain;7
radio;7
common;7
outside;7
releases;7
significance;7
sample;7
following;7
vegas;7
regeneration;7
writes;7
components;7
onmedic;7
guykawasaki;7
exhibit;7
white;7
nami;7
farkhondeh;7
truly;7
hearing;7
card;7
didactic;7
pros;7
cons;7
ends;7
blue;7
safety;7
projections;7
county;7
advances;7
capacity;7
advancements;7
code;7
remains;7
esthetics;7
allows;7
safe;7
fialkoff;7
reasons;7
forums;7
helping;7
additional;7
considered;7
mission;7
lucrative;7
medicaldevice;7
robotic;7
sabiz;7
park;7
latin;7
without;7
bacterial;7
biofilm;7
quick;7
energy;7
harley;7
begin;7
competition;7
regularly;7
influence;7
expensive;7
already;7
perio;7
qualitative;7
instruments;7
edited;7
asserts;7
jivraj;7
drug;7
nashville;7
prepare;7
earlybird;7
delegate;7
entire;7
since;7
jonathan;7
seattle;7
epub;7
perceive;7
recommend;7
multidisciplinary;7
happy;7
harvesting;7
smilemakeover;7
rehabilitation;7
whitening;7
gordon;7
california;7
experiences;7
diss;7
photograph;7
entertains;7
melbourne;7
lasvegas;7
seating;7
relationship;7
evidence;7
swanson;7
liverpool;7
actual;7
secrets;7
idata;7
service;7
anxiety;7
months;7
strengthens;7
persistent;7
tonsillitis;7
prweb;7
alfonso;7
awards;7
coached;7
ibsimplant;7
esthetic;7
swing;7
amann;7
girrbach;7
openings;7
experiments;7
appalling;7
prize;7
nash;7
pakistan;7
bioceramics;6
thriving;6
nurses;6
analyzes;6
marketbytes;6
giaresearch;6
shown;6
cast;6
inventor;6
adin;6
floss;6
gary;6
replace;6
hardback;6
tray;6
thing;6
charles;6
really;6
anyone;6
considering;6
zurich;6
connection;6
joined;6
answers;6
developmental;6
pune;6
quote;6
educating;6
community;6
inlay;6
vidphoria;6
loan;6
biocompatible;6
liked;6
prom;6
endosseous;6
notes;6
fastest;6
spinal;6
algodones;6
unit;6
invest;6
sell;6
connecticut;6
impl;6
successful;6
pressure;6
hydroxyapatite;6
allon;6
safer;6
cheaper;6
coast;6
examination;6
permadontics;6
javid;6
resea;6
logo;6
cheap;6
atlas;6
pinned;6
complimentary;6
pictures;6
golf;6
trade;6
certification;6
component;6
steadily;6
specification;6
oregon;6
feeling;6
instead;6
swiss;6
toronto;6
payment;6
fueling;6
bernard;6
elite;6
appointments;6
think;6
breastcancer;6
earned;6
achieve;6
awarded;6
geographical;6
richard;6
towards;6
satprnews;6
released;6
push;6
attention;6
analyzed;6
synergy;6
invite;6
edge;6
sold;6
injury;6
minneapolis;6
patel;6
worked;6
biting;6
bristol;6
flourish;6
trusted;6
taught;6
graduates;6
delrose;6
stay;6
industries;6
yemen;6
poor;6
participants;6
finite;6
element;6
nice;6
instagram;6
portfolio;6
methods;6
heart;6
surprise;6
organization;6
leaders;6
conducting;6
ubiquitous;6
charlotte;6
represent;6
reported;6
dentalnurse;6
boom;6
launch;6
principal;6
newworld;6
beautiful;6
speaks;6
hydrophilic;6
roseville;6
featuring;6
kindle;6
tradition;6
maxillent;6
play;6
diagnostic;6
improved;6
peter;6
cover;6
biology;6
sector;6
treat;6
response;6
embraces;6
supporting;6
enables;6
grove;6
maintenance;6
gregory;6
centres;6
bleeding;6
behind;6
ossix;6
farahmand;6
patientstories;6
tremendous;6
eating;6
discounts;6
monarres;6
witnessing;6
educations;6
almost;6
penetration;6
martina;6
drinks;6
mastership;6
salford;6
beginnings;6
retaining;6
gonna;6
dentalcourses;6
crooked;6
ekram;6
explains;6
showcase;6
efperio;6
systematic;6
imagelevel;6
saturn;6
exploring;6
mind;6
furie;6
quit;6
karen;6
overlandpark;6
consensus;6
focusing;6
axiom;6
lecturers;6
formal;6
enhance;6
cells;6
medicalandhealth;6
amato;6
consultantwe;6
kenneth;6
woodlands;5
protocols;5
senior;5
posterior;5
pleasant;5
kevin;5
hogan;5
gets;5
delighted;5
subsequent;5
economy;5
variety;5
prpublicrelations;5
trending;5
paid;5
west;5
pittsburgh;5
slim;5
completely;5
allow;5
atrophic;5
message;5
awesome;5
sacramento;5
gdia;5
wanting;5
gave;5
videos;5
joins;5
analysts;5
ridge;5
database;5
sameday;5
healing;5
lunch;5
game;5
thompson;5
tucson;5
usual;5
announced;5
minute;5
content;5
brush;5
swot;5
researchmoz;5
second;5
produced;5
switzerland;5
client;5
reconstructive;5
star;5
cleaned;5
evaluated;5
openpr;5
tamimi;5
busy;5
tell;5
finding;5
clearly;5
implan;5
failures;5
blood;5
academic;5
holiday;5
customized;5
alldentalevents;5
returned;5
pathology;5
mentioned;5
elsevier;5
glasses;5
plastic;5
cheapest;5
partial;5
credit;5
vets;5
stands;5
sustainable;5
average;5
street;5
collection;5
promotion;5
test;5
attractive;5
nurse;5
practitioners;5
confident;5
hardcover;5
wanted;5
adult;5
close;5
pierre;5
fauchard;5
inducts;5
sees;5
forecas;5
spaces;5
continued;5
veterans;5
manufactured;5
roadmap;5
osseointegration;5
young;5
winter;5
paper;5
orthodontic;5
apac;5
economies;5
studio;5
misha;5
highlights;5
publichealth;5
cuts;5
bank;5
found;5
widely;5
considerations;5
phnom;5
penh;5
cambodia;5
onto;5
nanocoating;5
inhibits;5
reduces;5
formation;5
remove;5
struggling;5
susan;5
tackle;5
integration;5
yorkshire;5
sleep;5
inform;5
dates;5
words;5
wonderful;5
thoughts;5
experimental;5
alan;5
mike;5
pleased;5
attract;5
steinberg;5
things;5
biofilms;5
vivo;5
question;5
shared;5
insurance;5
nearly;5
responsible;5
range;5
anywhere;5
across;5
trust;5
scores;5
korean;5
becomes;5
department;5
estimations;5
notable;5
michael;5
partha;5
instrumentation;5
discusses;5
reflect;5
happening;5
lucknow;5
authority;5
guidelines;5
performs;5
herald;5
sclar;5
understanding;5
town;5
freehand;5
places;5
develops;5
pistons;5
drummond;5
tokyo;5
jump;5
emphasis;5
aspect;5
iraq;5
miltech;5
mean;5
extended;5
delicious;5
richards;5
prior;5
prasad;5
books;5
articles;5
grytzelius;5
grafts;5
scanners;5
prefabricated;5
arts;5
ahead;5
approved;5
metals;5
writing;5
palm;5
careers;5
prospect;5
cohort;5
history;5
motor;5
pleasure;5
corp;5
originally;5
axis;5
michigan;5
principles;5
followed;5
explain;5
dentalce;5
planned;5
functional;5
newyork;5
preferred;5
adia;5
helps;5
zach;5
sciences;5
hospitals;5
guidedsurgery;5
corner;5
yomirobot;5
computerguided;5
theoretical;5
referral;5
ewan;5
davidson;5
canapés;5
arrival;5
underlying;5
sugar;5
yellow;5
daily;5
excessively;5
tongue;5
thomas;5
reporter;5
swollen;5
seeks;5
bhutani;5
gaining;5
navigate;5
roseland;5
orleans;5
insert;5
vast;5
items;5
proc;5
unveils;5
artiglio;5
riverside;5
guatemala;5
sandiego;5
implantdentist;5
sponsoring;5
pharmaceutical;5
pilot;5
waiting;5
istanbul;5
delta;5
thommen;5
manufacture;5
growthhacking;5
prevalence;5
visiting;5
foods;5
deserve;5
mustafa;5
gameel;5
marwan;5
rahaal;5
explaining;5
essential;5
cert;5
digitalhealth;5
photobiomodulation;5
travelabout;5
removed;5
zion;5
impaired;5
differentiation;5
langerhans;5
murine;5
epithelium;5
oded;5
heyman;5
southfield;5
bellevue;5
venders;5
attends;5
fuel;5
indigenous;5
thinking;4
commercial;4
optimal;4
filed;4
dagupan;4
secret;4
absolutely;4
looks;4
someone;4
decade;4
stories;4
missed;4
sterngold;4
valley;4
point;4
adds;4
directory;4
half;4
specimen;4
prosth;4
problem;4
improvements;4
claim;4
undergraduate;4
sufficient;4
deal;4
budget;4
workfromhome;4
metallic;4
lake;4
recruiting;4
performance;4
denta;4
desai;4
schroering;4
compleo;4
weekends;4
francisco;4
omaha;4
jack;4
arizona;4
stockp;4
harryvgould;4
collaborations;4
diagnosis;4
novel;4
franklin;4
stages;4
bhat;4
leads;4
applied;4
massachusetts;4
gnydm;4
credits;4
cerec;4
remember;4
professionally;4
faleh;4
samer;4
specific;4
repair;4
reimbursement;4
light;4
causes;4
characteristics;4
biological;4
qatar;4
squamous;4
cell;4
carcinoma;4
teresa;4
engine;4
parts;4
satellite;4
tool;4
illinois;4
lobby;4
president;4
hydraulic;4
brands;4
cherry;4
cleo;4
animalfreeresearch;4
drugdiscovery;4
diecast;4
polymers;4
anatomic;4
previous;4
wishing;4
teachers;4
extension;4
franchise;4
introduces;4
tribune;4
mexican;4
cancun;4
exam;4
qyresearch;4
text;4
bangkok;4
orlando;4
coatings;4
predicts;4
clicking;4
locations;4
temporary;4
learned;4
pioneer;4
hawthorne;4
salary;4
anesthesia;4
covered;4
conditions;4
machines;4
advance;4
cleveland;4
fractured;4
evaluation;4
dentalsurgery;4
gift;4
costa;4
conducted;4
wine;4
qyresearchreports;4
losangeles;4
plate;4
option;4
fridaymotivation;4
holbrook;4
wicked;4
specials;4
choosing;4
schlesinger;4
underway;4
body;4
utah;4
launched;4
baxter;4
perkinson;4
mountain;4
keynote;4
biomechanics;4
projection;4
welcoming;4
pronounce;4
version;4
established;4
connections;4
calvincreo;4
permanent;4
independent;4
minutes;4
appraised;4
irvine;4
dentalevent;4
howard;4
researchers;4
demo;4
objectives;4
exceptional;4
suppliers;4
distributors;4
founded;4
maxillary;4
particularly;4
stroud;4
ufcde;4
expecting;4
opens;4
asps;4
kumar;4
skill;4
stokes;4
supplies;4
hair;4
orthopedics;4
confirms;4
basis;4
norm;4
acqusitions;4
nothing;4
rear;4
anticipates;4
exponential;4
intelligence;4
intermediate;4
todd;4
shatkin;4
onsite;4
ideas;4
stats;4
producers;4
batı;4
write;4
managing;4
globe;4
issues;4
conical;4
levels;4
machinelearning;4
idea;4
wide;4
osstell;4
measure;4
keeper;4
sdeducation;4
afford;4
austin;4
carry;4
printed;4
needed;4
maulana;4
azad;4
csir;4
false;4
parsippany;4
secure;4
late;4
enrol;4
leave;4
delegates;4
mumbai;4
incorporate;4
cohorts;4
spurring;4
heightened;4
determined;4
scottish;4
acquired;4
national;4
afternoon;4
fundamentals;4
popcorn;4
tampa;4
presenter;4
preeminent;4
nine;4
degrees;4
osseodensification;4
itcgolive;4
bright;4
biomedical;4
fresh;4
hello;4
gateway;4
cold;4
setting;4
downers;4
oracle;4
everyday;4
walnut;4
creek;4
toback;4
direct;4
central;4
investigation;4
amage;4
swedish;4
remain;4
proving;4
foresight;4
spear;4
perth;4
difficult;4
title;4
dentacoin;4
famous;4
resort;4
mandible;4
avoid;4
ptfe;4
biotex;4
dont;4
royal;4
clapham;4
uclan;4
graftless;4
term;4
extracted;4
socket;4
base;4
kayal;4
hyderabad;4
uptick;4
result;4
exclusively;4
pharmaceuticals;4
networking;4
refreshments;4
radiology;4
patent;4
elderly;4
angeles;4
birmingham;4
placements;4
karkar;4
tabuk;4
amit;4
winner;4
comfort;4
pharmacology;4
category;4
sores;4
diabetics;4
roboticsurgery;4
normally;4
threats;4
took;4
guides;4
perchance;4
fees;4
economic;4
nobelbiocare;4
cited;4
peer;4
selection;4
minimum;4
cavities;4
implantation;4
bart;4
silverman;4
reaching;4
send;4
assoc;4
aria;4
contacts;4
organised;4
rockyhill;4
columbia;4
alpha;4
woodland;4
suffer;4
forces;4
explored;4
faculty;4
individuals;4
ranbaj;4
guru;4
walk;4
headquarters;4
infinitt;4
shame;4
beautifulsmile;4
presence;4
position;4
exact;4
staring;4
clock;4
individual;4
geistlich;4
dentalimplantplacement;4
surfaces;4
vitro;4
impant;4
unacceptable;4
researchandmarkets;4
jesin;4
areas;4
controversial;4
acromegaly;4
greyhounds;4
bridgedental;4
implantclinic;4
overall;4
chandler;4
prosthodontic;4
stanbul;4
efficiently;4
regionally;4
olivier;4
carcuac;4
trinity;4
retweet;4
likes;4
changes;4
usworking;4
boob;4
chunchu;4
vyshnavi;4
stlouis;4
fort;4
iraqi;4
anatomy;4
rules;4
jessica;4
gibbs;4
jeddah;4
iitdelhi;4
aurora;3
anyridge;3
answered;3
supplier;3
heights;3
woman;3
manned;3
teethwhitening;3
tcot;3
categories;3
solutionz;3
restored;3
pres;3
replacements;3
googlealerts;3
pathological;3
album;3
fabricate;3
flapless;3
commerce;3
township;3
differences;3
beginner;3
sorry;3
sponsors;3
representatives;3
consultants;3
russell;3
anderson;3
repor;3
registrations;3
closed;3
dozen;3
traders;3
daly;3
dralexkarkhi;3
compare;3
lady;3
anatomical;3
assistants;3
receptionist;3
calendars;3
irfan;3
atcha;3
implantseminars;3
northern;3
alveolar;3
alpharetta;3
name;3
lightly;3
store;3
salesforcejobs;3
developer;3
freelance;3
goworkable;3
finder;3
salt;3
either;3
playing;3
nathan;3
midwest;3
dominate;3
marketwatch;3
oakridge;3
timothy;3
templates;3
internet;3
bowling;3
something;3
comp;3
limit;3
recon;3
wayne;3
benjamin;3
clean;3
southeast;3
source;3
hamblin;3
wise;3
tour;3
woburn;3
lecturer;3
radiography;3
plays;3
integral;3
phases;3
generic;3
finishing;3
thousands;3
heard;3
super;3
canadian;3
proprietary;3
hurry;3
swedenmartina;3
denti;3
engle;3
thackrah;3
elmsleigh;3
prediction;3
england;3
youngproaward;3
vítor;3
sapata;3
doha;3
carmel;3
wood;3
mucogingival;3
prnewswi;3
isomed;3
noris;3
trate;3
steady;3
venkat;3
connector;3
conf;3
aamos;3
traditional;3
doug;3
fain;3
ball;3
dentaltourism;3
probably;3
socialmedia;3
jersey;3
clinicalapprovals;3
allen;3
jeffrey;3
sound;3
schools;3
girl;3
dress;3
fabrication;3
traning;3
kazemi;3
users;3
wilmslow;3
wilmslo;3
brain;3
medicaid;3
thailand;3
records;3
memphis;3
yoga;3
registry;3
adopt;3
displays;3
grants;3
antonio;3
automation;3
print;3
banner;3
transmission;3
breast;3
auto;3
consists;3
invitation;3
designs;3
african;3
payments;3
purchase;3
fitness;3
small;3
saving;3
packages;3
concord;3
scale;3
diabetes;3
phone;3
funds;3
bergen;3
millennium;3
medicare;3
travelindustrynews;3
marking;3
repost;3
checking;3
allowing;3
omar;3
football;3
blind;3
cheese;3
addition;3
orbis;3
impla;3
trea;3
curious;3
trademark;3
loosedentures;3
spending;3
european;3
oretti;3
enjoyed;3
osteocare;3
registra;3
spent;3
excelent;3
localized;3
otorhinolaryngologyalexandrosgsfakianakis;3
sfakianakis;3
spread;3
floor;3
ahhh;3
odontologia;3
positively;3
careful;3
quickly;3
sources;3
evolving;3
ghazarian;3
ribbon;3
announcing;3
itionlineacademy;3
item;3
cochran;3
continuously;3
molina;3
apnea;3
rheumatoid;3
arthritis;3
alexandria;3
martin;3
dennis;3
tarnow;3
avinash;3
bidra;3
costly;3
germandentalclinic;3
freedom;3
exponentially;3
outstanding;3
grab;3
tactics;3
intense;3
microbiota;3
mimicking;3
sydney;3
sisomm;3
invibio;3
mkprecision;3
evonik;3
nervous;3
accelerated;3
guys;3
mastermind;3
requires;3
dentalimplantology;3
forms;3
edentulous;3
reminder;3
nasopalatine;3
foramen;3
makeover;3
never;3
losing;3
painful;3
brought;3
implementing;3
scottsdale;3
nationwide;3
canadá;3
face;3
challenge;3
discounted;3
accelerate;3
compendium;3
aiming;3
benzinga;3
needy;3
hawaii;3
seems;3
stimulation;3
adam;3
maximize;3
function;3
ability;3
senn;3
excess;3
warning;3
modest;3
tues;3
administration;3
usability;3
century;3
necessary;3
performing;3
stents;3
seapoint;3
pioneering;3
suffering;3
ceramicimplants;3
affordability;3
throughout;3
blended;3
nerd;3
brave;3
volunteer;3
turning;3
geek;3
iosdev;3
owned;3
conjunction;3
advocacy;3
declares;3
dean;3
bigger;3
serve;3
interventions;3
asian;3
holt;3
smileagain;3
comply;3
fgdp;3
fixdenture;3
startups;3
atlantic;3
cape;3
bioprinting;3
pathway;3
dentalmarketing;3
comfortable;3
total;3
staff;3
leadership;3
tailored;3
summarymaxillent;3
emailing;3
anniversary;3
library;3
alessandro;3
various;3
little;3
sovereignty;3
mining;3
ravi;3
bigdatablogs;3
plainfield;3
convenient;3
missingteeth;3
drtermechi;3
instradent;3
reve;3
chaston;3
effects;3
breaking;3
chandigarh;3
promo;3
posts;3
evolves;3
believe;3
attain;3
failing;3
saint;3
ocean;3
versatile;3
aspen;3
brighter;3
funding;3
dentium;3
commercials;3
gains;3
returns;3
affecting;3
internationally;3
interfaces;3
skull;3
majority;3
address;3
pumphrey;3
cavity;3
rebecca;3
wait;3
screws;3
cuba;3
stmn;3
storm;3
screen;3
youtube;3
sponsor;3
copenhagen;3
denmark;3
stand;3
transplant;3
revolutionizing;3
query;3
lifts;3
quincy;3
rest;3
works;3
abstract;3
malo;3
exhibiting;3
desert;3
willow;3
jugan;3
acknowledged;3
phase;3
increases;3
washington;3
influencing;3
glen;3
speciality;3
intervention;3
efficient;3
forum;3
whowasinthecia;3
sons;3
josh;3
eric;3
attacking;3
myleft;3
temple;3
radiation;3
inducingpain;3
preservation;3
judy;3
hayat;3
owner;3
essentials;3
receiving;3
whether;3
mapping;3
lehrman;3
lapip;3
equipments;3
speak;3
lanap;3
codiagnostix;3
sophisticated;3
navident;3
cumi;3
foothold;3
character;3
fiction;3
resemblance;3
persons;3
dead;3
purely;3
coincidental;3
initiative;3
activities;3
combination;3
lively;3
debate;3
arizton;3
perhaps;3
retrospective;3
tidedental;3
deadline;3
delay;3
room;3
transformationtuesday;3
derek;3
birth;3
asked;3
flash;3
plannings;3
policies;3
castle;3
taunton;3
greensburg;3
huntingdon;3
gone;3
studying;3
even;3
labs;3
engage;3
ranging;3
desired;3
sensitive;3
closing;3
bookings;3
carisbrook;3
teaser;3
likely;3
burning;3
branches;3
manda;3
consistently;3
singapore;3
reviewed;3
coaxis;3
cryptocurrency;3
blockchain;3
snapshotkey;3
chapters;3
semifinished;3
sockets;3
conventional;3
graduate;3
located;3
kwang;3
zirkonzahn;3
caused;3
anterior;3
chipped;3
path;3
realities;3
honor;3
inviting;3
continuingeducation;3
ernest;3
longer;3
green;3
bite;3
return;3
asrar;3
auxiliary;3
impacting;3
colorado;3
whole;3
eventbrite;3
called;3
zinedent;3
breakthroughs;3
precious;3
trainers;3
yakup;3
üstün;3
tolga;3
akova;3
magnificent;3
connect;3
etiology;3
vital;3
elements;3
dhafer;3
eluta;3
workflows;3
pleasing;3
revolutionary;3
kotsianas;3
ehrindustry;3
emrindustry;3
lifting;3
several;3
anatomage;3
newtom;3
londec;3
theory;3
buser;3
dentalbusiness;3
delivered;3
teethmodel;3
everybody;3
patientstory;3
pains;3
molars;3
braces;3
keystone;3
conducts;3
lifescience;3
afaq;3
relationships;3
cleared;3
specialised;3
teammates;3
rely;3
surgically;3
intricacies;3
topographic;3
crazy;3
foundations;3
glass;3
animaltesting;3
awful;3
chewing;3
inicell;3
goldhahn;3
productivity;3
specifically;3
digitally;3
similarly;3
gothe;3
priority;3
randomized;3
bioconcept;3
dirk;3
duddeck;3
enough;3
midlands;3
effectiveness;3
estimates;3
scanning;3
bwsid;3
embrace;3
ingredients;3
elaine;3
toledodentalarts;3
stocknewsmagazine;3
mechanical;3
toledodentistry;3
inliant;3
cemal;3
dimensional;3
tired;3
sanders;3
publication;3
saxon;3
bchd;3
seeki;3
propractices;3
welsh;3
bupa;3
inverta;3
angular;3
saskatchewan;3
dentalimplantsindia;3
topdentalimplantsurgeonsinindia;3
denka;3
criteria;3
depends;3
grade;3
warantec;3
participates;3
bind;3
hopes;3
briefs;3
burrymen;3
alien;3
transmitting;3
winning;3
westin;3
sanjose;3
safely;3
chieti;3
regardi;3
mucosa;3
activity;3
biomaterial;3
largely;3
orthobiologics;3
trauma;3
craniomaxillofacial;3
vicksburg;3
jyoti;3
sonkar;3
zaga;3
eminent;3
praised;3
amherst;2
medi;2
advantage;2
informal;2
chat;2
building;2
citrus;2
eleanor;2
evans;2
mount;2
snapchat;2
bahrain;2
indian;2
barry;2
choices;2
sent;2
considerably;2
transparent;2
typodont;2
promised;2
animation;2
dentalcosmetics;2
middlebury;2
lakewood;2
platinum;2
taylor;2
transaparent;2
grace;2
tiffany;2
credentials;2
dentaldentures;2
hone;2
sarment;2
dentalcrowns;2
alex;2
helpful;2
reuters;2
maker;2
handle;2
unable;2
cars;2
sending;2
sitting;2
spurred;2
nations;2
goodbye;2
stuart;2
aligned;2
microdental;2
ilardo;2
greenwich;2
huang;2
nguyen;2
veteran;2
ingo;2
fritz;2
speed;2
batam;2
creativejobs;2
graphicdesign;2
wordpress;2
recommends;2
augmentation;2
analyst;2
tesla;2
ketki;2
schroeri;2
wang;2
isaac;2
ally;2
repairs;2
boca;2
raton;2
kilkenny;2
technolog;2
infow;2
edentalpracticefinancing;2
stovall;2
memorial;2
langstein;2
absolute;2
examines;2
missingtooth;2
kissel;2
strives;2
commoditization;2
impaction;2
surprisejobs;2
phxjobs;2
azjobs;2
talking;2
compliance;2
walnutcreek;2
scanner;2
enable;2
identified;2
llamas;2
thearchers;2
clive;2
lewis;2
wake;2
omnicam;2
qualified;2
fisher;2
dollars;2
require;2
except;2
mcneill;2
sheds;2
exhibitor;2
atoll;2
concerns;2
halim;2
beware;2
decided;2
themed;2
evenings;2
xnav;2
virtual;2
marottadental;2
normal;2
identify;2
mullally;2
furthered;2
minichetti;2
directing;2
wirenews;2
dentalim;2
icymi;2
preview;2
dodds;2
mcgill;2
finds;2
appledore;2
becoming;2
existence;2
generator;2
congenital;2
ottawa;2
enlightening;2
distributor;2
oralsurgeons;2
preconference;2
platt;2
albany;2
travelling;2
realize;2
seen;2
crime;2
channel;2
bootcamp;2
oberman;2
clinicaltrials;2
joel;2
rosenlicht;2
knoxville;2
shirts;2
cooking;2
definition;2
superdeals;2
amazon;2
feed;2
steve;2
watching;2
meal;2
church;2
ongoing;2
trials;2
candy;2
workplace;2
oldest;2
person;2
flower;2
photo;2
security;2
warcraft;2
server;2
oklahoma;2
websites;2
core;2
power;2
music;2
child;2
saturdays;2
table;2
reportsweb;2
deleted;2
files;2
windows;2
recovery;2
payroll;2
dealer;2
indiana;2
income;2
pediatric;2
physical;2
checked;2
ohio;2
brown;2
staples;2
housing;2
chocolate;2
lawyer;2
hilton;2
head;2
sesame;2
binary;2
protection;2
limits;2
ordering;2
fats;2
israel;2
bender;2
outline;2
lowest;2
camera;2
infectionprevention;2
objective;2
easyinsmile;2
overseas;2
race;2
exchange;2
financing;2
jacksonville;2
yelp;2
referred;2
focuses;2
true;2
commit;2
accredited;2
leeds;2
italian;2
restaurant;2
coupon;2
tracks;2
desktop;2
newark;2
phillips;2
mossful;2
fusion;2
profits;2
lectured;2
abubakr;2
appears;2
marked;2
rather;2
camp;2
actually;2
dentatus;2
despite;2
emergence;2
thur;2
bavaria;2
pikos;2
positioning;2
numbers;2
grant;2
orlandojobs;2
stanley;2
carolina;2
newshawk;2
strongly;2
observer;2
ficoi;2
idataresearch;2
strateg;2
fullarch;2
phenomenal;2
attached;2
completing;2
anaheim;2
move;2
partnering;2
amstadt;2
prepared;2
port;2
chapter;2
fdacleared;2
messaging;2
noon;2
federal;2
bridgeport;2
shifting;2
soar;2
nasdaq;2
pics;2
receptor;2
attendance;2
vision;2
clause;2
kuryla;2
edentate;2
houses;2
fulcrum;2
bids;2
manu;2
maitland;2
sharma;2
europeâ;2
interaction;2
webnetwork;2
booklet;2
holly;2
chamber;2
force;2
alston;2
wilmington;2
parel;2
glasgow;2
cure;2
extremely;2
grateful;2
kiwi;2
forthcoming;2
neverst;2
powered;2
revu;2
marina;2
weeks;2
woodyard;2
trying;2
useful;2
fiona;2
aimey;2
kenya;2
orange;2
leadi;2
suppl;2
guest;2
observation;2
revolutionize;2
front;2
checklist;2
conduct;2
kanan;2
pedodontist;2
registries;2
agenda;2
kids;2
finished;2
adams;2
whatech;2
kicking;2
westermeier;2
mentoring;2
swindon;2
spotlight;2
infected;2
technicians;2
though;2
randy;2
alvarez;2
pennsylvania;2
emergency;2
myths;2
correct;2
pareet;2
shah;2
fortnight;2
ultrasonic;2
requested;2
meridien;2
charge;2
queries;2
thread;2
mantra;2
chant;2
toothcare;2
ajay;2
adding;2
coffee;2
tulsa;2
karachi;2
proudly;2
peers;2
troon;2
bethesda;2
gupta;2
mukesh;2
soni;2
deals;2
marke;2
meticulousresearch;2
restraining;2
growt;2
fear;2
modern;2
comprises;2
oppo;2
nerve;2
reportbuyer;2
reference;2
foreca;2
machen;2
tempe;2
advertising;2
punjab;2
backed;2
catterton;2
mohindra;2
marketanalysis;2
lose;2
subgingival;2
previously;2
dentalimplantsmarket;2
mins;2
order;2
fernando;2
trand;2
tischler;2
reinventing;2
multibrief;2
medicaltourism;2
appreciate;2
andrea;2
aaron;2
pryor;2
therapeutic;2
photography;2
epigenetics;2
blogger;2
surging;2
fuelling;2
toothreplacementmarket;2
hope;2
colin;2
gillick;2
biomat;2
buckhead;2
scalar;2
tuned;2
nalley;2
rescue;2
dillion;2
economics;2
fridayreads;2
iskandar;2
teaches;2
paginanuova;2
wonder;2
futurology;2
installs;2
healthtech;2
technews;2
framework;2
said;2
breakingnews;2
rake;2
installed;2
studied;2
autonomously;2
mentorship;2
tony;2
organisation;2
trevor;2
ferguson;2
stayed;2
jeremy;2
tzarmedia;2
buffet;2
urgently;2
warne;2
manila;2
titled;2
continuingdentaleducation;2
calendar;2
superior;2
ahankoob;2
fair;2
trenton;2
lifestyle;2
vashar;2
salesperson;2
onlinemarketing;2
stuff;2
loose;2
bucharest;2
ceraroot;2
conservative;2
khajavi;2
frequently;2
facilities;2
note;2
rush;2
synthetic;2
drop;2
proposed;2
hassan;2
koshak;2
otolaryngology;2
industrialization;2
friel;2
alwayslearning;2
betterwitheducation;2
detroit;2
bits;2
oxford;2
monitors;2
implantologie;2
simultaneous;2
clients;2
visits;2
disposal;2
toll;2
restrictions;2
animal;2
davis;2
neme;2
military;2
weekly;2
pivotal;2
textbooks;2
translat;2
effectively;2
surcam;2
homer;2
lisa;2
processing;2
bioengineered;2
paradigm;2
choise;2
pravin;2
chavan;2
bodies;2
iqbal;2
bjstr;2
dentalimplantsaward;2
solid;2
sturdy;2
fact;2
clair;2
shores;2
biologic;2
revolution;2
begun;2
autogenous;2
prizes;2
bath;2
overwhelming;2
hike;2
inspired;2
sleeves;2
interest;2
plus;2
marcomm;2
publicist;2
serving;2
promoting;2
affects;2
actions;2
deliver;2
consumers;2
instructional;2
inconvenience;2
clearch;2
grown;2
networks;2
seem;2
approval;2
researcher;2
succinct;2
style;2
rocky;2
neoss;2
beckwith;2
literally;2
adage;2
mostoufi;2
medsuite;2
implantesdentales;2
regeneraciónósea;2
bonegraft;2
competence;2
josephs;2
priced;2
specialize;2
passion;2
shocked;2
simplify;2
implementation;2
inplenion;2
profit;2
decide;2
organs;2
verge;2
accepted;2
bitcoin;2
multimedia;2
chester;2
chairs;2
sterilization;2
inquiry;2
slots;2
submission;2
paulo;2
vssacademy;2
futuredentist;2
scenes;2
jason;2
glad;2
vaneltia;2
maneeshadental;2
pain;2
comparative;2
kirksville;2
retained;2
relating;2
sandy;2
forecasting;2
dents;2
balancing;2
krish;2
bhatia;2
chrcanovic;2
stopped;2
molar;2
internal;2
narrated;2
ramsey;2
amin;2
diagnostics;2
increasingly;2
solut;2
traumatic;2
ratio;2
debated;2
heba;2
allah;2
madi;2
mfdrcsi;2
aoia;2
else;2
matter;2
dentalheal;2
frid;2
subcrestal;2
tunein;2
playatshow;2
counsel;2
king;2
sargon;2
lazarof;2
immediately;2
loaded;2
verifiable;2
geared;2
hamad;2
alrumaih;2
alhumaidan;2
wellness;2
interviews;2
outpatient;2
thousand;2
oaks;2
enhancements;2
rendering;2
commonly;2
gamma;2
knife;2
notice;2
stocks;2
became;2
maxicourse;2
connects;2
minimize;2
dealfindingdentist;2
augusto;2
beato;2
easily;2
dynamicnavigation;2
historical;2
atraumatic;2
stone;2
pressreleaselive;2
visionary;2
oris;2
osteotomies;2
collaboration;2
tuesdaythoughts;2
dentalcontinuingeducation;2
unmatched;2
ending;2
theme;2
appliance;2
recommendations;2
optimized;2
craig;2
severely;2
collagen;2
resnick;2
dentin;2
itero;2
bases;2
procedural;2
shaping;2
iraise;2
guests;2
magazine;2
idat;2
organizations;2
sounds;2
stranger;2
competent;2
spots;2
wednesdaywisdom;2
runs;2
protec;2
hahn;2
devright;2
destination;2
accident;2
stakeholders;2
seeing;2
dentsplysirona;2
pathways;2
diverse;2
illnesses;2
liver;2
qualify;2
taste;2
yummy;2
started;2
overdue;2
sensation;2
johnston;2
concentration;2
consulting;2
analogous;2
commitment;2
hyatt;2
sedation;2
older;2
sight;2
demanding;2
predictableanterioraesthetics;2
shoutout;2
confrence;2
artificailintelligence;2
fillings;2
rightway;2
acdi;2
audiance;2
ideally;2
suited;2
eligible;2
privately;2
straighten;2
sanantoniodentist;2
loved;2
goodness;2
recommendation;2
agents;2
invested;2
precision;2
seek;2
coordinators;2
responsibiliti;2
procedur;2
pride;2
cordially;2
angela;2
completion;2
montclair;2
mastery;2
trainer;2
cruise;2
bahamas;2
availability;2
referring;2
scheduled;2
virgilio;2
mongalo;2
chairman;2
beginners;2
biography;2
listed;2
hypothetically;2
nobelpearl;2
later;2
amongst;2
maximo;2
agile;2
nola;2
easier;2
preston;2
resto;2
centennial;2
emily;2
addressing;2
jawbone;2
amarik;2
singh;2
council;2
itzkowitz;2
offices;2
availab;2
subtleties;2
registering;2
pakistani;2
toothreplacement;2
chief;2
situations;2
pink;2
dentalimplanttraining;2
recorder;2
relax;2
extract;2
dentista;2
consequences;2
correction;2
aesthetica;2
headed;2
minor;2
beumer;2
alasmari;2
consultan;2
propel;2
globaldata;2
durable;2
ceramicimplantsperth;2
dentalclinic;2
yomisurgery;2
firstimpressionsmatter;2
efficiency;2
lassin;2
aesthetically;2
wholly;2
proced;2
chitwan;2
simulations;2
exceeding;2
healingabutment;2
pozzi;2
stellalife;2
fuse;2
christoph;2
hämmerle;2
bisphosphonate;2
groundbreaking;2
patience;2
kindly;2
yeah;2
irritated;2
piercing;2
interpretation;2
cadavers;2
estimation;2
nyudentistry;2
decisiondatabases;2
regarded;2
commemorate;2
sikh;2
nanak;2
underprivileged;2
gurunanakdevji;2
birthanniversary;2
ranbajgroup;2
yankee;2
assessing;2
jensen;2
converged;2
alum;2
koray;2
feran;2
davies;2
rico;2
arta;2
smartfix;2
twoday;2
affords;2
finish;2
bridgetooth;2
dentalschoool;2
dentaldegree;2
booms;2
busts;2
respectively;2
hopefully;2
whitney;2
bolt;2
cheers;2
advanceddentistry;2
nancy;2
degree;2
paltop;2
merge;2
bruno;2
cohen;2
kuwait;2
israeli;2
undergone;2
ardenhills;2
wave;2
lenses;2
jocelyne;2
charest;2
tried;2
tested;2
orthopaedic;2
sectors;2
personnel;2
tawzif;2
eight;2
infomercial;2
shout;2
characterization;2
multispecies;2
shooting;2
patientcentered;2
evaluate;2
potent;2
crisis;2
exams;2
hanna;2
mode;2
dresses;2
artist;2
lamonte;2
corning;2
incorporated;2
resident;2
molds;2
casting;2
hench;2
bioglass;2
luck;2
wych;2
cluster;2
inso;2
testing;2
medicalresearch;2
burn;2
forge;2
simon;2
wright;2
monterrey;2
nobelbiocareuk;2
extra;2
oralsurgeon;2
inhumane;2
montana;2
occurring;2
classed;2
ambulant;2
biofunctional;2
longevity;2
surprising;2
humans;2
ortech;2
regenerative;2
ossixindia;2
finances;2
horrible;2
sonia;2
leziy;2
disrupts;2
hybridge;2
implanting;2
pondering;2
horror;2
greg;2
unbiased;2
animals;2
clearfield;2
situation;2
classifications;2
lowcostdentalimplants;2
endocrine;2
disorder;2
sense;2
instructor;2
sultan;2
taha;2
maleen;2
dharmishtha;2
ambiance;2
hrbrlayout;2
kalyannagar;2
kammanahalli;2
firma;2
petizione;2
cruel;2
smiles;2
incisive;2
surgident;2
expanded;2
customer;2
racing;2
reception;2
derby;2
therapists;2
hygienists;2
stefan;2
statements;2
technol;2
planmeca;2
oregondentalconference;2
heath;2
lampee;2
optimize;2
uxbridge;2
implanteducation;2
ufcid;2
appealing;2
swamiji;2
commission;2
candidates;2
stubbs;2
halley;2
cologne;2
previewing;2
planet;2
visionard;2
oled;2
oleddisplays;2
aided;2
designing;2
boon;2
vestacourses;2
cadavercourses;2
clearchoic;2
pete;2
hacking;2
matt;2
welebir;2
nevadas;2
prime;2
deere;2
tractors;2
jeopardy;2
acls;2
attach;2
protect;2
bhide;2
souza;2
wylie;2
healthysmiles;2
diabetic;2
etihad;2
stadium;2
santo;2
domingo;2
peptide;2
repeatedly;2
dentalhygienist;2
huguenot;2
zain;2
hyder;2
alexis;2
oristian;2
qualification;2
programmes;2
replay;2
harvard;2
numerous;2
autoimmune;2
conversions;2
rohtak;2
nailsworth;2
drjosenunes;2
pertheducation;2
occurrence;2
modular;2
chennai;2
osstemimplant;2
wants;2
roberts;2
eugena;2
waggoner;2
alghamdi;2
leann;2
nanotechn;2
newspaper;2
predoctoral;2
drillless;2
vanstrom;2
indianapolis;2
truck;2
sallustio;2
cosmeticdentistrynyc;2
newyorkcosmeticdentist;2
mobilecbct;2
recommended;2
celgro;2
cairo;2
shop;2
snap;2
osha;2
hippa;2
performer;2
jerome;2
wees;2
wewel;2
novabone;2
medtronic;2
considers;2
electron;2
microscopy;2
hidden;2
dntl;2
polytechnic;2
regina;2
facilitate;2
instruction;2
significantly;2
earning;2
sequential;2
naples;2
promote;2
changeyourlife;2
array;2
waukesha;2
generate;2
paragon;2
gangotra;2
mclindent;2
looseteeth;2
lydie;2
livolsi;2
patented;2
nasal;2
septum;2
deepak;2
advancedentalcourses;2
dentaltrainingindelhi;2
bhutanidentalcourses;2
raiseyourstandardsindentistry;2
napervilleoralsurgery;2
linked;2
scary;2
lessons;2
regular;2
monroe;2
injectables;2
icaoi;2
portsmouth;2
monroeville;2
discern;2
grisdale;2
philosophy;2
restoratively;2
sasmfos;2
southernimplantsworkshop;2
nazalus;2
traction;2
kathy;2
impartnews;2
implantsurgery;2
madrasdental;2
gene;2
lance;2
dayer;2
goteborg;2
berne;2
malmo;2
groningen;2
keith;2
vitalitydentistry;2
drrajsingh;2
garden;2
wcups;2
myth;2
papilla;2
spaceflight;2
chrome;2
cholakis;2
ferrier;2
invented;2
qbnnews;2
abstracts;2
ellyn;2
continually;2
invests;2
enhances;2
allonx;2
scare;2
halloween;2
mistaken;2
ghoulish;2
ghost;2
witch;2
framingham;2
midland;2
identification;2
follows;2
strict;2
maximum;2
flawless;2
traceability;2
technifor;2
complying;2
censored;2
pinho;2
mystery;2
strength;2
devdent;2
taylored;2
nanoceramics;2
mill;2
catalysts;2
iled;2
attendee;2
influential;2
ticket;2
undergoing;2
painfreedentistry;2
sparklingsmile;2
dentaltherapist;2
blackfriday;2
periodontology;2
acredited;2
exhibitors;2
speedprochicagoloop;2
greatbiggraphics;2
surfaceimpact;2
myoms;2
maids;2
imported;2
professors;2
pakistanis;1
thurs;1
morefunz;1
honolulu;1
turnout;1
incorrectly;1
complaint;1
saar;1
manama;1
amwaj;1
muharaq;1
aaliyah;1
anna;1
neutral;1
hamburg;1
eisenman;1
cleanteeth;1
carie;1
feels;1
worl;1
industrypr;1
michelle;1
strange;1
possibly;1
colleague;1
obviously;1
custom;1
idtechex;1
ivorie;1
disply;1
revoltutionize;1
mullasseril;1
topworldstories;1
worldnews;1
prototype;1
interim;1
cowell;1
official;1
marketstudyrepo;1
lunan;1
apex;1
thru;1
kawakami;1
dentalinstruments;1
ftwashington;1
miracle;1
dentalimplantseminar;1
canmore;1
moldenhauer;1
edgewood;1
biomedi;1
dentalhygiene;1
preventativedental;1
denturedentistry;1
tower;1
kennesaw;1
louisville;1
samedayme;1
samedaydentalimplants;1
dubaismile;1
champaign;1
firstly;1
interests;1
futuredental;1
emergencydentalcare;1
happen;1
lives;1
graves;1
reclaim;1
kansas;1
isaacs;1
babbush;1
discovers;1
libertyville;1
karkhi;1
implantcompare;1
livestream;1
clubs;1
masterclasses;1
dentalcheckups;1
garyjones;1
virginiajobs;1
vajobs;1
tysons;1
fior;1
raises;1
structures;1
antidepressants;1
blast;1
unmanifested;1
contemplation;1
kjaus;1
froum;1
implantdentistottawa;1
dentalottawa;1
procedu;1
followup;1
peshman;1
beth;1
drarungargdmd;1
bendkowski;1
dido;1
metro;1
batamport;1
maclean;1
fadi;1
fpfa;1
facd;1
joseph;1
belldental;1
endo;1
tecate;1
overt;1
epndgiwj;1
adwords;1
berlin;1
webdesign;1
ecommerce;1
brooklands;1
polmer;1
gray;1
programmer;1
doring;1
motors;1
associ;1
impe;1
gear;1
partne;1
medga;1
alexjo;1
maxi;1
extending;1
tawil;1
immediat;1
sheedy;1
contin;1
meisner;1
didsb;1
jayvburgos;1
cloudstorage;1
burgeoning;1
greder;1
krauser;1
pllc;1
pensacola;1
sorrento;1
stem;1
exploresunited;1
nowhiring;1
prosthodoni;1
worldstarjobs;1
alley;1
eyecatching;1
offbeat;1
ambient;1
gusta;1
esta;1
imagen;1
mypickedphoto;1
bill;1
sits;1
indepth;1
shakib;1
chan;1
omanya;1
supercar;1
rally;1
princes;1
sheiks;1
compititive;1
hollywood;1
phelps;1
calif;1
especially;1
hability;1
mohandas;1
gandhi;1
paradox;1
train;1
load;1
sanantonio;1
comment;1
dibenedetto;1
ludlow;1
trillions;1
teethfirst;1
developements;1
researchskills;1
alexjon;1
kwong;1
communication;1
fascinating;1
rapids;1
industrytrends;1
manage;1
miller;1
feasibility;1
pattersondental;1
unbranded;1
surprised;1
orangecounty;1
moneim;1
endosse;1
miles;1
yuma;1
alprobotic;1
sanding;1
microbead;1
polishing;1
water;1
flosser;1
kristy;1
bonazza;1
fredrick;1
nobody;1
globalconference;1
monaco;1
melissa;1
parkerfixture;1
glasseye;1
bwphotography;1
buyfineart;1
developm;1
clttraffic;1
inpronto;1
modeling;1
oneself;1
lock;1
stroke;1
tnpkakrd;1
tambor;1
steemit;1
resorbable;1
glorianna;1
zangiacomi;1
woodholmecc;1
miniresidency;1
savarrio;1
heartburn;1
dentalbilling;1
codingwithkyle;1
cmehours;1
laura;1
marshall;1
eadc;1
gotheextrasmile;1
farnham;1
sciencedaily;1
mcgilluniversity;1
medicalinvention;1
eastman;1
pieter;1
philadelphia;1
designated;1
milton;1
keynes;1
bracknell;1
resear;1
friendly;1
producing;1
prototyping;1
ottawadentalservice;1
onlay;1
kayolhope;1
simulator;1
phantom;1
scotland;1
essex;1
kendal;1
guttenberg;1
cera;1
flyerlpa;1
reseach;1
brampton;1
innovativetreatmentsolutions;1
peck;1
attachment;1
budapest;1
ehealth;1
quandu;1
holy;1
alltop;1
legal;1
police;1
crush;1
zirkolith;1
emery;1
mihisdesign;1
artificia;1
geria;1
acclaimed;1
rese;1
baumgarten;1
designthings;1
logoinspirations;1
logodesign;1
branding;1
brandidentity;1
graphicdesigner;1
zuckerberg;1
censoring;1
timeshare;1
tripadvisor;1
doll;1
diwan;1
induction;1
cooktop;1
enter;1
bologna;1
ucla;1
paralegal;1
aliexpress;1
superdeal;1
easiest;1
prnew;1
korenman;1
ryanxthompson;1
revolutionising;1
broadway;1
hotels;1
davidxmarshall;1
georgia;1
hershey;1
millioneth;1
visitor;1
sleeps;1
oynatma;1
listesine;1
ekledim;1
stereotactic;1
radiosurgery;1
metastases;1
violence;1
rope;1
ways;1
anger;1
forest;1
paris;1
curriculum;1
childhood;1
corrosion;1
shower;1
shine;1
scrubbing;1
bubbles;1
disney;1
venture;1
login;1
filomena;1
battista;1
guinness;1
johnxgrams;1
foxdie;1
vidant;1
personal;1
runners;1
unni;1
neel;1
ashar;1
canals;1
kendall;1
somerville;1
spss;1
refills;1
prostate;1
antigen;1
serum;1
cameras;1
broomfield;1
voice;1
equity;1
contemporary;1
sherman;1
riot;1
bootcut;1
mens;1
jeans;1
bradley;1
bahama;1
outer;1
islands;1
eworks;1
autism;1
audio;1
carotid;1
artery;1
duplex;1
ultrasound;1
recover;1
ricoh;1
warsaw;1
asher;1
bruxism;1
campus;1
mustang;1
dealership;1
polygraph;1
captivate;1
samples;1
dodge;1
warner;1
robins;1
employment;1
laws;1
shrink;1
tubing;1
marion;1
stations;1
roll;1
gates;1
artistic;1
election;1
posters;1
fund;1
quart;1
mixers;1
steimel;1
pump;1
villas;1
jamaica;1
toyota;1
tire;1
autocad;1
transit;1
cincinnati;1
leather;1
sofa;1
seater;1
cancel;1
landline;1
bookkeeping;1
classes;1
starbucks;1
auburn;1
dial;1
editor;1
engagement;1
rings;1
dishwasher;1
storytelling;1
hoops;1
earings;1
darphin;1
cream;1
parshin;1
gluten;1
frosting;1
recipe;1
redlands;1
wallingford;1
dealers;1
flow;1
chai;1
operative;1
noragrets;1
directv;1
dell;1
wedding;1
lawfirm;1
ivory;1
basketofdeplorables;1
disc;1
paisley;1
targets;1
excel;1
cardboard;1
vehicle;1
socks;1
coleman;1
procat;1
propane;1
heater;1
checks;1
trans;1
saturated;1
luxury;1
rental;1
reporting;1
blendtec;1
porcelain;1
revlon;1
chase;1
cartridge;1
baby;1
ramavat;1
supervisory;1
rated;1
charities;1
treasure;1
pools;1
sche;1
implantwide;1
educate;1
gifts;1
turlock;1
dish;1
apps;1
intuit;1
newsletter;1
creator;1
mass;1
electric;1
freeonline;1
hero;1
trailer;1
contracts;1
negotiations;1
diagram;1
saturnia;1
venice;1
bridgework;1
chebukativetting;1
kfcbkecoboinbomet;1
nbodentist;1
championship;1
drag;1
arrowhead;1
traded;1
handouts;1
thought;1
highland;1
oncology;1
junior;1
sans;1
gsec;1
victor;1
warren;1
buffett;1
renewal;1
symptoms;1
headaches;1
codecs;1
ayurvedic;1
headache;1
metlife;1
contract;1
mortgage;1
lenders;1
maine;1
kennel;1
maryland;1
buchanan;1
tacoma;1
domain;1
nginx;1
resolve;1
foreign;1
corruption;1
charges;1
davia;1
kanyon;1
keeney;1
withou;1
mostly;1
skin;1
digestive;1
cholesterol;1
cialis;1
applic;1
dailycommercenews;1
callers;1
loivosodontologia;1
belíssimo;1
dentalsymposium;1
frontiers;1
infowa;1
marketreport;1
broad;1
drills;1
deeper;1
kaspersky;1
previousl;1
quikrete;1
concrete;1
bonding;1
adhesive;1
msds;1
oakland;1
fences;1
totally;1
banks;1
smoking;1
carpenter;1
fitted;1
assistance;1
norwalk;1
assay;1
aboard;1
preschool;1
keven;1
depth;1
gingival;1
gauge;1
shiping;1
processes;1
kathleen;1
burns;1
organ;1
nowmedia;1
valuable;1
sposnored;1
icon;1
arrow;1
lamp;1
medal;1
icons;1
radical;1
flip;1
musical;1
conte;1
assure;1
uptake;1
lucerne;1
expect;1
annually;1
bobby;1
watson;1
corporationdentsply;1
cancellation;1
allsopp;1
portlandjobs;1
pdxjobs;1
orjobs;1
endure;1
bannon;1
cosponsoring;1
interprofessional;1
howell;1
barnes;1
heres;1
krati;1
jain;1
kaschube;1
granddental;1
developement;1
shaped;1
locally;1
peeps;1
reinforce;1
milling;1
akimoto;1
cnus;1
labial;1
action;1
siouxland;1
advisory;1
ahem;1
behalf;1
brest;1
buttock;1
bailey;1
arnica;1
brilliant;1
approached;1
yeager;1
handful;1
sympo;1
grooming;1
anthogyr;1
overpaid;1
corrupt;1
losaltos;1
staller;1
inpu;1
partnerships;1
communications;1
summaries;1
thief;1
prove;1
retaliation;1
sarathy;1
spammed;1
hobby;1
advantages;1
adhd;1
behavior;1
ouch;1
rachael;1
rettner;1
jazz;1
trail;1
blazers;1
sets;1
sights;1
observations;1
clears;1
visibility;1
santa;1
split;1
mauricexalvarez;1
trading;1
brakes;1
everett;1
jewelry;1
epidermal;1
builder;1
turquoise;1
sandless;1
refinishing;1
visual;1
medview;1
dyna;1
huaxi;1
lekker;1
managerial;1
emails;1
reputation;1
healt;1
bigda;1
pebble;1
ghazari;1
mcdowell;1
inspection;1
window;1
seal;1
carlsbad;1
mankatodentist;1
carlsbadca;1
larry;1
ogwo;1
lovefl;1
oration;1
concluded;1
factoid;1
leaves;1
consideration;1
danbury;1
nyccd;1
southside;1
livepatientseminar;1
restraint;1
rapport;1
wampum;1
resultant;1
jiywrqduz;1
researching;1
cringed;1
everytime;1
kennot;1
benda;1
ceraso;1
lebanon;1
hazmieh;1
atte;1
pads;1
gaza;1
combat;1
officer;1
alexandra;1
crooks;1
czech;1
clarion;1
crash;1
osseonews;1
companion;1
norton;1
mccawley;1
although;1
calaméo;1
attitude;1
olesya;1
hddentalcenter;1
obstructive;1
enrolled;1
erythema;1
nodosum;1
enviroment;1
streamlined;1
printer;1
doodlekit;1
impress;1
terminology;1
slota;1
zola;1
makrauer;1
convert;1
despensieres;1
curement;1
deases;1
flight;1
evansvil;1
antidepressant;1
attariani;1
donna;1
fava;1
provisionalizing;1
facsinating;1
blackjack;1
kite;1
revcontent;1
jowls;1
derma;1
opine;1
avik;1
dandapat;1
berkshire;1
comparing;1
malayia;1
arrive;1
seeyoutonight;1
opin;1
itiws;1
basel;1
pogrom;1
mama;1
subsidized;1
mydentistinmiami;1
kala;1
coating;1
prevents;1
tssue;1
rock;1
consist;1
jurim;1
rocking;1
preorder;1
enlightened;1
limitations;1
nassau;1
nassaucountyperiodontist;1
irene;1
pond;1
reaction;1
nanocated;1
schaumburg;1
fooled;1
bait;1
switch;1
confused;1
pubmed;1
corridor;1
researchcorridor;1
duraiappa;1
specializes;1
scheme;1
staffing;1
didsbury;1
pictured;1
nowacceptingmedicare;1
cybermed;1
ondemand;1
makers;1
sarah;1
preventing;1
bristolrwb;1
gmbh;1
cloaks;1
glob;1
teethxpress;1
upland;1
orthondist;1
wildomar;1
flamehealth;1
definitely;1
anti;1
beard;1
headtalker;1
marketingstrategy;1
alisa;1
implantrestorationnorwich;1
forceps;1
demonstrated;1
ascend;1
fridayfact;1
dispelled;1
honorarium;1
afforded;1
whoneedsmedschool;1
underbite;1
thirty;1
misbranded;1
grey;1
provinces;1
grin;1
exist;1
rare;1
dramatic;1
lasik;1
surg;1
reducing;1
emerges;1
theperiogroup;1
arungargdmd;1
livepatient;1
rotation;1
internationalcongressaoi;1
thurday;1
distrib;1
haste;1
procure;1
resin;1
edentals;1
aussies;1
oralsystemic;1
demographics;1
milwaukee;1
radioshow;1
instant;1
ugly;1
rica;1
lifetime;1
warranty;1
smooch;1
actresses;1
pehle;1
vimal;1
masala;1
wale;1
daat;1
heroines;1
ulti;1
aati;1
konotopetz;1
toothdoctor;1
busines;1
painswick;1
womensinterest;1
solving;1
dilemmas;1
workable;1
purchases;1
gadsden;1
idustry;1
patien;1
boulder;1
caron;1
lyon;1
infrastructure;1
heavily;1
ontario;1
odin;1
azeem;1
sheikh;1
kicks;1
contributes;1
shivani;1
redneckweddinggifts;1
zapper;1
elegant;1
valu;1
bundled;1
lydia;1
heading;1
bittoo;1
whittier;1
removes;1
submissions;1
industr;1
indus;1
educationial;1
tears;1
incl;1
plateform;1
prone;1
implantitis;1
lack;1
hafid;1
mustapha;1
morocco;1
revealed;1
explained;1
malpractice;1
attorney;1
cutts;1
gregg;1
sdiabetes;1
plugs;1
gopresgo;1
rathburn;1
marvels;1
butura;1
brea;1
recreationally;1
freechapterfriday;1
bodakdev;1
implantse;1
srinagar;1
kashmir;1
recognised;1
achour;1
operator;1
dentalimplantconference;1
brahm;1
residual;1
cement;1
preserve;1
charged;1
readmore;1
vivacious;1
odds;1
boss;1
cinema;1
contributor;1
actionable;1
banggood;1
licensing;1
shou;1
azoffers;1
chew;1
bogota;1
colombia;1
aldep;1
ions;1
couples;1
upsurge;1
predictions;1
surgeri;1
rodriguez;1
painlessly;1
extracts;1
compan;1
crowdiligent;1
bunch;1
frieedman;1
bosler;1
clayton;1
proposals;1
goods;1
psychologist;1
marry;1
dslr;1
concert;1
graces;1
gaoc;1
milltown;1
hire;1
hardikprkh;1
denplan;1
safeguarding;1
adults;1
prgf;1
berens;1
acorss;1
kristina;1
cain;1
admitted;1
cgtnoffic;1
sport;1
robin;1
localseo;1
mesa;1
complementary;1
cgtnofficial;1
sluggish;1
unbelievable;1
yahav;1
amos;1
fame;1
eyes;1
eyesonevents;1
noone;1
scoops;1
volunteers;1
liveleak;1
nigh;1
volunteered;1
beat;1
roboticdentistry;1
isela;1
mascarenhas;1
sandford;1
bexleyheath;1
kent;1
steem;1
alloys;1
regenmedicine;1
safelyconductdentalsurgeries;1
reboot;1
mediamemes;1
roboticstrends;1
rickking;1
ishan;1
indiegamedevbot;1
hardware;1
worlds;1
commemorates;1
periodo;1
bryan;1
preserving;1
contour;1
familydentist;1
teethinaday;1
trainees;1
strap;1
charo;1
myspace;1
unassisted;1
unsure;1
positives;1
manan;1
urbanek;1
markethas;1
thumbs;1
vitaliteeth;1
pope;1
filemedia;1
establish;1
sahightech;1
bookzon;1
bookspot;1
toni;1
mann;1
yikes;1
hporalsurgery;1
graphic;1
sahad;1
freela;1
rating;1
marquest;1
agreement;1
scien;1
classindian;1
shall;1
horsetown;1
updat;1
vikram;1
ahuja;1
dentalcliniclucknow;1
quotes;1
resulted;1
lawn;1
canberra;1
leif;1
svensson;1
maureen;1
serv;1
cdas;1
rdhs;1
arbutus;1
temporaries;1
chitosan;1
hávard;1
haugen;1
enthusiastic;1
debridement;1
preform;1
upgrade;1
inspirational;1
satnick;1
ventura;1
preventative;1
meticulous;1
setareh;1
lavasani;1
william;1
carter;1
equipped;1
nerdy;1
anthrax;1
ocea;1
trump;1
falling;1
knowing;1
nilima;1
quik;1
thunder;1
mclellan;1
engines;1
ballistic;1
pottery;1
enrolling;1
novice;1
applies;1
disposable;1
windy;1
blown;1
hoissen;1
kang;1
contestant;1
hyndland;1
phil;1
alittlelessstrictly;1
automatic;1
blogging;1
blogspot;1
vlog;1
afghanistan;1
posting;1
makemoneyonline;1
freelancer;1
snag;1
drrobingallardi;1
entrance;1
niche;1
markus;1
blatz;1
afterward;1
pick;1
retreating;1
failed;1
bruce;1
logan;1
levin;1
demonstrate;1
liliana;1
gandini;1
waka;1
kadoma;1
philips;1
donley;1
emmanueldental;1
dentisttx;1
richardsontx;1
richardsondentist;1
drpra;1
wastes;1
appropriate;1
waste;1
organic;1
gaviria;1
warwick;1
duncan;1
christchurch;1
bioengineering;1
breaks;1
neighborhood;1
norman;1
mamoon;1
rashid;1
rdent;1
setyourreminder;1
galway;1
capitalization;1
seetright;1
philanthropists;1
brightsidedds;1
directions;1
substitutes;1
usmarket;1
progresses;1
ivan;1
chicchon;1
tricks;1
cory;1
glenn;1
heathcare;1
jada;1
occlusion;1
lifelong;1
craniofacial;1
clark;1
stanford;1
ctscan;1
romanian;1
ionut;1
leahu;1
theperfectsmiledentalclinic;1
drsarabjeetsingh;1
romexis;1
kohima;1
bremerton;1
arthur;1
implantsdoneright;1
deposit;1
newdentebook;1
maksoud;1
utorlibs;1
often;1
usually;1
anaesthetic;1
conyers;1
modernizing;1
revechaston;1
laytonperiodontics;1
lhyziebongonblog;1
ashafak;1
shekh;1
letslearntogether;1
oyster;1
mushroom;1
holmes;1
reac;1
ecosystem;1
ballou;1
jodat;1
askari;1
mohammad;1
salim;1
ateyah;1
grayish;1
passports;1
aous;1
dannan;1
succeed;1
equip;1
theoretic;1
connectivity;1
actor;1
oleg;1
tabakov;1
sunny;1
punta;1
cana;1
instructed;1
kline;1
tightest;1
pants;1
land;1
matters;1
mazor;1
frontline;1
phlebotomy;1
leonard;1
linkow;1
publicrelations;1
herard;1
supper;1
hence;1
facilitates;1
higher;1
profitable;1
pornstar;1
courtney;1
cummz;1
henderson;1
cnzara;1
unlimited;1
exclusion;1
disappear;1
inter;1
felton;1
oops;1
communuty;1
keithtaylordds;1
uumbadm;1
osteoready;1
scottdale;1
kyocera;1
bego;1
biomater;1
boardcertified;1
whiter;1
endosteal;1
subperiosteal;1
transosteal;1
srinivas;1
cella;1
borell;1
regd;1
formd;1
reportsnreports;1
likeforfolow;1
shake;1
hitman;1
officially;1
porsche;1
clinically;1
boxing;1
drhitman;1
atlantajobs;1
cable;1
aggressive;1
highquality;1
merida;1
accurately;1
teamcdp;1
mikaelaslovelife;1
funnystuff;1
texasinstituteoforalimplantology;1
polycaprolactone;1
sutures;1
wound;1
dressing;1
compounded;1
changemanagement;1
applicati;1
summarymarket;1
followsby;1
acquires;1
excellence;1
julio;1
brother;1
hernandez;1
yanel;1
echemendia;1
cotton;1
saunders;1
inherent;1
pinyon;1
drrashtidds;1
revisiting;1
molarinthemaking;1
behzad;1
tweets;1
gallery;1
asstd;1
gilbert;1
attracting;1
mailing;1
wincanton;1
racecourse;1
equinox;1
dentaxp;1
whitest;1
schlaunews;1
appropriately;1
woodford;1
jocelyn;1
renee;1
mulrooney;1
newly;1
dentalimplantsperth;1
reimbursed;1
iadi;1
finest;1
turbyfill;1
plaque;1
ایمپلنت;1
accept;1
فوریه;1
halifax;1
natl;1
cdnpoli;1
francs;1
topping;1
subscribe;1
omid;1
termechi;1
inflamed;1
deployment;1
implantcourses;1
incur;1
bred;1
civic;1
toothzone;1
separate;1
asepsis;1
myob;1
remembering;1
opened;1
shergill;1
curiosity;1
urbanmyopia;1
stilllifeart;1
myartyourwall;1
fears;1
winners;1
bestclinic;1
shoulder;1
splashing;1
pool;1
silverstien;1
reconstructions;1
vestibuloplasty;1
drseanmohtashami;1
allbrightdental;1
lovelife;1
microscope;1
stra;1
fundamental;1
rationale;1
enabling;1
liam;1
excite;1
lined;1
monrovia;1
brexit;1
acute;1
illegal;1
perfectly;1
teething;1
dentalpain;1
teethcare;1
globaldentals;1
dentalloss;1
embracing;1
onlinewebinar;1
alecsandru;1
ionescu;1
holger;1
kast;1
usand;1
heinzelmann;1
ocdusal;1
spreaker;1
sundaymorning;1
preferable;1
cementation;1
coding;1
penny;1
nickel;1
allergy;1
skotnicki;1
menafn;1
registerconsiderable;1
fore;1
resnik;1
specifics;1
utilization;1
brotherhood;1
gautamala;1
fracture;1
wiley;1
centralwashingtonofs;1
matiasevich;1
pursing;1
tren;1
ligocki;1
bhati;1
celebrated;1
urges;1
srdch;1
deepanandan;1
comprising;1
ethical;1
participant;1
suturing;1
radiographic;1
diff;1
elevate;1
inspire;1
incorporating;1
seattledentists;1
refrom;1
arauz;1
abrahams;1
ental;1
bahrainevents;1
dowlaod;1
alfrey;1
davilla;1
drinking;1
recall;1
diagnosed;1
untreatable;1
spring;1
dugas;1
celebrating;1
savings;1
meaning;1
newest;1
morni;1
romriell;1
idaho;1
leopardi;1
baton;1
rouge;1
participate;1
writeupcafe;1
dentalimplantnurse;1
onlinelearning;1
newqualification;1
dermal;1
fillers;1
shehla;1
zulfi;1
resulting;1
harbourpointeoralsurgery;1
marylebone;1
outstandingpatient;1
categorizes;1
gepgraphy;1
twin;1
falls;1
dentaltechnology;1
drove;1
output;1
englewooddental;1
bergencountydentists;1
njdental;1
implantstudygroup;1
dentalintergration;1
hipaa;1
hightechdentistry;1
weloveourcustomers;1
saud;1
rick;1
regained;1
ashamed;1
miniblog;1
dinp;1
numbee;1
ultra;1
patents;1
alsgd;1
nytimes;1
bloomberg;1
thestreet;1
jimmyfallon;1
forbes;1
digitalmarkiting;1
ihub;1
foxnews;1
kudos;1
ricci;1
transcutaneous;1
abdulkareem;1
opportunit;1
phar;1
pugetsoundoralsurgery;1
brasa;1
brazilian;1
steakhouse;1
wonders;1
ourheartisinyoursmile;1
wellnesshour;1
lucky;1
granted;1
union;1
investor;1
nowadays;1
enjoyable;1
librar;1
teens;1
exploration;1
modality;1
tuition;1
foundational;1
teams;1
province;1
otherwise;1
greatmission;1
catalog;1
toda;1
preparing;1
alter;1
snrtg;1
murphy;1
match;1
uneven;1
precisely;1
large;1
specifications;1
burgess;1
facialart;1
stopping;1
asap;1
issa;1
livewebinar;1
lorne;1
lavine;1
disappointed;1
booked;1
vijay;1
smiledesigning;1
bioimplant;1
produces;1
endless;1
variations;1
orthodonticscongress;1
edentolous;1
petrungaro;1
invent;1
active;1
schilli;1
circle;1
silversponsor;1
iadc;1
masterchefau;1
ninjawarriorau;1
ruletheworld;1
sports;1
stayfit;1
soredex;1
scanora;1
invivo;1
proceeded;1
ivsedation;1
osteotomy;1
arches;1
bottom;1
altadmin;1
stick;1
diet;1
pair;1
deliberate;1
newer;1
jaws;1
reconstructed;1
calvarium;1
bovine;1
mineral;1
membranes;1
gillespie;1
remarkable;1
changer;1
promotional;1
icrowdnewswire;1
quratebi;1
block;1
faaid;1
daboi;1
minnesota;1
daniela;1
mendonça;1
recipient;1
farid;1
noie;1
pasadena;1
heartland;1
dentalxp;1
ritter;1
salvin;1
antibody;1
salmonella;1
dallgow;1
bestdentalimplantclinic;1
bestdentalimplanthospital;1
bridgwater;1
installation;1
venturagumguy;1
dentalassistant;1
dentalradiology;1
genesis;1
jaipur;1
jiju;1
nefollowers;1
throwback;1
pdgi;1
chosun;1
indra;1
alison;1
tamsin;1
tunics;1
ladies;1
ponteland;1
passionateaboutperio;1
utility;1
westchester;1
catheter;1
interrupted;1
occasional;1
bursts;1
ixaer;1
nima;1
massoomi;1
demonstating;1
zipangu;1
surgicalrobotics;1
medicinal;1
secured;1
freedinner;1
johnscreek;1
duluth;1
maryville;1
brock;1
credentialed;1
livonia;1
implantsforgp;1
aranazarian;1
ages;1
filling;1
minidentalimplants;1
frankaiellodds;1
southwesternpa;1
padentist;1
collingwood;1
gide;1
protecdental;1
protecdentallab;1
upgrades;1
tawilscott;1
ganz;1
selig;1
impactful;1
dtec;1
captured;1
masteryacademy;1
dentalt;1
knowledgeable;1
salah;1
huwais;1
showcasing;1
educators;1
visualizing;1
possibilities;1
invites;1
mega;1
opensourcelearning;1
utilizing;1
experimenting;1
sterling;1
giveaways;1
dsacademy;1
teamed;1
counselor;1
jackie;1
golden;1
amplify;1
curtis;1
jansen;1
typical;1
oxnard;1
dentistoxnard;1
sheap;1
valerie;1
smith;1
mansfield;1
cupcakes;1
pretty;1
tearing;1
roadblocks;1
zoom;1
seconds;1
flat;1
converting;1
currencies;1
settling;1
pending;1
rent;1
slow;1
watchoutironman;1
xrpthewoman;1
billy;1
marius;1
steigmann;1
conceivably;1
enjoys;1
packed;1
tons;1
catch;1
hsic;1
environmen;1
shots;1
belal;1
oxymoron;1
destinations;1
ajblackston;1
linx;1
glastonbury;1
specialises;1
provision;1
exercises;1
doubt;1
coolest;1
crafters;1
marshfield;1
tate;1
manavigator;1
moves;1
tasting;1
canapes;1
nobelclinician;1
nuffield;1
classified;1
imusod;1
stella;1
thefutureisnow;1
tirupati;1
specialities;1
colored;1
surgerie;1
interns;1
valid;1
rewriting;1
ghostwriting;1
cicciu;1
meetingnov;1
inquire;1
peak;1
thanking;1
kipling;1
reservation;1
crucial;1
ceos;1
summarydio;1
icpm;1
sharjah;1
movement;1
contains;1
historic;1
spans;1
entrants;1
assis;1
luqman;1
fawzi;1
qassab;1
swag;1
bags;1
manly;1
vienna;1
fridayfacts;1
wife;1
sanantoniotexas;1
dentalimplantexpert;1
palatal;1
indirect;1
appliances;1
emission;1
cosmeticgumsurgery;1
toothcontouring;1
reshaping;1
toothcoloredfillings;1
compositebonding;1
kheradpir;1
clicked;1
clickbait;1
gays;1
caption;1
wasnt;1
fever;1
dream;1
british;1
perspiration;1
thereby;1
paterson;1
saad;1
conscious;1
ditolla;1
cary;1
lyons;1
nationaldentalhygienemonth;1
thursdaythoughts;1
westerly;1
marianne;1
urbanski;1
jamila;1
amanda;1
centerimage;1
nuimageteamtailgate;1
rejuvenateyoursmilecary;1
cdrteam;1
carydentist;1
carydental;1
tailgate;1
dentalcoursesindelhi;1
dentalcoursesinindia;1
greetings;1
succesfully;1
independently;1
withing;1
akash;1
akinwar;1
smalla;1
saeed;1
tutmayi;1
fingertips;1
everest;1
gayed;1
osseointergration;1
mendez;1
masterpiecelabbydrsamerabdo;1
lloyd;1
cries;1
mandatory;1
guess;1
palisades;1
younger;1
ymca;1
caldwelldentist;1
medicareprovider;1
suheil;1
boutros;1
trabecular;1
elani;1
starr;1
silva;1
gallucci;1
enhancement;1
freeconsultation;1
appreciation;1
unusualallies;1
mrmoon;1
heritage;1
undertaken;1
greatest;1
indicate;1
prefer;1
gamechanger;1
forty;1
discipline;1
facilitated;1
colloquial;1
exploded;1
accomplishments;1
yong;1
scrum;1
kanban;1
projectmangement;1
execution;1
drifting;1
accompanied;1
classic;1
listening;1
funeral;1
adverts;1
inducing;1
layla;1
doubletree;1
careergoals;1
neworleans;1
nolasymposium;1
idiamembers;1
drarungarg;1
thankfully;1
healthbeat;1
shahdad;1
ayoughi;1
malone;1
lesiuk;1
ceremony;1
sums;1
consulation;1
plaza;1
unused;1
hastings;1
bexhill;1
freeoffer;1
replacementtooth;1
glendaleaz;1
micloudfiles;1
fileupload;1
apple;1
ballot;1
sheldon;1
examples;1
select;1
brady;1
surgikor;1
western;1
buraydah;1
distrubutor;1
globaltoothreplacementmarket;1
dentalbongraft;1
tissueregenerationmaterials;1
compromised;1
ridges;1
placidway;1
dentalimplantcourses;1
malligaidentalacademy;1
reco;1
endodontic;1
slowly;1
waning;1
fault;1
dilemma;1
dentalimplantsurgicalseminar;1
unlike;1
however;1
meant;1
permanently;1
traumatized;1
season;1
jolly;1
beachside;1
gradually;1
untreated;1
kamlesh;1
kothari;1
toothdecay;1
cavityfilling;1
healthysmile;1
fortunately;1
toothaches;1
accomplished;1
managed;1
ibrahim;1
talaat;1
alasmar;1
rican;1
brooks;1
costarica;1
zimmerbiomet;1
shore;1
montreal;1
montréal;1
innovat;1
columbus;1
holistic;1
justsimplyhealthperth;1
namely;1
allergies;1
addressed;1
beauty;1
traditions;1
telangana;1
naveen;1
acharya;1
dionavi;1
sayyestoyomi;1
yomibus;1
bowlinggreen;1
corvette;1
dolphin;1
drill;1
concentrate;1
shield;1
identifying;1
nepal;1
jungle;1
safari;1
angle;1
europeanunion;1
starter;1
venues;1
beautifully;1
grafted;1
linkedin;1
dentalimplantprofessionals;1
confer;1
acceleratedhealing;1
drugfree;1
painrelief;1
reduceopioids;1
demos;1
candidate;1
anatotemp;1
ease;1
buzz;1
dentalconference;1
gaoi;1
gulf;1
deficiencies;1
narrative;1
jcpbyefp;1
adopting;1
bioner;1
cspdi;1
respected;1
faculties;1
nitika;1
bidhan;1
poonia;1
authors;1
probable;1
payer;1
bucks;1
srrdg;1
stall;1
instadentist;1
lateral;1
wall;1
slade;1
behavioral;1
trivedi;1
reduced;1
healthmedicine;1
newscurrentaffairs;1
fluoroscopy;1
stomatology;1
zmkbern;1
restorativedentistry;1
implantdent;1
arfan;1
geeks;1
zastrow;1
combating;1
inserting;1
praise;1
combined;1
dramatically;1
thankyou;1
frisco;1
buttermilkskypieshop;1
tistheseason;1
raising;1
trooper;1
puppy;1
delve;1
curry;1
hole;1
paso;1
socorro;1
encino;1
parameters;1
balle;1
keyless;1
joliet;1
tatum;1
puerto;1
mitchel;1
friedman;1
leadingedge;1
fake;1
plea;1
infographics;1
methodology;1
lifeisbeautiful;1
eatgoodfeelgood;1
kissmore;1
nomoredentures;1
affordabledentalimpl;1
island;1
christmas;1
prominent;1
duties;1
responsib;1
convenience;1
bengaluru;1
spandaily;1
spandailythis;1
inclusive;1
รากฟ;1
businessplans;1
tonguing;1
knot;1
stitches;1
setback;1
crosses;1
fingers;1
contributing;1
osteotome;1
stopper;1
victim;1
surveillance;1
breached;1
obamacare;1
ehitneyhousto;1
michealjackson;1
prince;1
boygeorge;1
pornstars;1
emotional;1
soundcloud;1
regards;1
predict;1
theresistance;1
bitc;1
inshallah;1
maleèn;1
merging;1
bump;1
barely;1
sputtering;1
speakerspit;1
speakerpelosi;1
arzate;1
certificated;1
agree;1
transaction;1
complexities;1
weblink;1
chicagoland;1
westessexareajobopportunities;1
dentainment;1
riversidedentalstudyclub;1
victoria;1
buzzdental;1
blvd;1
barden;1
express;1
cosmetics;1
hollywoodsmile;1
wanendeya;1
optimise;1
outcome;1
diagn;1
updating;1
reminded;1
alexa;1
keys;1
minimizing;1
corporat;1
exception;1
dealing;1
sinuses;1
dentalpaathshaala;1
dramolthorat;1
implantoverdentures;1
instance;1
maintains;1
clemmonsnc;1
expresses;1
appreciates;1
hors;1
residents;1
casual;1
dating;1
submitted;1
cccuriousmonkey;1
comments;1
resorbed;1
wars;1
amputee;1
ears;1
noses;1
gillette;1
beards;1
civilization;1
vince;1
lombardi;1
quinn;1
lantern;1
silver;1
ring;1
graphical;1
axisguide;1
multidrill;1
onlinecourse;1
dawoodandtanneracademy;1
dentistny;1
nydentists;1
fitting;1
ankylos;1
budgeted;1
goals;1
named;1
kelly;1
blodgett;1
rophie;1
implantgenesis;1
analyz;1
knew;1
jenkintown;1
aching;1
pickled;1
pelosi;1
inhibiting;1
algn;1
eerily;1
disrupted;1
pulled;1
excerpt;1
restorativedentist;1
prognosticated;1
realestate;1
methodologies;1
milestones;1
northshore;1
reps;1
idna;1
marist;1
bosack;1
perioperative;1
mellitus;1
severe;1
hypoglycemia;1
hajime;1
shimoda;1
tetsu;1
takahashi;1
disclosures;1
socialism;1
kamalaharris;1
cosmeticsurgery;1
makeamericaprettyagain;1
globaldentalimplant;1
dentalimplantmarket;1
dentalimplantforecast;1
dentalimplantmarketreport;1
consent;1
mohtashami;1
television;1
drsean;1
drmohtashami;1
newshow;1
longbeach;1
estimating;1
cumulative;1
discoloration;1
vaca;1
rand;1
reasonable;1
cochlearimplant;1
elders;1
devoted;1
elderoralcare;1
dentalimplantsvegas;1
dentalimplantslongbeach;1
dentalimplantsnewportbeach;1
differently;1
elevation;1
quantitative;1
supporters;1
rooms;1
extend;1
iconic;1
minority;1
thrive;1
decline;1
delmar;1
nolasco;1
ryan;1
mceachern;1
slightly;1
corningmuseum;1
nationalities;1
crosssectional;1
demographic;1
patterns;1
toothache;1
describe;1
smartphones;1
supposed;1
frequency;1
emitted;1
cellphone;1
proves;1
freq;1
outlets;1
sterile;1
packaging;1
sterility;1
intact;1
hugr;1
capitalists;1
forming;1
monopoly;1
sicass;1
fukn;1
givesashit;1
caring;1
fuks;1
räddaguhundarna;1
labexperiment;1
universityofgothenburg;1
finishes;1
clinicalstudy;1
clinicaltrial;1
brief;1
labdogs;1
killingdogs;1
protest;1
dogastestinganimals;1
uproar;1
dontallowthis;1
theses;1
syrian;1
turkey;1
shaker;1
dentalevents;1
rescued;1
noanimaltesting;1
vegansweden;1
offerings;1
shreveport;1
shreveportla;1
dentalinpmants;1
integrate;1
surgicalexcellence;1
locals;1
shameonyou;1
savethesixlabradors;1
sentient;1
beings;1
vanity;1
staying;1
thommenmedical;1
assisted;1
nation;1
mastrovich;1
midwinter;1
retrieving;1
clarify;1
floored;1
jetlag;1
howto;1
digitization;1
allonfour;1
dentalimpl;1
plateletrichfibrin;1
panjab;1
harvansh;1
judge;1
kwan;1
cloud;1
viewer;1
mainly;1
beagle;1
contribute;1
appeal;1
customers;1
vote;1
feet;1
damaging;1
reputations;1
enquire;1
dcps;1
urgent;1
financier;1
farm;1
disgusting;1
immoral;1
sadistic;1
barbaric;1
evil;1
entity;1
aware;1
murder;1
helpless;1
hate;1
monthly;1
freeinfo;1
researched;1
gothenberg;1
opinion;1
labradorretriever;1
landing;1
virtualreality;1
collins;1
veterinarian;1
fredrik;1
steen;1
coach;1
hush;1
involvement;1
search;1
heads;1
sparks;1
wearing;1
dominics;1
labrador;1
retrievers;1
euthanized;1
bndm;1
torture;1
boycott;1
garbage;1
branch;1
debut;1
column;1
roundtable;1
tribute;1
walter;1
omega;1
cant;1
sometimes;1
monsters;1
downstream;1
gigantic;1
certainly;1
relation;1
sahlgrenska;1
protests;1
verified;1
ireland;1
bangalore;1
fullmouthimplants;1
fairless;1
smartfit;1
painlessdentalimplants;1
dentalimplantsburnaby;1
grinding;1
avalon;1
broschinsky;1
sanramonca;1
piedras;1
negras;1
hormone;1
closure;1
plates;1
morbidity;1
vallarta;1
annette;1
gartland;1
stated;1
tens;1
impossible;1
ripoff;1
rizwan;1
syed;1
makkahdental;1
venue;1
honest;1
businessman;1
comfortably;1
dunson;1
participating;1
regenerate;1
jeff;1
flowerdental;1
eligble;1
meadowbrook;1
casanas;1
mineolany;1
zirakian;1
impressions;1
fabulous;1
greene;1
productive;1
engelinstitute;1
darrylburkeddspc;1
darrylburkeddssurgical;1
concordcaimplantdentist;1
hearitseeitdoit;1
toddengel;1
compony;1
ivoclar;1
vivadent;1
merz;1
djurrättsalliansen;1
medicinaregatan;1
göteborg;1
sverige;1
picture;1
candle;1
solidarity;1
discarded;1
shocking;1
sponsorship;1
bias;1
controlled;1
rcts;1
fairy;1
fairfield;1
derbyshire;1
derbyday;1
derbydentists;1
przez;1
invisible;1
lingual;1
newsmates;1
simpladent;1
ihde;1
rategicimplants;1
southwestern;1
foley;1
represents;1
agentstraighttalk;1
ihatethedentist;1
mirabile;1
santamonicaca;1
concerned;1
dentalimplantsandprosthesis;1
determine;1
sheffield;1
ringwood;1
villa;1
ismile;1
sisodia;1
wanend;1
gardencity;1
scanningelectronmicroscopy;1
revolutionizes;1
changed;1
impacts;1
entering;1
hybrid;1
entsply;1
investing;1
gmail;1
hits;1
hypenews;1
hypefactors;1
nide;1
teacher;1
seekin;1
farhad;1
boltchi;1
involving;1
draws;1
controversy;1
beyondentistry;1
estecotechnologies;1
incubator;1
structural;1
femoral;1
removal;1
quarters;1
donated;1
greyhound;1
laporta;1
operate;1
eliminates;1
vastly;1
improves;1
queensdentist;1
sinusitis;1
cardiff;1
cord;1
suppo;1
monolithic;1
yesenia;1
wales;1
prama;1
beunique;1
beprama;1
watched;1
distracting;1
pretzel;1
logic;1
government;1
agencies;1
pujya;1
shree;1
bhaktisambhavdas;1
ricardo;1
kern;1
meridian;1
steph;1
collaborating;1
hungry;1
minds;1
riaz;1
julian;1
satterthwaite;1
whilst;1
dining;1
baltimore;1
morningstar;1
aunt;1
deserves;1
straight;1
physicians;1
majid;1
wondered;1
highworth;1
explanation;1
skeens;1
shlomi;1
magal;1
foreigninvestment;1
chino;1
busted;1
invention;1
composition;1
containing;1
nanophase;1
calcium;1
deficient;1
synthesized;1
shell;1
microwave;1
fence;1
exactly;1
gwyer;1
wrote;1
feautre;1
vesta;1
implantcourse;1
knightsbridgeacademy;1
drvesta;1
ukraine;1
adingroup;1
faqs;1
shot;1
denistrynewyork;1
queensny;1
fullmouthreconstruction;1
toledodentists;1
appetizers;1
conversation;1
farrell;1
hanley;1
bates;1
slagle;1
johnson;1
gardens;1
mcculloch;1
willson;1
participated;1
congressman;1
worthy;1
cause;1
helathcare;1
toledodentist;1
timeline;1
contamination;1
qualitycontrol;1
cleanimplantfoundation;1
accruals;1
advertisingmediaandmarketing;1
neobiotech;1
affect;1
systemic;1
introduced;1
progressing;1
utmost;1
omsa;1
beststaff;1
surgicalstaff;1
traveled;1
salina;1
wichita;1
recuperating;1
weak;1
eickholz;1
fcousing;1
continuededucation;1
outoftheoffice;1
butwearingridiculousscrubs;1
feelslikesandpaper;1
stilldoingdentistry;1
gotinaftermidnight;1
exhausted;1
construct;1
tourists;1
kiss;1
credibility;1
northeast;1
adventure;1
indeedjobs;1
cisplatinbased;1
chemotherapy;1
histometrical;1
cisplatin;1
mineralization;1
osteology;1
barcelona;1
intraspin;1
leukocyte;1
fibrin;1
nextregeneration;1
osteologybarcelona;1
darwinxpress;1
reposted;1
jdentalcare;1
jdsymposium;1
rimini;1
palacongressi;1
hamdy;1
stonehaven;1
raving;1
implanted;1
closer;1
mother;1
bangladesh;1
birdem;1
unihealth;1
kanir;1
professinal;1
dominated;1
onlays;1
appliations;1
coverage;1
medicalequipment;1
sarju;1
shefali;1
retailindustry;1
challenging;1
zirconiumdental;1
zirconiumdentalimplants;1
looked;1
bomb;1
barded;1
smfh;1
rugged;1
futurecareer;1
dorina;1
invitations;1
predatory;1
conferences;1
apparently;1
transsylvanian;1
bifunctional;1
inhibit;1
mouthhealth;1
orthodontist;1
congresscomments;1
exhibitions;1
celebritydentist;1
glasgowdentist;1
accounts;1
profession;1
confirm;1
accuracy;1
confirmatory;1
dualclinic;1
nonrandomized;1
hypothesis;1
damage;1
teamwork;1
measured;1
perspectives;1
zanetti;1
tekscan;1
henriette;1
lerner;1
importance;1
occlusal;1
lasting;1
toniht;1
hsdm;1
museum;1
mayan;1
histmed;1
crypto;1
mdpijcm;1
akmakjian;1
membership;1
honors;1
agreements;1
medgad;1
indications;1
shelemay;1
brookshaw;1
lakh;1
rupees;1
justify;1
hostel;1
pgims;1
loot;1
vying;1
vivek;1
saggar;1
hisar;1
surrounding;1
purple;1
shark;1
displayed;1
walpole;1
eduqual;1
loving;1
overtake;1
competitor;1
nunes;1
checkup;1
oralhealthtalk;1
bhasin;1
privilege;1
hanoi;1
anker;1
cortical;1
regency;1
osteoradionecrosis;1
konstantinovic;1
internationalconference;1
emerged;1
seller;1
stood;1
osstemimplantindia;1
naher;1
ntsply;1
mmer;1
inent;1
reviewing;1
beautybike;1
connected;1
drastically;1
ramonito;1
accepting;1
enrollees;1
inquiries;1
mail;1
served;1
advertisi;1
oppenheimer;1
sameh;1
limite;1
blessed;1
morio;1
deeptech;1
promise;1
governor;1
grissum;1
asylum;1
seekers;1
citizens;1
supervision;1
mentors;1
fruitful;1
obvious;1
putin;1
employed;1
russian;1
federation;1
draw;1
votes;1
sole;1
reason;1
asshole;1
exists;1
fuck;1
zest;1
fortune;1
cute;1
strongest;1
dazzling;1
sometime;1
odsecure;1
matches;1
discussed;1
dentalmarkettrends;1
monitoring;1
meddevice;1
masterclass;1
qualifications;1
placin;1
makinganimpact;1
forran;1
shatkinfirst;1
gentleman;1
carefully;1
delicately;1
denmat;1
kills;1
bacteria;1
ryaz;1
ansari;1
conn;1
elmhurstdentist;1
elmhurstfamilydentist;1
alpinecreekdental;1
critical;1
predominantly;1
reflective;1
worthwhile;1
temprell;1
engaging;1
datagovernance;1
lovely;1
busmansholiday;1
breakthrough;1
isprd;1
reliable;1
tissues;1
micro;1
combining;1
maths;1
poster;1
latestnews;1
glidewell;1
axelmed;1
announcer;1
dentalschool;1
nobe;1
progressive;1
orthocell;1
accelerating;1
asxstockbot;1
westsussexjobs;1
sussex;1
syndicate;1
idansb;1
supplychain;1
ditching;1
hurts;1
revive;1
tomaselli;1
promising;1
burgeon;1
curd;1
bollen;1
hype;1
stayer;1
kerr;1
quest;1
expose;1
inferior;1
xigemedical;1
mario;1
candidacy;1
complementing;1
mdpimaterials;1
ultraviolet;1
photofunctionalization;1
machined;1
papers;1
cognizance;1
teleportation;1
stores;1
bonds;1
guns;1
vacations;1
sktopemployers;1
petersburg;1
hypodontia;1
pestel;1
cosmeticdentintistry;1
spectrum;1
tilling;1
cronshaw;1
claire;1
mccarthy;1
pinhole;1
chao;1
dual;1
benjam;1
formerly;1
deaths;1
glucose;1
meters;1
browse;1
kasia;1
radajewska;1
ajijic;1
implantsyour;1
lane;1
cromer;1
cairns;1
versus;1
andover;1
hampshire;1
materialmarket;1
graftys;1
matrix;1
accelerates;1
reduction;1
timeframe;1
kicker;1
entry;1
inflation;1
stocktwits;1
implanova;1
siam;1
dentalcongress;1
puebla;1
barbara;1
densley;1
chemical;1
properties;1
astm;1
requirements;1
shaanxi;1
baoji;1
cadcam;1
dentalimaging;1
impantcases;1
treatmentplanning;1
rfid;1
medication;1
hitachi;1
journals;1
publish;1
sync;1
beacons;1
analytical;1
celebrity;1
disrupting;1
newport;1
transforminglives;1
capitalist;1
instructions;1
ebay;1
socialist;1
findings;1
prosperity;1
deteriorating;1
condition;1
cardiologist;1
insisted;1
contacting;1
shazzbooks;1
gossip;1
villagebookgroup;1
pissedoffagain;1
told;1
rebuild;1
jamie;1
waterford;1
migration;1
female;1
septal;1
abscess;1
displacement;1
tackling;1
tricky;1
disappointment;1
koreas;1
merzdental;1
docs;1
convention;1
simplyimplantsusa;1
bonegrafting;1
diagnose;1
suits;1
financials;1
standalone;1
visa;1
segmental;1
doyel;1
sherwood;1
voted;1
golpa;1
theatre;1
momentum;1
rises;1
tennessee;1
passiveabutment;1
audience;1
promoters;1
ozzie;1
richi;1
danny;1
turnover;1
antiseptic;1
sealant;1
nanocoated;1
implantabutment;1
interface;1
meas;1
newsstoner;1
snounce;1
accounted;1
shortage;1
rosalie;1
braun;1
scoopjunction;1
maintain;1
dominance;1
lprf;1
sani;1
sweeping;1
meded;1
yourhhrsnews;1
dentalimplantawarenessmonth;1
njhealth;1
healthynj;1
newjersey;1
northjersey;1
centraljersey;1
southjersey;1
jerseyshore;1
transformation;1
majorly;1
attributed;1
simone;1
banzi;1
icdrodentalimplant;1
drvijaydeshmukh;1
dentalinstitute;1
icdrodentalimplantinstitute;1
bbdentalimplant;1
dentalimplantinpune;1
madras;1
madrasdentalsurgeon;1
casecontrol;1
investigate;1
variables;1
genetic;1
polymorphisms;1
vitamin;1
designers;1
discovered;1
pins;1
pinterest;1
tomas;1
albrektsson;1
ramos;1
massimo;1
fabbro;1
milan;1
statale;1
hans;1
franz;1
giovanna;1
iezzi;1
ronald;1
ernst;1
jung;1
niklaus;1
lang;1
henny;1
meijer;1
adriano;1
piattelli;1
gerry;1
raghoebar;1
schwarz;1
heinrich;1
heine;1
lars;1
sennerby;1
jamil;1
awad;1
shibli;1
thoma;1
wennerberg;1
marco;1
esposito;1
inspiration;1
describes;1
toothimplant;1
dentureimplants;1
dentistlindale;1
implantscost;1
lindaletx;1
lindaledentist;1
tylertx;1
tylerdentist;1
laurel;1
ioannis;1
hampstea;1
tillery;1
privatepractice;1
handson;1
gujarat;1
partnered;1
dualboard;1
piezoelectric;1
ironbridge;1
appleby;1
edward;1
jordan;1
erin;1
sharkey;1
eldridge;1
effort;1
aseema;1
vacation;1
healthcarefinance;1
dentalmanagement;1
singletooth;1
australiandentalindustryassociation;1
sanetworkingnight;1
sadentalshow;1
dentalshow;1
dentalexpo;1
didyouknow;1
pathogens;1
laserlok;1
resorbedmaxilla;1
zygomaticapplications;1
ostman;1
charterian;1
newsglobal;1
socioherald;1
loads;1
dealt;1
dentalimplantspecialist;1
lafayette;1
smileon;1
perthdentistwa;1
drjosenunesperth;1
perthdentalimplants;1
perthwa;1
aloft;1
document;1
pages;1
qbnnewsglobal;1
arent;1
disposables;1
electronic;1
aluminum;1
oxide;1
dentalscience;1
hygenic;1
onyourdesks;1
biohorizonsâ;1
leawood;1
olathe;1
spearâ;1
catherine;1
crichton;1
egyptian;1
somewhat;1
problematic;1
hygeia;1
employing;1
visited;1
envir;1
fontana;1
honoured;1
rockstar;1
emeritus;1
kathmandu;1
generousity;1
encouragement;1
ambassador;1
waldorf;1
astoria;1
astor;1
ballroom;1
escalating;1
geriatric;1
northamerica;1
closest;1
imitation;1
campbelldentist;1
naturalteeth;1
word;1
bosto;1
radiologist;1
dania;1
nomenclature;1
demystified;1
ashnr;1
kierland;1
beamreaders;1
maxillofacialradiologist;1
europedentalimplant;1
healthcaremarket;1
overland;1
interpreted;1
nose;1
enlargment;1
worries;1
kinko;1
fedex;1
capitol;1
goldman;1
alexander;1
bendayan;1
gsdm;1
gurs;1
sehmi;1
dwdm;1
fairbairn;1
mercy;1
scarsdale;1
kensington;1
variable;1
unecdm;1
delaware;1
hunter;1
marketglobal;1
milled;1
acrylic;1
longmeadow;1
publishes;1
correlation;1
archive;1
rates;1
universityofnewengland;1
facultyspotlight;1
closely;1
dermot;1
feedbackfriday;1
creatingsmiles;1
draranazarian;1
showed;1
rayplicker;1
aesthatic;1
zones;1
omfs;1
mountlaurel;1
sammy;1
dentalnursing;1
habla;1
accent;1
corundum;1
particles;1
amazingly;1
sharonstrong;1
makerspace;1
guaranteed;1
orthobiolog;1
firefighters;1
battling;1
mariafire;1
flashbacks;1
thomasfire;1
ilkley;1
sivaji;1
chakravorti;1
nitcalicut;1
manoj;1
kmct;1
signed;1
collaborative;1
radiological;1
detection;1
cancer;1
sensors;1
marsa;1
malaz;1
kempinski;1
karan;1
gulati;1
nhmrc;1
uqresearch;1
pterygoid;1
double;1
retraction;1
cords;1
prepped;1
shruti;1
raizada;1
onlyatglobal;1
globaldentalcentre;1
indore;1
dentalissues;1
اسنان;1
العراق;1
ليبيا;1
السعودية;1
asiandentalacademy;1
livepatienttraining;1
germanimplantologyfellowship;1
increa;1
chapman;1
icoidental;1
wondering;1
sandeep;1
mohal;1
utilize;1
streamline;1
pattersonorlando;1
wickham;1
appointed;1
meth;1
moviestar;1
homeless;1
ticks;1
boxes;1
ebere;1
maduabuchi;1
practiceboost;1
mygreatness;1
straumanngro;1
holdingsinc;1
scheininc;1
trinia;1
onlybicon;1
lauderdale;1
horizon;1
saynotodentures;1
mindthegap;1
tetbury;1
gloucestershire;1
painfreedentist;1
cheltenham;1
cheltenhamdenitist;1
cotswolds;1
sandringham;1
beforeandafter;1
acura;1
precor;1
hormones;1
obtain;1
ahmadani;1
aestheticdentistry;1
healthsector;1
shoes;1
febby;1
authorised;1
bills;1
decent;1
toys;1
tots;1
hopkins;1
platelet;1
rich;1
plasma;1
alisdair;1
graduated;1
dundee;1
stirlingshire;1
lothian;1
moving;1
committed;1
furthering;1
benyapha;1
sirinirund;1
peoriamet;1
painfreepromise;1
sizing;1
propelling;1
blackfridaysale;1
blackfridayuk;1
bode;1
karunwi;1
pursuing;1
foursession;1
rigorous;1
sentinel;1
ubhi;1
glassford;1
mistakes;1
imarc;1
expects;1
five;1
household;1
joining;1
tough;1
counterparts;1
retainers;1
redeem;1
fibula;1
flaps;1
reconstruct;1
blackfr;1
judiciary;1
practicegrowth;1
transformyourpractice;1
chooseboyd;1
pharmiweb;1
narendra;1
modi;1
