bone;1755
know;1492
torque;1304
wrench;1298
titanium;1139
check;1124
straumann;988
teeth;978
adin;957
announce;930
spineguard;929
alsgd;915
nobel;868
reduction;795
handpiece;746
system;736
success;725
biocare;719
contra;672
angle;668
systems;641
restoration;618
need;615
rate;585
technology;563
graft;559
tooth;555
mouth;546
ceramic;539
grafting;520
placement;516
dentalimplants;497
made;481
screw;479
dentistry;475
motor;468
used;460
nytimes;454
bloomberg;454
reuters;454
surgical;437
maui;424
drivers;422
model;415
smile;406
broken;405
risk;400
common;399
study;397
news;390
history;388
professionals;385
types;375
removal;373
facts;366
mini;362
long;351
reservoir;340
dentist;338
remover;329
press;322
cost;319
short;319
infection;318
retrieval;318
reduces;315
successful;310
antibacterial;306
health;303
activity;303
surgery;298
universal;295
approved;292
million;283
sinus;279
people;278
around;278
designed;276
advantages;275
brushless;272
full;270
post;267
push;262
demonstration;262
teach;262
high;261
metal;260
make;258
grow;257
australian;256
hydrualic;251
traditional;250
type;249
integration;246
spiral;243
style;241
facilitate;239
help;237
learn;235
abutment;233
percent;232
right;232
read;226
driver;223
drill;220
active;219
braces;217
complete;217
oral;216
drug;210
best;206
years;206
makeover;203
everything;202
benefits;200
offers;200
brief;198
quality;198
invisalign;194
reduce;194
internal;190
doctor;189
artificial;189
overall;188
dentures;185
adapter;184
zirconia;182
using;180
company;177
school;175
machine;173
premium;171
odds;166
beat;165
sterile;163
sealed;162
provide;162
evolution;160
possible;159
looking;159
button;158
challenging;158
good;157
missing;156
americans;156
nobelactive;156
features;154
medical;153
failure;152
look;149
replace;148
positive;147
compatible;142
thought;140
direct;139
world;139
take;138
established;137
patients;135
mesh;134
someone;132
sydney;130
tool;130
imaging;130
surrounding;128
needed;128
infections;127
square;127
approach;127
root;124
published;120
accreditation;119
earns;119
membrane;118
sino;118
generation;118
tapered;117
stem;117
material;117
announces;116
ready;116
rates;114
today;114
interesting;113
simple;113
structure;113
important;112
decision;111
powerpoint;111
groovy;111
contribution;111
industry;110
blog;108
review;108
process;106
straight;105
manchester;105
products;104
making;103
first;102
brands;101
platform;100
surgically;98
could;98
lift;97
several;95
coatings;95
ratchet;94
posts;93
origin;93
done;92
loss;91
grafts;91
conical;90
replacement;90
megagen;89
surprisingly;89
socket;88
takeaways;86
nanocoating;86
space;85
nurtures;84
free;84
nashville;84
fight;82
tissue;81
sale;81
expert;80
cell;80
survival;80
soft;79
named;79
generate;78
william;78
different;78
fact;77
rich;77
locante;77
attack;77
leads;76
tech;76
medaka;75
natural;75
would;75
infographic;75
augmentation;75
positioned;74
printed;74
abutments;74
solid;74
costs;74
next;74
biocompatible;73
minidental;73
myths;73
hand;72
launches;72
american;72
across;72
dentalimplant;71
international;71
getting;71
worth;70
throughout;70
prescriptions;70
totalimplant;69
product;69
live;69
centuries;69
cultures;69
future;67
wide;67
foundation;67
instead;66
digital;66
healthy;65
gold;64
lead;64
story;64
ridge;64
makes;63
really;63
comes;63
form;63
crown;63
gums;62
bones;62
technologies;62
researchers;62
come;61
tools;61
create;60
problems;59
year;59
hexagon;58
trending;58
often;58
hiossen;58
ancient;58
peek;58
jawbone;57
connection;57
design;57
screen;57
thousands;56
provides;56
professional;56
topic;56
research;56
cells;55
systematic;55
insert;55
strong;55
phoenicians;54
choose;54
seems;54
resto;54
questions;54
typically;53
providing;53
academy;53
ratio;53
preferred;52
restorations;52
micromotor;52
thickness;52
frames;51
three;51
small;51
healing;50
mydental;50
rebuild;50
find;50
support;49
snappy;49
coxo;49
method;49
shells;48
rockets;48
roots;48
treat;47
nobelbio;47
crushed;47
materials;47
mayan;47
ways;47
something;47
plastic;47
maxillary;46
coping;46
zimmer;46
sedation;46
usually;45
information;45
article;45
uses;45
astra;45
allow;45
teaching;45
star;45
like;44
mass;44
split;44
cortex;43
shipping;43
endoscopic;43
necessary;43
release;43
wear;43
surgeon;43
last;42
shuttles;42
restore;42
sure;42
guided;42
instrument;41
according;41
misconceptions;41
denture;41
instruments;41
removing;41
control;40
great;40
slim;40
thier;40
placed;40
situations;40
solution;39
many;39
basal;39
knob;38
largo;38
major;38
call;38
enhance;38
technical;38
considering;37
drugs;37
dentists;37
offering;37
israeli;37
expander;37
ship;37
procedures;37
image;37
piece;37
cheap;37
closest;36
manufacturer;36
guide;36
shows;36
false;36
exported;36
every;36
produce;36
latch;36
nasal;35
novel;35
offer;35
parts;35
hold;35
removable;35
implantdirect;35
floss;35
back;35
dentalnews;35
displaced;34
explanation;34
temp;34
results;34
since;34
choice;34
companies;34
surface;33
islamorada;33
narrow;32
affordable;32
aims;32
hexa;32
immediate;32
implantology;32
anchors;32
custom;32
analysis;31
doctors;31
treatment;31
market;31
care;31
endodontics;31
online;31
turned;30
much;30
certified;30
issues;30
hard;30
body;30
shoulder;30
endo;30
issue;30
similar;30
tack;30
variety;30
underneath;30
slide;29
want;29
kids;29
compressor;29
number;29
increase;29
improved;29
tips;29
healthcare;29
probably;29
fixed;29
identifies;28
crowns;28
components;28
florida;28
dentalcare;28
removed;28
lifts;28
sucks;28
anatomic;28
everyone;28
aesthetic;28
accessing;28
slow;28
needs;28
templates;27
training;27
association;27
print;27
concerns;27
cheadle;27
patient;27
possess;27
commonly;27
super;27
available;26
procedure;26
video;26
pros;26
hole;26
impression;26
improve;26
modern;26
work;26
beneath;26
case;26
sound;25
knowing;25
brand;25
university;25
consider;25
efperio;25
aftercare;25
preset;25
speak;25
nobrpl;25
facial;25
kavo;25
office;25
coming;25
prevent;25
smart;25
posted;25
holding;24
enter;24
stockport;24
latest;24
india;24
higher;24
understanding;24
merits;24
developed;24
safe;24
alphabio;24
mind;24
exposed;24
seattle;24
images;24
enough;23
science;23
dentsply;23
autostop;23
presents;23
maxillofacial;23
zone;23
kianor;23
complicated;23
lost;23
shahmohammadi;23
conference;23
technique;23
trained;23
coated;23
place;23
addressing;23
permanent;23
choise;22
soon;22
surgeons;22
density;22
ortho;22
unique;22
solutions;22
anchor;22
maybe;22
specialist;22
handpieces;22
impact;22
focus;22
flex;22
share;22
visit;22
converter;22
changing;22
startup;22
proven;21
bacterial;21
slactive;21
require;21
shape;21
upper;21
center;21
jobs;21
always;21
oralcare;21
nice;21
alternative;20
aaoms;20
required;20
tray;20
lifting;20
excellent;20
self;20
oralhealth;20
robot;20
keep;20
transfer;20
scientific;20
figures;20
gaps;20
note;20
innovation;20
fixtures;20
manager;20
highest;20
strongest;20
original;19
precision;19
feel;19
ubiquitous;19
loan;19
reviews;19
drills;19
dentalhealth;19
digitalhealth;19
click;19
home;19
team;19
answers;19
restored;19
treated;19
swiss;19
anodize;19
complications;19
foot;19
rehabilitation;19
rescue;19
surfaces;18
popular;18
growing;18
exactly;18
irradiated;18
difference;18
loading;18
least;18
fulcrum;18
days;18
join;18
versus;18
despite;18
significant;18
kits;18
advanced;18
single;18
leading;18
option;18
insurance;18
omss;17
esthetic;17
second;17
osseointegrated;17
half;17
level;17
repair;17
mhealth;17
going;17
usps;17
pure;17
zirconium;17
global;17
change;17
development;17
invasive;17
life;17
considered;17
avoid;17
completely;17
prosthesis;17
delhi;17
medcity;17
inserted;17
motors;17
biohorizons;17
better;17
successfully;17
adjusting;17
become;17
techniques;17
osteoporosis;17
importance;17
upto;16
periodontist;16
general;16
proper;16
worldwide;16
dent;16
remove;16
cicada;16
uncovered;16
past;16
customized;16
disease;16
nobelreplace;16
renowned;16
replicate;16
implanted;16
sufficient;16
must;16
insufficient;16
give;16
regular;16
dentalclinic;16
pedal;16
chance;16
hyperbaric;16
cons;16
wondering;16
didyouknow;16
express;16
oxygen;16
spray;16
changes;15
turn;15
update;15
healthsaveblog;15
causes;15
releases;15
surprising;15
heard;15
dentis;15
multiple;15
initial;15
diamond;15
operation;15
course;15
medications;15
head;15
slides;15
brush;15
various;15
shaped;15
minimally;15
added;15
lamina;15
within;15
esthetics;15
medtech;15
continue;15
restoring;15
dentaire;15
radiotherapy;15
behind;15
bravo;15
please;15
stock;15
four;15
maxilla;15
canal;15
doyouknow;15
average;15
corp;15
aesthetics;15
robert;15
useful;15
combo;15
cavities;14
episode;14
asked;14
biology;14
suitcase;14
gingival;14
superior;14
miss;14
close;14
hands;14
risks;14
little;14
periodontal;14
site;14
month;14
bottle;14
reliability;14
biomet;14
relax;14
zsystems;14
thing;14
osseointegration;14
group;14
screwdriver;14
simplified;14
scary;14
hydraulic;14
reconstruction;14
award;14
amount;14
jaws;14
protocol;14
alloy;14
onlay;14
education;14
becoming;14
studies;14
texas;14
exceptional;14
even;14
specialists;14
hair;14
learning;14
offered;14
auto;14
shapes;14
thailand;13
price;13
autoclave;13
compressors;13
presentation;13
order;13
cosmeticdentistrochdale;13
tight;13
sinuslift;13
highly;13
love;13
planted;13
scientists;13
replaces;13
multi;13
oralsurgery;13
also;13
seeing;13
warehouse;13
project;13
thank;13
precise;13
repeat;13
myth;13
including;13
equipment;13
series;13
reliable;13
base;12
adam;12
preparation;12
range;12
certificate;12
show;12
workshop;12
effects;12
failures;12
recently;12
lfnin;12
fast;12
time;12
credit;12
concept;12
goldadapt;12
cosmeticdentistry;12
none;12
embody;12
true;12
begbie;12
profile;12
sales;12
provisional;12
griffith;12
shop;12
engaging;12
role;12
teething;12
dentium;12
replacing;12
teet;12
helps;12
pain;12
angled;12
troubles;12
cylindrical;12
events;12
replacements;12
well;12
hint;12
porcelain;12
google;12
unit;12
thanks;12
osseo;12
carlyle;12
able;12
biofilms;12
promote;12
miami;12
cancun;12
bridge;12
expanders;12
sets;12
deal;12
combination;12
congress;12
ebay;11
scapular;11
quiz;11
nobelbiocare;11
phones;11
told;11
ohio;11
area;11
info;11
accepted;11
annual;11
sarah;11
dallas;11
less;11
chlorhexidine;11
pricey;11
weird;11
engine;11
following;11
dynamic;11
affect;11
contouring;11
months;11
cosmetic;11
printing;11
hear;11
ability;11
template;11
aaid;11
travel;11
pricing;11
attached;11
defects;11
glasgow;11
country;11
bamforddentist;11
churchroaddental;11
based;11
missingtooth;11
either;11
decisions;11
apply;11
weak;11
follow;11
sirona;11
diameter;11
ever;11
baistra;11
drilling;11
sample;11
accomplished;11
misch;11
person;11
symposium;11
storage;11
requires;11
bruxism;10
keizer;10
things;10
meeting;10
clearwater;10
think;10
knows;10
screws;10
contains;10
cleaning;10
appear;10
mixed;10
test;10
colonization;10
catalog;10
class;10
insertion;10
prof;10
germany;10
osteonecrosis;10
easy;10
customizable;10
scaling;10
videos;10
security;10
straightastudent;10
wonder;10
amazing;10
corrosion;10
meet;10
alendronate;10
literature;10
todd;10
tonbridge;10
smiles;10
round;10
fortis;10
answer;10
caps;10
breakthrough;10
partnership;10
management;10
cool;10
boneaugmentation;10
watch;10
metallic;10
crestal;10
tunbridgewells;10
allergy;10
semi;10
experienced;10
mortgage;10
closed;10
living;10
theyre;10
west;10
present;10
water;10
clinical;10
develop;10
atlanta;10
phone;10
destroyingclip;10
difficult;9
therapy;9
provider;9
reality;9
crushing;9
exciting;9
planned;9
painless;9
mandible;9
gregory;9
another;9
commercially;9
inner;9
beautiful;9
coupling;9
loans;9
bioconcept;9
manufactured;9
fractured;9
hiosen;9
preserve;9
schools;9
effect;9
stabilit;9
america;9
anchored;9
partial;9
totalimplantcom;9
cancer;9
eliminating;9
overview;9
presented;9
waiting;9
attachment;9
elos;9
stopper;9
documented;9
ball;9
endosteal;9
idia;9
dentalfacts;9
swelling;9
early;9
britten;9
onmedic;9
perfect;9
student;9
fixation;9
realize;9
view;9
select;9
repairs;9
burr;9
church;9
personal;8
guides;8
stockp;8
houston;8
takes;8
standard;8
rootcanal;8
london;8
guidelines;8
fail;8
associated;8
reported;8
micro;8
production;8
card;8
detroit;8
perc;8
said;8
double;8
easier;8
foamed;8
wickham;8
lower;8
without;8
clinic;8
tonight;8
reduced;8
near;8
maxon;8
toback;8
program;8
recent;8
delayed;8
analog;8
institute;8
reasons;8
flower;8
happens;8
signs;8
fibular;8
pressure;8
serves;8
grade;8
combined;8
frequently;8
preparing;8
fusion;8
originally;8
mechanical;8
easily;8
diego;8
identical;8
presenting;8
week;8
allows;8
ehealth;8
height;8
called;8
event;8
glycemic;8
enamel;8
pictures;8
orthodontist;8
collagen;8
galvosurge;8
block;8
pays;8
congratulations;8
born;8
earliest;8
premier;8
guest;8
coating;8
completion;8
vascularised;8
didsb;8
riyadh;8
nerve;8
completed;8
rarely;8
cases;8
working;8
treatmentoftheday;8
shopping;8
nothing;8
prptreatments;8
county;8
innovative;8
frame;8
function;8
degree;8
ceramics;8
community;8
twice;8
soreness;8
tube;8
flaps;8
real;8
osteoseptocutaneous;8
college;8
lives;8
heal;8
colgate;8
peter;8
side;8
lifechanging;7
chewing;7
multilevel;7
clearchoice;7
sturdy;7
adjacent;7
explained;7
widely;7
gift;7
trust;7
shuttle;7
road;7
allowing;7
attending;7
hurt;7
possibility;7
guykawasaki;7
northwich;7
created;7
indilens;7
marginal;7
others;7
austin;7
toledo;7
ostem;7
regrowth;7
atrophic;7
angulated;7
content;7
punch;7
contemporary;7
leave;7
supports;7
specifically;7
transparent;7
scientifically;7
dentagama;7
debunking;7
perfectly;7
hemimaxillectomy;7
came;7
determin;7
track;7
related;7
wondered;7
assistant;7
tosi;7
stockton;7
competition;7
prosthetic;7
partner;7
whatsapp;7
actually;7
anyone;7
heart;7
territory;7
parametric;7
tradition;7
daily;7
save;7
cent;7
proud;7
stabilization;7
feed;7
fellow;7
turning;7
correct;7
large;7
twitter;7
activities;7
answered;7
proto;7
pinecreekdental;7
exclusively;7
improves;7
gizmag;7
holtzclaw;7
wonderful;7
example;7
angular;7
screwed;7
business;7
feedly;7
degeneration;7
fixture;7
rated;7
loaded;7
comparable;7
navigation;7
measure;7
white;7
needless;7
biofilm;7
national;7
journal;7
biggest;7
bridges;7
attachments;7
yusen;7
glassford;7
stable;7
discover;7
airport;7
photo;7
wire;7
pieces;7
michigan;7
estimated;7
anxiety;7
ultimate;7
arun;7
strength;7
millions;7
lateral;7
glidewell;7
cylinders;7
toothreplacement;7
normal;7
webinar;7
serf;7
mobile;7
splinted;7
directly;7
device;7
podcast;7
pricedental;7
main;7
driven;6
tomorrow;6
list;6
manufacturing;6
southington;6
organizer;6
osteogenesis;6
wearing;6
phar;6
fascinating;6
taking;6
contact;6
details;6
gain;6
developments;6
platelet;6
certain;6
line;6
depends;6
partners;6
hello;6
music;6
systemic;6
weekend;6
understand;6
vanderbilt;6
torrado;6
shell;6
discuss;6
jeremy;6
hdic;6
restorative;6
demand;6
stop;6
demonstrating;6
produced;6
lifestyle;6
guess;6
celebrate;6
concomitant;6
advancing;6
report;6
anglehandpiece;6
otorhinolaryngologyalexandrosgsfakianakis;6
builds;6
practice;6
speedy;6
depending;6
continuum;6
subperiosteal;6
models;6
specialty;6
commercial;6
diet;6
lose;6
cavity;6
basic;6
whitening;6
chennai;6
gives;6
navident;6
magazine;6
choosing;6
length;6
topical;6
repositioning;6
perio;6
medicine;6
wilmslow;6
excellence;6
teethwhitening;6
include;6
birmingham;6
prescouter;6
confidence;6
deals;6
direc;6
gordon;6
steel;6
allen;6
june;6
forms;6
sfakianakis;6
dubai;6
fibrin;6
clinically;6
wants;6
prosthetics;6
keys;6
bego;6
sytems;6
designer;6
conventional;6
discovery;6
joints;6
korea;6
turkey;6
decontamination;6
human;6
growth;6
already;6
prefer;6
park;6
greater;6
point;6
jess;6
manchest;6
merit;6
faqs;6
bicon;6
hawaiifamilydental;6
maker;6
assists;6
vice;6
download;6
nassau;6
philip;6
hospitals;6
decades;6
extractions;6
studio;6
debra;6
receive;6
sept;6
knowledge;6
state;6
infected;6
commercials;6
thommen;6
bite;6
johnson;6
stability;6
stronger;6
buckinghamshire;6
august;6
devices;6
extraction;6
container;6
carl;6
worlds;6
containing;6
strategic;6
mount;6
statins;6
sometimes;6
phoenix;6
letssmileagain;6
horizons;6
celebritydentist;6
damage;5
orlando;5
holds;5
boyd;5
torques;5
pretty;5
tribune;5
nail;5
orange;5
achieves;5
garg;5
tell;5
delivers;5
presentations;5
plate;5
register;5
client;5
extra;5
continuing;5
source;5
sense;5
reverse;5
retrospective;5
kill;5
dion;5
build;5
theimplantcentre;5
force;5
replaced;5
wonders;5
covers;5
resolving;5
jawboneup;5
banking;5
largest;5
start;5
titled;5
situation;5
modifications;5
greg;5
club;5
safer;5
fatigue;5
youtube;5
cone;5
rental;5
coast;5
westseneca;5
left;5
saving;5
strengthen;5
payday;5
irrigation;5
collar;5
kazemi;5
solve;5
concave;5
options;5
portland;5
smaller;5
developing;5
botox;5
multitude;5
icoi;5
watching;5
eatin;5
baby;5
cylindric;5
hawaii;5
fitted;5
vicivision;5
metals;5
bloggers;5
sleeve;5
excited;5
senior;5
becker;5
preventing;5
open;5
examines;5
promotions;5
benefit;5
ctmax;5
cbct;5
says;5
written;5
tomography;5
optic;5
celine;5
adult;5
room;5
memphis;5
fuse;5
wyong;5
sterilized;5
majority;5
cause;5
wisdom;5
synthetic;5
vivo;5
seeds;5
acclaimed;5
gendex;5
rounded;5
zygomatic;5
elizabeth;5
feature;5
industries;5
guarantee;5
depth;5
introduction;5
plans;5
cylinder;5
hotels;5
supplier;5
opportunity;5
possibly;5
inside;5
substitute;5
volume;5
regeneration;5
provided;5
residents;5
pharma;5
mill;5
vital;5
replac;5
almost;5
skilled;5
optical;5
lecture;5
however;5
articles;5
yesterday;5
injury;5
photography;5
stand;5
social;5
extensive;5
gauge;5
uckan;5
zoom;5
mostly;5
aware;5
approximately;5
extremely;5
sina;5
stimulate;5
wish;5
photoacoustic;5
unlike;5
consists;5
biotec;5
field;5
cover;5
mallet;5
specific;5
treatments;5
computerized;5
anything;5
porcine;5
floor;5
vitamin;5
conta;5
westerly;5
designs;5
cadaver;5
lasting;5
friday;5
testimonial;5
abroad;5
brighton;5
recognized;5
found;5
receiving;5
name;5
photooftheday;5
titani;5
flow;5
afford;5
chicago;5
rare;5
alumni;5
still;5
explains;5
mountain;5
simply;5
candidate;5
refer;5
serving;5
willowpassd;5
depressed;5
talk;5
debate;5
desai;5
trusted;5
vary;5
whether;5
lucerne;5
gone;5
limited;5
neobiotech;5
characteristics;5
cuts;5
portable;5
triple;5
smilestylers;5
traced;5
reading;5
alexandria;5
genuine;5
beckbromfl;5
dentalhygiene;5
crwon;5
functional;5
dentalreconstruction;5
bern;5
decided;5
matters;5
silicon;5
pointed;5
harvesting;5
sweeter;5
establish;5
leader;5
recommend;5
shared;5
region;5
periodontics;5
jersey;5
special;5
controversial;5
eurekalert;4
hiring;4
spine;4
laser;4
principle;4
imported;4
antimicrobial;4
nanotechnology;4
outlook;4
additional;4
guys;4
wait;4
indianapolis;4
german;4
curved;4
oregon;4
harvest;4
everyday;4
jayvburgos;4
away;4
nonsplinted;4
statistics;4
official;4
boland;4
replica;4
record;4
communication;4
brought;4
anatomy;4
cable;4
appliance;4
garner;4
welcome;4
associates;4
ideal;4
expect;4
implante;4
assessment;4
valley;4
joint;4
westheimerdentist;4
washington;4
switzerland;4
alternatives;4
known;4
basque;4
agra;4
internetmarketingtips;4
wisdomteeth;4
mumbai;4
discusses;4
matter;4
damon;4
light;4
lifespan;4
healthier;4
comparing;4
weight;4
wifi;4
clear;4
alpha;4
obtaining;4
functionalization;4
plaque;4
saudi;4
internet;4
vitro;4
twopiece;4
conducted;4
regional;4
stress;4
certification;4
worry;4
surprise;4
wales;4
thomas;4
computer;4
works;4
trucks;4
selling;4
times;4
failed;4
maximum;4
dreams;4
saliva;4
bases;4
crystal;4
transmission;4
problem;4
prototypes;4
beware;4
mexico;4
crucial;4
hcsm;4
dlls;4
heating;4
workflow;4
lots;4
therapeutic;4
cracked;4
thread;4
essentially;4
periodontic;4
beam;4
slideshare;4
canadian;4
dentistrynews;4
survey;4
kayolhope;4
disorders;4
steve;4
microthreaded;4
cheapest;4
cynamed;4
albany;4
ought;4
orbital;4
conservative;4
connective;4
consist;4
finished;4
blend;4
cultivable;4
italy;4
repels;4
though;4
posterior;4
stage;4
safety;4
looks;4
hotel;4
maintain;4
nasa;4
peoples;4
might;4
fixing;4
september;4
succe;4
anterior;4
interested;4
putting;4
shown;4
durable;4
currently;4
qualities;4
bottom;4
implantation;4
sites;4
hybrid;4
milestone;4
bacteria;4
resource;4
money;4
robotic;4
implanova;4
points;4
switch;4
book;4
child;4
nanotech;4
healthtips;4
richmond;4
needing;4
engineering;4
appreciate;4
compared;4
chandigarh;4
consumer;4
promises;4
breaking;4
proprietary;4
quick;4
contribute;4
miller;4
louis;4
injection;4
cemented;4
radiographic;4
north;4
wisconsin;4
allergies;4
concerned;4
ceraroot;4
individual;4
favorite;4
affixed;4
emerging;4
gerd;4
silver;4
stay;4
food;4
caring;4
defect;4
tuesday;4
influence;4
apparently;4
cerec;4
court;4
city;4
steps;4
experts;4
biomechanical;4
zirkolith;4
stor;4
fine;4
alarm;4
fantastic;4
impl;4
earlier;4
invest;4
michelle;4
organized;4
dentristy;4
nanotopography;4
offset;4
denta;4
kookok;4
amman;4
edition;4
reasonable;4
listen;4
europe;4
marylebone;4
built;4
wall;4
famous;4
trilobe;4
factfriday;4
among;4
beauty;4
lombard;4
wednesday;4
hhemimaxillectomy;4
intenal;4
maidstone;4
adults;4
biomaterial;4
referring;4
kind;4
secure;4
harryvgould;4
nursing;4
safeguard;4
familiar;4
kola;4
jkhjk;4
moulding;4
accept;4
total;4
blue;4
paper;4
fiber;4
covered;4
couple;4
overdenture;4
baltimore;4
maneeshadental;4
canals;4
bionika;4
saudiarabia;4
brings;4
orthodontic;4
dinner;3
syringe;3
stemcells;3
village;3
notice;3
celebrates;3
women;3
playing;3
crusher;3
increases;3
took;3
continues;3
composition;3
spokane;3
rochester;3
chris;3
microsurgery;3
natalie;3
requirements;3
joins;3
elderly;3
middle;3
arthritis;3
mtpol;3
comment;3
munich;3
background;3
coffee;3
seamlessly;3
develops;3
subgingival;3
inflammation;3
thin;3
night;3
glass;3
epithelium;3
application;3
stabilise;3
atraumatic;3
glad;3
healed;3
play;3
traditiontalk;3
mirror;3
radiation;3
acts;3
langerhans;3
literally;3
firms;3
along;3
providers;3
intelligence;3
nanomaterials;3
ebaydailybids;3
songs;3
faster;3
rule;3
hoping;3
addition;3
concerning;3
sorts;3
gerard;3
treating;3
sizes;3
door;3
dani;3
sciencedaily;3
students;3
antidepressants;3
hvof;3
degrees;3
mining;3
hollywood;3
sintering;3
mastering;3
differentiation;3
heath;3
dream;3
structural;3
pleased;3
software;3
thinking;3
technological;3
neodent;3
francisco;3
kaleidoscopes;3
stainless;3
ucer;3
augmented;3
tear;3
bright;3
practices;3
technicians;3
cross;3
fitness;3
rather;3
primary;3
celebrity;3
locator;3
potential;3
diagram;3
belgium;3
player;3
replaceme;3
disturbing;3
harleystreet;3
delivery;3
bisphosphonates;3
keloland;3
section;3
endodontic;3
gurgoan;3
outlines;3
polymicrobial;3
plenty;3
noble;3
elementary;3
venkat;3
initiatives;3
healthyfood;3
young;3
watches;3
customer;3
july;3
cordless;3
invented;3
scan;3
pioneers;3
dailydeals;3
mercedes;3
skin;3
manufacturers;3
canada;3
martin;3
jamie;3
posit;3
dentistinahmedabad;3
eating;3
upgrade;3
shazikfacts;3
joined;3
bharat;3
properties;3
clinician;3
diagnosis;3
discussing;3
morselizer;3
roof;3
french;3
orthopedic;3
interest;3
explore;3
definition;3
wichita;3
step;3
springs;3
pounds;3
establishment;3
manch;3
resolve;3
deep;3
adequate;3
facilities;3
date;3
laboratories;3
request;3
physical;3
forums;3
senmer;3
crack;3
contrangle;3
auricular;3
wellness;3
agravat;3
finally;3
fairy;3
invent;3
appointment;3
cholesterol;3
dentaltherapists;3
truly;3
dealer;3
jacksonville;3
later;3
headquarters;3
bldc;3
sgdx;3
developer;3
appearance;3
clip;3
display;3
breast;3
polisher;3
acquires;3
familiarity;3
edge;3
georgia;3
predictable;3
dentalimplantcost;3
scared;3
romanos;3
woes;3
dentistinmobile;3
arranaga;3
describes;3
screwretaineverything;3
stuttgart;3
theimplantexperts;3
comply;3
danaher;3
stuff;3
element;3
holistic;3
commods;3
helping;3
held;3
york;3
cosmeticdentist;3
downtown;3
part;3
outstanding;3
trouble;3
funfactfriday;3
dentalimplantsindia;3
iqox;3
reflex;3
color;3
shallow;3
puts;3
convenient;3
bizarre;3
comp;3
flossing;3
equal;3
mouths;3
walter;3
decrease;3
believe;3
server;3
local;3
minnesota;3
position;3
testing;3
nrnhr;3
silverspring;3
outs;3
functionality;3
write;3
rent;3
lightweight;3
basically;3
decade;3
utilizing;3
sethi;3
lying;3
english;3
missi;3
stakeholders;3
calling;3
gary;3
installation;3
pharmacy;3
retained;3
accumulation;3
impaired;3
antimicrobials;3
weightloss;3
finds;3
ineffective;3
suffer;3
sandent;3
tissues;3
mcgsci;3
campaign;3
biotech;3
sick;3
suffered;3
lauderdale;3
mounting;3
singh;3
spain;3
breath;3
applications;3
seen;3
black;3
supplan;3
beginning;3
winnipeg;3
president;3
owned;3
cytokine;3
ease;3
durability;3
expensive;3
legs;3
fake;3
oralsurgeon;3
folks;3
calcium;3
worldwi;3
intro;3
oxide;3
medicalnewstoday;3
mtleg;3
xnav;3
theory;3
prior;3
move;3
thick;3
accurate;3
guidance;3
bonegrafting;3
stabilize;3
risky;3
upcoming;3
formation;3
five;3
perth;3
rouge;3
mypickedphoto;3
evidence;3
flying;3
gear;3
mabb;3
cosmetology;3
producer;3
suffering;3
goodbye;3
bespoke;3
green;3
consultation;3
bioengineering;3
enjoy;3
compression;3
margi;3
differences;3
albino;3
murine;3
surrounded;3
mead;3
medicare;3
swollen;3
vadodara;3
tantalum;3
followed;3
hygiene;3
channel;3
private;3
impla;3
consult;3
means;3
touch;3
resources;3
bali;3
aluminum;3
hammer;3
brushing;3
baton;3
fiction;3
gets;3
cruise;3
abou;3
patien;3
closing;3
creates;3
racket;3
intelligent;3
therefore;3
somewhere;3
warren;3
serendipity;3
englewood;3
linda;3
forceps;3
forces;3
carry;3
hoting;3
haywards;3
microbiome;3
scam;3
authority;3
beyond;3
inclusive;3
ahmedabad;3
missingteeth;3
sees;3
approval;3
pathological;3
physics;3
newsrelease;3
rating;3
euroteknika;3
swell;3
assisted;3
pediatric;3
current;3
counter;3
john;3
independent;3
osteotome;3
printingindustry;3
colorado;3
versa;3
audience;3
removes;3
lecturing;3
proced;3
poorly;3
felt;3
plates;3
smallest;3
players;3
roughened;3
cologne;3
batch;3
randalvstone;3
creek;3
regenerating;3
ireland;3
bank;3
fall;3
value;3
tampa;3
denturedonald;3
island;3
western;3
toot;3
grants;3
traditionally;3
sanjay;3
cutting;3
suggest;3
participants;3
misleading;3
lifesmile;3
antoine;3
experience;3
dentistoffice;3
task;3
rods;3
loughton;3
pioneer;3
leeds;3
columbia;3
oded;3
anodized;3
continued;3
repost;3
trabecular;3
remarkable;3
kosinski;3
fgdp;3
nurse;2
shoot;2
occur;2
became;2
scans;2
subepithelial;2
wine;2
speaking;2
utilized;2
compleo;2
detect;2
bargains;2
checking;2
secured;2
relevance;2
outcomes;2
dentalcosmetics;2
adapterl;2
laserimplants;2
amanda;2
nowadays;2
plasma;2
ross;2
secondhand;2
talked;2
accord;2
matching;2
hurts;2
reputation;2
logo;2
montreal;2
ocean;2
approve;2
busting;2
land;2
cadman;2
search;2
impgr;2
qatar;2
affinitydentalclinics;2
bestoralsurgeon;2
surprised;2
worsened;2
stroke;2
vintage;2
jennifer;2
summary;2
annapolis;2
count;2
contributes;2
roofing;2
keller;2
depend;2
microsoft;2
units;2
windows;2
osteocare;2
honor;2
iceland;2
undergo;2
anniversary;2
arzate;2
missiles;2
catherine;2
attach;2
mentor;2
invalid;2
nanotube;2
assist;2
anatomically;2
biocomp;2
dentalimplantology;2
minitype;2
boost;2
hcit;2
collection;2
ring;2
includes;2
whatever;2
cera;2
fullmouthrehabilitation;2
stlouis;2
nobody;2
improving;2
implantsdental;2
orangecounty;2
hidden;2
michael;2
clinicalapprovals;2
toothdecay;2
temper;2
aurora;2
surround;2
anesthesia;2
pump;2
secret;2
psoms;2
fabricated;2
stanford;2
finest;2
dentaleducation;2
power;2
learned;2
vitamins;2
delegates;2
random;2
gentle;2
protection;2
profe;2
easton;2
sunken;2
prosthodontics;2
prepare;2
gumdisease;2
quoted;2
entertainers;2
booking;2
positioning;2
flowers;2
particularly;2
backyard;2
charles;2
century;2
missed;2
dentisttime;2
plainville;2
damaged;2
stoney;2
rico;2
dependent;2
factory;2
remedies;2
measurement;2
overland;2
installed;2
championsgate;2
gadental;2
barrie;2
victoria;2
veteran;2
thrive;2
trigger;2
protecting;2
educator;2
media;2
dentalimplantmonth;2
taken;2
nagaland;2
leadi;2
allguest;2
cards;2
typesofdentalimplants;2
globally;2
toda;2
deterioration;2
serum;2
compiled;2
competitive;2
mask;2
colors;2
mdis;2
monolithic;2
dysfunction;2
bangalore;2
rome;2
invisible;2
howardfarran;2
ucla;2
downs;2
implantoloy;2
gradually;2
harvested;2
philadelphia;2
references;2
anatomical;2
benefi;2
affordabledentalimplants;2
melbourne;2
streaming;2
naturally;2
affiliate;2
recipe;2
dear;2
maintaining;2
pending;2
allstate;2
nerds;2
sincerely;2
neoss;2
camlog;2
utah;2
mean;2
incisor;2
buffet;2
discussion;2
henry;2
kensington;2
brackets;2
confirmed;2
schein;2
stakeholde;2
ketki;2
extensively;2
newtown;2
liked;2
revolutionizes;2
fuck;2
deficiency;2
together;2
language;2
santa;2
davidxmarshall;2
turns;2
elevation;2
tours;2
malvern;2
platinum;2
financing;2
cuomo;2
suppliers;2
considerations;2
string;2
outside;2
third;2
steemit;2
deccan;2
newyork;2
africa;2
dentalim;2
nelson;2
overseas;2
accommodate;2
greatest;2
cash;2
sensitivities;2
compatibility;2
peer;2
barn;2
fracture;2
diffeent;2
ankylos;2
brain;2
townhomes;2
preliminary;2
ruling;2
abouthea;2
oleh;2
exam;2
neck;2
gotten;2
sniping;2
shots;2
remains;2
thats;2
tells;2
lesson;2
unaffordable;2
relate;2
equally;2
clients;2
hydrogen;2
supervision;2
faith;2
gifts;2
occlusal;2
energy;2
dentalsupplies;2
achieve;2
inspection;2
trace;2
edent;2
bringing;2
alloys;2
krueger;2
navajo;2
advertisement;2
coworkers;2
molars;2
jumeirah;2
wealth;2
translational;2
compressive;2
stamford;2
cassette;2
earthquakes;2
stockmarket;2
agency;2
garage;2
opines;2
dentaltown;2
striving;2
introduced;2
gudimalkapur;2
incisive;2
imperative;2
keen;2
willowpassdentalcare;2
ultrasonic;2
gateshead;2
scottsdale;2
brisbane;2
scrap;2
mark;2
biocompatability;2
government;2
minimum;2
thirty;2
freight;2
antonio;2
income;2
balcones;2
page;2
ohanesian;2
hanpiece;2
match;2
embraces;2
haines;2
dean;2
finding;2
regenerative;2
derived;2
pride;2
socialmedia;2
package;2
chemistry;2
knees;2
imtec;2
late;2
longview;2
radio;2
imagen;2
earned;2
involve;2
funfact;2
teaches;2
nigga;2
tacoma;2
document;2
materialsscience;2
thisweekindentistry;2
retain;2
greatly;2
researcher;2
coverage;2
smil;2
chosen;2
orpington;2
stamping;2
portion;2
deliver;2
prnewswire;2
alzx;2
html;2
iconic;2
expertise;2
gadget;2
tegration;2
nipomo;2
kristina;2
wanâ;2
lease;2
ihde;2
items;2
suttonsbaymi;2
rocky;2
vitalitydentistry;2
beach;2
yabangbang;2
knocked;2
essential;2
thug;2
thedentalelf;2
discouraged;2
miracle;2
cobra;2
serious;2
acid;2
legal;2
savannah;2
fuses;2
passed;2
delivered;2
centre;2
detail;2
tire;2
dentales;2
doors;2
grafted;2
houstontx;2
description;2
cain;2
avoiding;2
mtois;2
forecast;2
flickr;2
augmentations;2
tourism;2
tiny;2
privately;2
recycling;2
structured;2
classes;2
abubakr;2
medentra;2
maria;2
diploma;2
rewards;2
bleaching;2
typodont;2
liverpooldentalspa;2
agrees;2
immediately;2
forward;2
trash;2
heknowsmewell;2
savings;2
sanchez;2
topped;2
ensure;2
banrbarbatddspc;2
forever;2
reconstructive;2
amato;2
versatile;2
towards;2
tested;2
attorney;2
patio;2
oxford;2
examples;2
distinguish;2
fields;2
describe;2
casting;2
connect;2
orthocell;2
creepy;2
jpeg;2
candidates;2
individuals;2
exposure;2
prakash;2
maryland;2
warner;2
introduce;2
deciding;2
keeping;2
thes;2
roughness;2
facebook;2
wrong;2
cellular;2
shirts;2
words;2
paul;2
racine;2
yomi;2
load;2
acquired;2
copy;2
cracker;2
savas;2
ions;2
wallace;2
wikipedia;2
dentistvisit;2
mine;2
continuous;2
manufacture;2
peroxide;2
ajay;2
schlesinger;2
colourful;2
roll;2
effective;2
curette;2
natur;2
klienwhile;2
prestige;2
plastics;2
defective;2
morning;2
canton;2
dentalmediumjournal;2
break;2
anthony;2
botched;2
sailing;2
midland;2
sheet;2
shares;2
radiology;2
kwang;2
starts;2
british;2
stabilizes;2
chose;2
implantes;2
daley;2
bonerestoration;2
interior;2
practical;2
bristolrwb;2
algodones;2
approaches;2
patent;2
belfast;2
involved;2
relatively;2
fort;2
vendors;2
nutritional;2
labs;2
qualify;2
sameday;2
skynet;2
upon;2
introduces;2
talking;2
maintenance;2
shatkin;2
observational;2
printedmedical;2
cannot;2
activating;2
randomized;2
dentalfact;2
endosseous;2
rise;2
suitable;2
deer;2
encircles;2
swedish;2
gramm;2
decontaminatio;2
acknowledged;2
voiceofim;2
crude;2
retweeted;2
sako;2
luck;2
sensitivity;2
boca;2
girls;2
honored;2
saint;2
closeup;2
serve;2
factor;2
family;2
denver;2
temperature;2
acquire;2
northwest;2
prostheses;2
truck;2
blood;2
advisory;2
southern;2
closer;2
reall;2
network;2
tuesdaymotivation;2
pave;2
krishnaraj;2
golden;2
palm;2
assisting;2
changed;2
perspective;2
megagenâ;2
archives;2
accuracy;2
allfamdentalmn;2
sunday;2
forum;2
animal;2
diabetes;2
healthtap;2
annuals;2
medicaldevice;2
knew;2
flat;2
affinitydental;2
colleagues;2
tough;2
doubt;2
futures;2
eligible;2
advertising;2
woman;2
fresh;2
dentalimplantrestoration;2
mainly;2
coins;2
harleystreetdentalstudio;2
mobileimaging;2
children;2
continually;2
ones;2
zirconiadentalimplants;2
session;2
pinnacle;2
fluoride;2
excel;2
pmma;2
severe;2
paint;2
adjustable;2
venice;2
margin;2
lunch;2
component;2
cough;2
regain;2
aggressive;2
electric;2
response;2
conversation;2
grey;2
master;2
edentulous;2
administrator;2
lapip;2
improvement;2
seve;2
shrinks;2
activeâ;2
steven;2
profess;2
bulgaria;2
airlines;2
plant;2
fullarch;2
replacementteeth;2
ziacomsolutions;2
oliver;2
snacks;2
iphone;2
older;2
printer;2
minutes;2
lane;2
releasing;2
cleveland;2
esta;2
clean;2
board;2
agent;2
gotta;2
medicboard;2
medicalindustry;2
restorativedentistry;2
incredible;2
hyderabad;2
hagerman;2
advance;2
never;2
saturday;2
bonds;2
impossible;2
arundati;2
defi;2
annoying;2
monitoring;2
representative;2
perennials;2
coat;2
sell;2
rugs;2
voice;2
soni;2
analogue;2
store;2
skull;2
approaching;2
temporary;2
dell;2
hearing;2
zeramex;2
programs;2
submerged;2
journa;2
civilization;2
david;2
publis;2
disadvantages;2
meded;2
suggested;2
readabookday;2
anywhere;2
marketing;2
konya;2
promising;2
recession;2
autogenous;2
throw;2
erectile;2
statsaturday;2
sargon;2
painting;2
trip;2
achieving;2
successive;2
arizona;2
holy;2
carisbrook;2
journey;2
counseling;2
generally;2
vitallium;2
jupiter;2
professi;2
dodgy;2
persimmon;2
conscious;2
hehehe;2
herefordshire;2
grand;2
filled;2
burtonsville;2
managing;2
launch;2
medicaldevices;2
sybron;2
condition;2
shelving;2
path;2
smooth;2
kinds;2
efficiency;2
lgbt;2
richard;2
equivalent;2
producers;2
educational;2
odontology;2
comparison;2
oseo;2
anti;2
fully;2
station;2
uninterruptedly;2
unpredictable;2
bailey;2
wireless;2
medicall;2
typical;2
preschools;2
staffing;2
career;2
alveolar;2
balanced;2
jewelry;2
partha;2
speaker;2
slowly;2
toothpaste;2
cortical;2
bloody;2
doha;2
whats;2
promotional;2
bond;2
valium;2
homecare;2
implantologists;2
reputations;2
robins;2
carefully;2
yorba;2
wise;2
jawbo;2
south;2
status;2
letter;2
surges;2
toothseed;2
composite;2
demonstrations;2
appledentures;2
whoa;2
dentalimplantservice;2
substitutes;2
stone;2
panama;2
relation;2
donnie;2
pics;2
criteria;2
evankirstel;2
biologically;2
smoking;2
penrith;2
located;2
australia;2
toast;2
beneficial;2
nordin;2
flights;2
preview;2
malo;2
dates;2
tripadvisor;2
antibiotics;2
portfolio;2
giannuzzi;2
courtesy;2
staten;2
jewellery;2
synergy;2
acquiring;2
semester;2
cochrane;2
france;2
quite;2
troubleshooting;2
ageing;2
intrinsic;2
instances;2
performed;2
cheong;2
toolfor;2
manila;2
barnsley;2
hormone;2
cincinnati;2
neverst;2
implantfriday;2
introducing;2
biomaterials;2
kendall;2
patie;2
dogs;2
pipe;2
osteotomes;2
decide;2
poster;2
breaker;2
merger;2
reject;2
lines;2
friend;2
tissuelevel;2
addicted;2
mitigate;2
toward;2
repl;2
malaysia;2
followthepink;2
puerto;2
elevators;2
calm;2
latin;2
went;2
clarksvilletn;2
neocis;2
easyinsmile;2
finite;2
east;2
khajavi;2
objective;2
amen;2
ships;2
veterans;2
louisville;2
itechdude;2
gusta;2
buffalo;2
murray;2
word;2
economy;2
surg;2
spyware;2
member;2
attributes;2
uoftdentlib;2
rationale;2
pearly;2
lewat;2
enzyme;2
pressrelease;2
christmas;2
stuck;2
ligament;2
prep;2
collections;2
artif;2
similarities;2
purest;2
enjoysmilelive;2
guard;2
princeton;2
tijuana;2
numerical;2
detectors;2
permanently;2
plan;2
listicle;2
fence;2
financial;2
sensitive;2
healthcareit;2
joondalup;2
smith;2
simpl;2
etoc;2
nathan;2
fords;2
udmfzyhg;1
suppor;1
bhnw;1
pegs;1
whiskey;1
reclamation;1
northshoreoralsurgeryllc;1
manageable;1
downgraded;1
fridayfeeling;1
physically;1
carlsbad;1
therapies;1
petite;1
iambiotech;1
prairie;1
ferguson;1
basket;1
sorry;1
buses;1
aunt;1
selection;1
beverlyhills;1
town;1
fifteen;1
aligners;1
illinois;1
communities;1
jawb;1
unisystem;1
jqntulil;1
freelancer;1
exhibiting;1
alter;1
mille;1
riverbendfamilydentistry;1
valuable;1
defiled;1
paying;1
hardlevel;1
bearing;1
terri;1
makeup;1
andrea;1
throat;1
afforda;1
drritamedwiddds;1
affi;1
krati;1
fullmouthimplants;1
drdeaguiar;1
digitally;1
freedom;1
implats;1
struggles;1
peninsula;1
scienmag;1
customised;1
oakland;1
shades;1
files;1
horney;1
masters;1
haraam;1
larsen;1
trying;1
specialises;1
brinkley;1
obamacare;1
frankel;1
accredidation;1
coaching;1
transmitter;1
conjunction;1
fractography;1
ionization;1
nova;1
contraindication;1
dentistcardiff;1
lightening;1
pull;1
maga;1
released;1
doll;1
professionalism;1
errrrrrrr;1
face;1
index;1
european;1
solving;1
adora;1
midlands;1
midsize;1
eastbrisbanedentists;1
choices;1
adeec;1
encinitas;1
abscesse;1
toureg;1
pillar;1
advertise;1
comprehensiv;1
grandma;1
peyman;1
extract;1
bioprinters;1
platforms;1
clamping;1
giggling;1
straumannus;1
biomed;1
format;1
sidekick;1
cornelius;1
brow;1
dask;1
franklin;1
quest;1
subsequent;1
northern;1
alkaline;1
conferenc;1
micron;1
micobubbles;1
casa;1
jdentalcare;1
anthropology;1
wars;1
conditions;1
kurt;1
darfoor;1
corporate;1
protective;1
stru;1
maclean;1
holly;1
eyelid;1
outperforms;1
jura;1
listed;1
specialistdentists;1
embarrassed;1
cascade;1
peterborough;1
house;1
sigmoid;1
milk;1
mickeyrourke;1
bathtub;1
pleasures;1
wether;1
gray;1
specialize;1
ryqep;1
molar;1
spac;1
atlas;1
delighted;1
horizon;1
preserving;1
pratap;1
incl;1
racks;1
extender;1
charlotte;1
sachdeva;1
prides;1
supermodel;1
faleh;1
embrace;1
matrix;1
aircraft;1
durab;1
seal;1
sponsored;1
funnyfriday;1
dive;1
hang;1
assoc;1
grilled;1
apostolic;1
insulated;1
dentalinfographics;1
infinity;1
stonegate;1
iberostar;1
megawatt;1
prescribed;1
carrier;1
amerijet;1
conflict;1
edison;1
biocompatiable;1
advised;1
peritoneal;1
father;1
printers;1
mcnamara;1
mmmmm;1
fucking;1
brushes;1
mileage;1
marilyn;1
lifelike;1
jawbones;1
photos;1
caption;1
fileupload;1
legislation;1
ceremonies;1
preparatory;1
greenwich;1
convex;1
environment;1
linkow;1
brad;1
devon;1
resnick;1
cuff;1
glands;1
loveyoursmile;1
trinon;1
factoftheday;1
devright;1
attest;1
injured;1
dentalevent;1
bondi;1
helen;1
tipsclear;1
cannabis;1
baldness;1
wfdwdzz;1
carlos;1
honest;1
iffy;1
betoothwise;1
deeep;1
smileboston;1
pearls;1
perfectsmile;1
obviou;1
iqbal;1
milwaukee;1
nanomaterial;1
consistently;1
freeholder;1
panel;1
foothills;1
buzz;1
lmaooo;1
platt;1
ivorie;1
addres;1
osseonews;1
sapphire;1
soluti;1
filtration;1
towers;1
attractive;1
action;1
bigoted;1
weaved;1
rock;1
sinomarin;1
bicycles;1
divert;1
skysea;1
camera;1
confident;1
debating;1
ripped;1
promotion;1
biomagnetic;1
liste;1
impressive;1
dhaka;1
programmer;1
slipped;1
suggests;1
closely;1
laparoscopic;1
madison;1
issuu;1
awarded;1
prost;1
restaurants;1
nanodiamonds;1
turquoise;1
advice;1
writeupcafe;1
demonstrates;1
khoury;1
canyon;1
clarendon;1
snatchaniggagrill;1
fairfaxva;1
suspect;1
shellac;1
trees;1
political;1
pamper;1
helicopters;1
nbzd;1
cpap;1
cortilog;1
betty;1
publi;1
faints;1
halo;1
inorganic;1
conf;1
medication;1
instant;1
pastry;1
interactions;1
hamburg;1
ニコニコ技術部;1
westermeier;1
fredericton;1
honda;1
crawford;1
googles;1
glamorous;1
smashing;1
sliding;1
freehand;1
valid;1
moderation;1
proalpha;1
plantation;1
juice;1
integrators;1
hiltonheadoms;1
nannies;1
danniella;1
consensus;1
universities;1
squamous;1
physiology;1
browardcounty;1
postgraduate;1
clima;1
gradual;1
arrived;1
loveyourteeth;1
hydrocodone;1
lomb;1
underbite;1
debit;1
bonnie;1
ksrevenue;1
syst;1
continental;1
annoyance;1
freiburg;1
thesmilepeople;1
uvupbapw;1
trevor;1
tmjtherapy;1
dentalimplantssydney;1
whahmqez;1
fans;1
loosing;1
resonance;1
connecting;1
arbitrary;1
sleeping;1
approx;1
sought;1
train;1
falsehoods;1
ongoing;1
wristbands;1
dentalimplantsurgery;1
bureaucracy;1
bust;1
pathogen;1
ridges;1
harrogate;1
allentown;1
dentalimplantprocedure;1
final;1
likes;1
goodman;1
dentalnew;1
vidphoria;1
infomercial;1
giving;1
ghosts;1
figure;1
groundbreaking;1
apartment;1
kleenex;1
terracotta;1
hdfc;1
banner;1
redone;1
columbus;1
regrett;1
exton;1
ryan;1
shergills;1
nicovideo;1
dentalbhaji;1
healthisparamount;1
decent;1
whale;1
excess;1
planet;1
editing;1
suncoast;1
uterine;1
robots;1
extensions;1
dentalimplantstoronto;1
drsmile;1
sponsors;1
states;1
january;1
wonderfully;1
smileinaday;1
assemble;1
surgiacl;1
soun;1
remedial;1
artistry;1
misinformation;1
nomoregrinding;1
extras;1
unscrew;1
begins;1
relaxed;1
mohammad;1
dangers;1
richards;1
pheasant;1
unknown;1
noforksgiven;1
sage;1
covington;1
fructose;1
terminal;1
clair;1
bring;1
technews;1
daboi;1
palette;1
brea;1
fears;1
participate;1
careful;1
situated;1
aboutface;1
workshops;1
nucia;1
dentaldiseases;1
moves;1
trends;1
awards;1
favo;1
secondary;1
rest;1
whittier;1
construction;1
htovgbol;1
amalgam;1
beveryhills;1
satisfied;1
cement;1
depot;1
didnt;1
miranda;1
measurements;1
complicatio;1
iimplants;1
edmonton;1
koke;1
hygie;1
wordpress;1
noon;1
cantilever;1
lisp;1
swimming;1
enable;1
bramptondentist;1
creamic;1
handle;1
tran;1
levels;1
foramina;1
wolcottsville;1
painful;1
football;1
marshfield;1
pool;1
inconvenience;1
secrets;1
leawood;1
rendering;1
funny;1
medford;1
ferrick;1
comm;1
sofe;1
altering;1
bath;1
pterygoid;1
repeated;1
roadrunner;1
settlements;1
snohomish;1
laboratory;1
outcome;1
deficient;1
generator;1
repeatedly;1
dslr;1
fabrication;1
froum;1
jyolbdot;1
teletrack;1
smad;1
mater;1
fused;1
virtual;1
supercars;1
rejuvenate;1
severely;1
resportion;1
penalties;1
dsnhealth;1
hygienist;1
friadent;1
jayaprakash;1
sign;1
nfta;1
waltham;1
occupational;1
removables;1
prediction;1
osseoset;1
nikita;1
shreveport;1
preconference;1
radisson;1
prepping;1
confused;1
fundamentally;1
tmobile;1
intraligamental;1
auburn;1
innovator;1
laodi;1
dentalcheckup;1
vuelve;1
obsessed;1
floridas;1
instradent;1
damn;1
trading;1
paym;1
desig;1
madepress;1
pristyn;1
coordinator;1
updated;1
recreate;1
idea;1
searching;1
mechanisms;1
falls;1
hardwood;1
rubber;1
mobileapps;1
implantium;1
grunder;1
teriyaki;1
fluoroscopy;1
cynthia;1
navishealth;1
earrings;1
seminars;1
unstable;1
waterproofing;1
owing;1
incidence;1
attendees;1
sharing;1
ittigi;1
sandals;1
recruiting;1
barsam;1
goal;1
expected;1
subcommittee;1
basha;1
oldage;1
wellsfargo;1
rockaway;1
bible;1
samedaycrowns;1
christie;1
wagging;1
kera;1
flosser;1
placements;1
osteoporotic;1
waukesha;1
rusting;1
composting;1
graphic;1
exercise;1
wade;1
attaching;1
mexican;1
biocompa;1
gender;1
atrophy;1
tend;1
physiognomy;1
seizure;1
drainage;1
muscle;1
purchased;1
kenmore;1
leaders;1
counterfeit;1
putin;1
snaggled;1
adage;1
amounts;1
hence;1
reas;1
animate;1
compass;1
impa;1
roadmap;1
organizational;1
hours;1
cures;1
tarnow;1
beinsports;1
minneapolis;1
fairfax;1
biological;1
wavy;1
petridis;1
fredrick;1
customization;1
credits;1
jerome;1
inflation;1
jakarta;1
ferber;1
bagel;1
included;1
rice;1
vasectomy;1
return;1
tohaving;1
martinmost;1
craft;1
pregnant;1
firewheel;1
camping;1
boys;1
infographics;1
funding;1
mountaineer;1
diplomat;1
activators;1
anger;1
confusing;1
screening;1
property;1
iliac;1
phote;1
bausch;1
nimkquqz;1
incentives;1
antihypertensive;1
cars;1
healthtech;1
weigh;1
denturedentistry;1
nima;1
restorati;1
rosxzzge;1
wednesdaywisdom;1
nights;1
brasil;1
demonstrati;1
mccawley;1
goodn;1
generators;1
proved;1
triimplants;1
gifted;1
exterior;1
waterloo;1
healthymouth;1
widrenzb;1
revistescientífiques;1
freehold;1
additive;1
antidepressant;1
franchise;1
numbers;1
fellowship;1
graf;1
null;1
hospital;1
file;1
bankrupt;1
speeches;1
futur;1
dentalrestorations;1
subfloor;1
lithia;1
dentistinal;1
biomedical;1
readily;1
informed;1
busy;1
engagement;1
encouraged;1
denverco;1
deck;1
correcting;1
newspapers;1
intended;1
proceduce;1
hilton;1
ชาการ;1
nascar;1
confirm;1
steak;1
population;1
sanfrancisco;1
knoxville;1
hdtv;1
tkplus;1
showers;1
radiodensitometric;1
virginiabeach;1
laurelwood;1
maidu;1
projector;1
bags;1
daniel;1
vegas;1
shops;1
sinussurgery;1
mayans;1
existing;1
massoomi;1
supper;1
denville;1
diseases;1
webex;1
dentalsurgery;1
routine;1
municipal;1
term;1
freelance;1
stuart;1
postradiotherapy;1
smoothly;1
increased;1
fails;1
switches;1
android;1
articl;1
aous;1
deposit;1
carnival;1
especially;1
yvette;1
chatms;1
usenet;1
lung;1
efficacy;1
amazed;1
apps;1
diamonds;1
tahoeoralsurgeryandimplantcenter;1
dont;1
contour;1
drinking;1
brag;1
filmed;1
tenting;1
มมนาทางว;1
amongst;1
hosted;1
akin;1
rejection;1
sigma;1
grayish;1
goals;1
pharmacological;1
bucktown;1
associatio;1
drsanbhatha;1
galliganvilladds;1
freaked;1
link;1
simplicity;1
bitcoin;1
rinehart;1
debt;1
sleep;1
reha;1
plays;1
paid;1
fixodent;1
bilgetank;1
misspent;1
unusual;1
elearning;1
detrimental;1
heat;1
dentaldentistry;1
promoting;1
bill;1
packs;1
dashboard;1
joining;1
lafayette;1
imaginghttp;1
hell;1
lucky;1
hockey;1
evergreen;1
hierarchy;1
brave;1
westpoint;1
awareness;1
pillow;1
turbine;1
titaniumdentalimplants;1
freeman;1
biologic;1
ford;1
tweet;1
queens;1
augustine;1
fernando;1
rack;1
java;1
apart;1
tiptuesday;1
tnoralsurgery;1
recentl;1
send;1
thanking;1
chicagoil;1
dentureimplants;1
contributed;1
burnham;1
dentaloffice;1
gonna;1
sidebar;1
amused;1
pdgf;1
voicemail;1
spreadsheet;1
tricare;1
essentialstm;1
filter;1
libraries;1
cast;1
modemedikal;1
wadhwani;1
actual;1
balls;1
jcnc;1
zealand;1
overcome;1
mineral;1
lord;1
dentalimplantinfections;1
assumptions;1
jack;1
females;1
progressively;1
stages;1
racking;1
discounts;1
andres;1
modified;1
prosth;1
avelon;1
ahead;1
grades;1
micloudfiles;1
sarasota;1
ryanbrittingham;1
farahmand;1
synergistic;1
tuesdaytip;1
resulting;1
mtsm;1
areas;1
saintlouispark;1
abortion;1
sensor;1
tumblr;1
porcelaincrowns;1
medica;1
leonard;1
agencies;1
kolkata;1
holder;1
watford;1
nshvsstl;1
roman;1
kunzman;1
setting;1
marriage;1
postcards;1
integrity;1
compris;1
redu;1
dibay;1
conard;1
meadowlark;1
debunked;1
freeonline;1
helpful;1
promo;1
picture;1
hanpdiece;1
prominent;1
georges;1
bequest;1
beaches;1
exorcist;1
crush;1
adopting;1
table;1
kilver;1
paulo;1
shar;1
popsci;1
reach;1
jolly;1
muelleriscomingforyou;1
keynote;1
jeff;1
rapidly;1
deserve;1
achievem;1
dcgywqsw;1
merrell;1
stands;1
bulgin;1
disabled;1
coronary;1
glimpse;1
approves;1
zurich;1
onesolution;1
mission;1
question;1
jacks;1
dentistcaringbah;1
danube;1
ecuador;1
hangover;1
deli;1
catholic;1
stockwell;1
scrolled;1
dentalfixture;1
dene;1
cabinet;1
noticeably;1
forks;1
telecommunication;1
ddsmiami;1
alumina;1
womanup;1
nycperiodontist;1
mattress;1
cherry;1
paccar;1
bruins;1
approachable;1
preferr;1
idaho;1
efax;1
millennial;1
charlottenc;1
sydn;1
etching;1
collaborated;1
oxfordshire;1
treats;1
fourthofjuly;1
ghorashi;1
dickson;1
longhorns;1
dentalnursing;1
govt;1
muslim;1
ateyah;1
dentalimplantsydney;1
cruiser;1
plain;1
groupboard;1
thedentalcenter;1
britn;1
forensic;1
throbbing;1
naxhiely;1
fashion;1
waited;1
circuit;1
dealerships;1
axiom;1
infusing;1
kathuria;1
addresses;1
drcueva;1
theater;1
victor;1
families;1
transformer;1
contingent;1
scipol;1
timelines;1
allowed;1
majors;1
upwards;1
diecast;1
hove;1
calabasas;1
meaningful;1
walker;1
heading;1
portuguse;1
eyeopeninginfo;1
gaft;1
claire;1
rihanna;1
zoledronic;1
armor;1
hahn;1
traveling;1
samet;1
duplicates;1
fait;1
taylor;1
smilemakeover;1
enlightened;1
retire;1
fill;1
aviation;1
preservation;1
salim;1
wealthy;1
failu;1
maini;1
meant;1
beautimedinc;1
protects;1
till;1
cvdx;1
lexington;1
piezo;1
crepe;1
biden;1
bacon;1
narcissistic;1
renishaw;1
ties;1
bracescare;1
align;1
viruses;1
ottawa;1
begun;1
friends;1
linear;1
cancellation;1
goldteeth;1
tampabay;1
restores;1
vein;1
chewbacca;1
relief;1
dentalspa;1
debunk;1
molecular;1
gocanes;1
applied;1
coughing;1
interview;1
irritation;1
exhaust;1
listerine;1
trumpcare;1
impacting;1
owens;1
shortage;1
ignore;1
domaas;1
gardensquaredental;1
invite;1
hygienists;1
connected;1
stocks;1
dentalhygienist;1
plug;1
pakistan;1
magnetic;1
moody;1
synergysmiles;1
tank;1
thatsmyguess;1
intl;1
rootcanals;1
dannan;1
military;1
fortune;1
tamimi;1
broccoli;1
moving;1
inking;1
dennis;1
menafn;1
drhakim;1
trimmer;1
bronchitis;1
healingabutment;1
susceptible;1
buttress;1
greatful;1
nancy;1
arch;1
pack;1
mccue;1
presidents;1
surgicare;1
tony;1
atascocita;1
celeb;1
anaesthetic;1
prioritized;1
george;1
honestly;1
manufactures;1
faaid;1
standart;1
implantolog;1
sierra;1
courses;1
pose;1
symptom;1
nanocoatings;1
speaks;1
schwab;1
microscope;1
dilemmas;1
jennykelley;1
traumatizing;1
shamings;1
oklahoma;1
hydroxyapatite;1
unriddle;1
physicians;1
molds;1
remote;1
atul;1
shrin;1
lucknow;1
significantly;1
dentalimplantresults;1
entertainment;1
opener;1
ferberdentalgroup;1
recreating;1
aides;1
friendly;1
overproduce;1
otherwise;1
passing;1
cluedental;1
recording;1
reits;1
biomolecular;1
mimics;1
porn;1
thankful;1
plane;1
productivity;1
meigha;1
matress;1
cpid;1
moynes;1
standing;1
capitol;1
toothless;1
toilets;1
neat;1
signet;1
ebook;1
pressreleases;1
skinceuticals;1
portray;1
greenville;1
blockers;1
zerodonto;1
husband;1
mate;1
publichealth;1
braided;1
boon;1
blessings;1
healthda;1
treatmen;1
goods;1
recommends;1
hakeem;1
suregry;1
morrowcounty;1
purell;1
optimal;1
building;1
internally;1
increasing;1
junk;1
missions;1
trucking;1
zerconia;1
tracking;1
denturesnext;1
medicin;1
natura;1
adaptation;1
expanding;1
swipe;1
enrollment;1
routes;1
compar;1
shielded;1
differ;1
iaoci;1
drsimon;1
partnered;1
atrue;1
etiii;1
advances;1
organization;1
organic;1
designation;1
attoi;1
presque;1
ears;1
cris;1
juvenile;1
pathology;1
quetzal;1
shout;1
cabriolet;1
jokes;1
provata;1
fingerscrossed;1
bearings;1
thorough;1
colormymood;1
burnett;1
composed;1
azusa;1
shredding;1
newsmilenewyou;1
huntersville;1
streptococcus;1
november;1
shawn;1
zdnet;1
decay;1
carcinoma;1
webste;1
cohort;1
zimme;1
waste;1
stressed;1
foremost;1
wood;1
franco;1
spent;1
practi;1
bridgework;1
jovan;1
dentalimplantsbrampton;1
returns;1
logic;1
exploit;1
virtually;1
independenceday;1
safelite;1
optimization;1
donna;1
fedele;1
accommodations;1
volumetric;1
puhleez;1
traffic;1
founda;1
hits;1
difiaba;1
heels;1
sean;1
southcoastdentalspecialties;1
quickbooks;1
torture;1
clearcorrect;1
vccid;1
predictab;1
jain;1
tongue;1
peoria;1
spielberg;1
ventilation;1
agile;1
lacquer;1
flip;1
hackneyed;1
kitchen;1
vinegar;1
handing;1
promoted;1
jackass;1
marcos;1
dummies;1
replaceable;1
crooked;1
lassin;1
edited;1
charter;1
broker;1
stake;1
polish;1
showing;1
cinderella;1
phase;1
economic;1
mimgo;1
yndetech;1
modification;1
dentalcassette;1
ticket;1
fitn;1
referred;1
carpet;1
findaperio;1
embraced;1
liberty;1
decatur;1
gang;1
behave;1
handles;1
shoes;1
isle;1
dentition;1
backpack;1
rake;1
speeds;1
coolest;1
eagleriverak;1
poor;1
gicprivatelimited;1
puneet;1
kakkar;1
almos;1
scene;1
entist;1
metlife;1
shave;1
kenneth;1
prone;1
resell;1
minidentalimplants;1
claronav;1
consent;1
hammered;1
instrumen;1
mankato;1
radiant;1
october;1
dial;1
injuries;1
floors;1
impervious;1
lenses;1
bondurant;1
concern;1
hammerstein;1
distance;1
signed;1
drumheads;1
charge;1
properly;1
loose;1
hurricane;1
although;1
holdthefloor;1
gigant;1
ceramiccrown;1
manual;1
meetings;1
alan;1
safarian;1
bremelanotide;1
etype;1
revcontent;1
remember;1
somebody;1
danbury;1
spacecraft;1
infant;1
river;1
tagging;1
fhcn;1
pulling;1
specia;1
deduction;1
extraordinary;1
whole;1
girl;1
headline;1
password;1
focused;1
heaves;1
akhund;1
obsolete;1
submitted;1
culpeper;1
sunroom;1
indeed;1
simpson;1
thefirsttrillionaire;1
subconscious;1
doconapp;1
wayne;1
smiley;1
darrell;1
loads;1
landline;1
dentalscrap;1
resorption;1
cagr;1
kodak;1
shadi;1
harmful;1
healthtip;1
regarding;1
marcia;1
skip;1
rings;1
icoisummersymposium;1
probation;1
flushing;1
hammar;1
sharma;1
laptop;1
joms;1
steamed;1
geller;1
mystery;1
chester;1
welcomed;1
freezing;1
histopathological;1
interactive;1
suddenly;1
apple;1
explantation;1
castable;1
capital;1
gastroenterology;1
restaurant;1
appeal;1
jowls;1
reassure;1
breakfast;1
maintenan;1
impera;1
fastest;1
heavy;1
decontaminating;1
varying;1
bredent;1
proposed;1
sciencenews;1
kenosha;1
qamzqvgw;1
complimentary;1
texting;1
bitches;1
nadu;1
speed;1
righty;1
flesh;1
northeast;1
chances;1
tenants;1
simi;1
nanocomposite;1
routers;1
oath;1
slij;1
induction;1
expe;1
echug;1
goodyear;1
craycroftdentalcare;1
possibilities;1
quotes;1
newyorkny;1
regarded;1
anticipaterequestviralvideobyfloeazy;1
commemorates;1
villa;1
alicea;1
rajat;1
gettingimplants;1
plus;1
endpoint;1
chang;1
godfather;1
panels;1
bing;1
oncology;1
recycled;1
zombie;1
statement;1
andover;1
alaska;1
ooooooooh;1
seminar;1
helms;1
shielding;1
jquery;1
charges;1
etiology;1
biologics;1
baffling;1
drjavid;1
designated;1
clothing;1
enterprises;1
collected;1
healthyteeth;1
male;1
periodontis;1
affor;1
symantec;1
bayshore;1
underlying;1
osteomyelitis;1
allison;1
emailed;1
meta;1
aspect;1
rocket;1
bestteethimplants;1
sheendental;1
dorit;1
ruggerorespigo;1
chronic;1
meeldis;1
tobacco;1
audio;1
sterling;1
niece;1
raleigh;1
dentallord;1
bangkok;1
regulatory;1
regions;1
saturnia;1
cork;1
launching;1
andrews;1
joseph;1
mcmurray;1
inexpensive;1
nyti;1
detailed;1
gahndi;1
turkeydent;1
address;1
akash;1
shutters;1
lexus;1
cottage;1
administration;1
myhillsdentist;1
clearance;1
specials;1
lucille;1
kissel;1
bhive;1
wanting;1
expo;1
stmn;1
hypoplastic;1
cruises;1
wool;1
allthesucks;1
hawley;1
becomes;1
hhoralsurgery;1
hangouts;1
tackle;1
boobs;1
tower;1
cart;1
botchedupbodies;1
ilovemygodmother;1
beunique;1
commitment;1
usdental;1
pasorobles;1
proceed;1
dagur;1
dukie;1
neymark;1
dysplasia;1
resorted;1
seem;1
kenya;1
nichion;1
extraordinarily;1
drilled;1
modality;1
preference;1
iskandar;1
smarter;1
kariti;1
bioimplan;1
italian;1
tatum;1
gujarat;1
firstworldproblems;1
afraid;1
probing;1
society;1
ducts;1
beth;1
crazy;1
rooted;1
ericwin;1
prices;1
luxury;1
oralandmaxillofacialsurgery;1
graphics;1
tuning;1
percentage;1
albums;1
fremont;1
horowitz;1
received;1
obsessive;1
overpass;1
thot;1
pipeline;1
computerised;1
gallerperio;1
sanitizer;1
mirnas;1
shores;1
hepatitis;1
biggie;1
affording;1
platinumdentalsurgery;1
natu;1
chandler;1
requirement;1
jacobs;1
adanews;1
influences;1
dentalandhealthcare;1
peterson;1
trephine;1
saghatchi;1
dentalfaq;1
rdskzcpo;1
brussels;1
revolu;1
rhode;1
cunhaodonto;1
dentalinstruments;1
brett;1
scitech;1
needles;1
veneers;1
dentalimplantdentist;1
grea;1
southridgedentalsurrey;1
scotland;1
dude;1
practitioners;1
bradstreet;1
stunned;1
lingual;1
police;1
remembering;1
textbook;1
shilling;1
tried;1
china;1
xixi;1
lifestyletips;1
boom;1
orthodontics;1
loma;1
shrink;1
specimen;1
ricky;1
smokers;1
speakin;1
confirms;1
winning;1
jumbo;1
fiat;1
torrance;1
refinishing;1
hope;1
buying;1
kang;1
silverdale;1
anybody;1
distresses;1
domain;1
absolutely;1
permeant;1
rebuilding;1
detachable;1
cisco;1
craiglist;1
bolton;1
complaints;1
massage;1
urgically;1
scenery;1
remain;1
pccd;1
loveyourgums;1
hunting;1
strenghts;1
ridiculously;1
pizza;1
stair;1
implanttypes;1
boot;1
rodgers;1
poway;1
premiered;1
dentalcarenow;1
stratified;1
nexus;1
florence;1
insulting;1
generations;1
aloha;1
pumps;1
vegan;1
florists;1
baseball;1
residency;1
biomedi;1
wolverine;1
ridgetop;1
unless;1
stat;1
mallo;1
electromagnetic;1
weshouldtalk;1
poly;1
insulation;1
citations;1
elements;1
tightening;1
functions;1
toyota;1
concussi;1
trumptwin;1
reflection;1
allstar;1
grancare;1
fusing;1
advancements;1
lambis;1
centerimage;1
provi;1
supporting;1
pursuit;1
medicalresea;1
advisable;1
alldentalevents;1
warrior;1
brighten;1
airlink;1
ragosta;1
juniper;1
verizon;1
informs;1
mesiofacial;1
automotive;1
carmax;1
costume;1
wholesale;1
facilty;1
smiling;1
synectic;1
quickly;1
brentwood;1
rovere;1
flyer;1
costablanca;1
ovarian;1
enthusiasts;1
dinp;1
gumgraft;1
clover;1
pennsylvania;1
dittel;1
jacuzzi;1
egypt;1
novocain;1
clock;1
adsbygoogle;1
frawley;1
nigeria;1
dodge;1
honors;1
publish;1
yatendra;1
mental;1
rural;1
beget;1
talented;1
articulator;1
healthyworldhouse;1
finance;1
mainline;1
doon;1
labels;1
given;1
substances;1
islands;1
clips;1
brake;1
pick;1
hyundai;1
scraped;1
prints;1
tuscan;1
organizations;1
pwhite;1
entrepreneur;1
ramsey;1
crime;1
privacy;1
tucan;1
kylie;1
cloud;1
maths;1
hiosse;1
fell;1
employment;1
techician;1
brandon;1
sandiego;1
stemmed;1
myyza;1
protect;1
icon;1
compromised;1
stolen;1
progression;1
prospective;1
movie;1
ogndssud;1
mesa;1
appledentalimplants;1
percen;1
aberdeen;1
bryan;1
thei;1
shirt;1
sells;1
intercrestal;1
fbar;1
tumor;1
bonazza;1
smar;1
segment;1
nervous;1
deira;1
disrespectful;1
burleson;1
johnsoncitydentist;1
mountgilead;1
queries;1
thermocouple;1
ownership;1
showcasing;1
nagare;1
القصيم;1
alcatel;1
norm;1
usin;1
undertake;1
thru;1
measures;1
standards;1
hanger;1
foleydental;1
osteogen;1
jones;1
bored;1
simon;1
user;1
frequency;1
sculpted;1
manan;1
nouvag;1
turf;1
imbalance;1
sacrifice;1
poitiers;1
warmer;1
turne;1
consequences;1
cowell;1
heads;1
adip;1
bequeath;1
kent;1
hubspot;1
vitalife;1
scholarships;1
thankyou;1
stump;1
typesofimplants;1
becky;1
lancaster;1
donate;1
designers;1
schenker;1
specialtydentistry;1
perhaps;1
spread;1
helped;1
communit;1
microthreads;1
bracket;1
atyhs;1
utilize;1
logical;1
dealt;1
newslog;1
yelp;1
preventable;1
ridiculous;1
lilliput;1
stabilising;1
whistler;1
stabi;1
fighting;1
desi;1
losing;1
recede;1
vita;1
kentucky;1
bands;1
nerves;1
medicinal;1
agreement;1
oralsurgeonpractice;1
suppose;1
decals;1
haleydental;1
qfrqqhdc;1
portrait;1
fantasy;1
iverson;1
harbor;1
woodlandhills;1
ynywcwso;1
endostealimplants;1
vatech;1
enormous;1
donated;1
technician;1
protocols;1
performance;1
implantse;1
charlottesvilleoralsurgerydentalimplantcenter;1
oralandmaxillofcaialsurgery;1
dealers;1
audi;1
electrical;1
salary;1
oxidation;1
horse;1
newswire;1
defence;1
cataract;1
shield;1
cutter;1
envysmile;1
inkjet;1
hmmm;1
winters;1
setup;1
pottery;1
considers;1
foreingbodyremovalsurgery;1
convention;1
beetle;1
looked;1
hardware;1
mitchel;1
pittsburgh;1
stimulates;1
aichc;1
qdyqqtw;1
gaocdentalimplantauthority;1
whiteboard;1
scenes;1
decreased;1
hydrolysis;1
colonelsdentalspa;1
copious;1
straumannusa;1
universith;1
fueling;1
hmph;1
trade;1
rehabilatation;1
bestdentistinchennai;1
lehigh;1
jacked;1
leasing;1
interface;1
verywell;1
samrt;1
rediscover;1
appliances;1
seamless;1
sullivan;1
answering;1
attention;1
marianne;1
burbank;1
hindu;1
oldie;1
affordabled;1
prospects;1
comprehensive;1
album;1
thevsedatiin;1
positions;1
warning;1
knowledgeable;1
dentistrytoday;1
incisors;1
appeara;1
tree;1
fish;1
bonegraft;1
celery;1
newly;1
prama;1
architecture;1
oralsurgeryprocedures;1
fork;1
blow;1
filament;1
orals;1
cours;1
generous;1
makers;1
directory;1
revolution;1
bureau;1
singles;1
animation;1
marking;1
haul;1
knee;1
besides;1
alienware;1
taught;1
periosteal;1
peri;1
famework;1
drha;1
discomfort;1
liposuction;1
inserting;1
competent;1
bisphosphonate;1
jawboneloss;1
marrow;1
landing;1
depression;1
abrasive;1
panda;1
glorious;1
insulin;1
rotc;1
madness;1
culinary;1
celebrationfl;1
urgent;1
innovations;1
sandhills;1
cooling;1
rooms;1
preschool;1
eight;1
fleekist;1
combine;1
infrequent;1
restri;1
drrakshithegde;1
chemistrynewslocker;1
evaluation;1
scsi;1
okay;1
forteimplantcenter;1
disinfection;1
bizarrely;1
brakes;1
scientology;1
morriscountydentalassociates;1
royal;1
xaniatube;1
merrillville;1
embryonic;1
mentorship;1
sacramento;1
redwood;1
pathway;1
taste;1
consulta;1
loveyourself;1
hyperventilating;1
viewer;1
trai;1
prevention;1
indigodental;1
bachelor;1
vicodin;1
viral;1
underwent;1
sourced;1
davis;1
service;1
eurekamag;1
upheld;1
ingesting;1
asia;1
discipline;1
reconstructions;1
exercises;1
greensboro;1
gargle;1
sarment;1
identify;1
determines;1
resume;1
hate;1
featuring;1
neither;1
interimplant;1
glasses;1
teethreplacement;1
heather;1
individually;1
diamet;1
chinthamani;1
ledger;1
cipm;1
places;1
rotation;1
correctly;1
investment;1
implan;1
sheraton;1
multicenter;1
waygoose;1
elder;1
josh;1
distributor;1
revolutionary;1
lanucía;1
delicious;1
winner;1
gruesome;1
depreciation;1
goodie;1
nasty;1
astrid;1
ruby;1
period;1
cheese;1
justsarahthings;1
cooking;1
impressions;1
oshkosh;1
bony;1
angeles;1
relating;1
oralanddentalhealth;1
windo;1
prgfendoret;1
nobelbiocarecomp;1
polished;1
retina;1
operative;1
catspaw;1
falling;1
amirite;1
facility;1
birthday;1
discourage;1
thermal;1
basicscience;1
digest;1
phuket;1
dentalympics;1
sessions;1
mounted;1
northshields;1
moder;1
trend;1
infatuation;1
jewelers;1
cxlr;1
thailandenloe;1
originated;1
prognosis;1
origins;1
silent;1
dentalbrandsresearch;1
theoretically;1
mercurysaferemoval;1
supplanting;1
befor;1
manju;1
kishore;1
northcreekdentalcare;1
upgrades;1
budget;1
engineer;1
mcknight;1
participating;1
wkyqsvwa;1
eden;1
lone;1
ammunition;1
expansion;1
accounts;1
atozofcosmetictreatments;1
egotistical;1
sources;1
powered;1
ramus;1
tables;1
twelve;1
raton;1
yasmin;1
redlands;1
prettau;1
purchase;1
scenarios;1
canon;1
beta;1
quesiton;1
bride;1
shot;1
sharingiscaring;1
crest;1
merkle;1
matrices;1
doktergigi;1
ancho;1
burns;1
combaten;1
transformation;1
revu;1
tanning;1
biting;1
imankusumadirja;1
charger;1
intercom;1
cyst;1
smileagain;1
cities;1
securely;1
profitability;1
misalignment;1
keyhole;1
subprime;1
hoarding;1
hooked;1
kumar;1
kansas;1
plymouth;1
researched;1
sand;1
outgoing;1
liability;1
structures;1
woodbridge;1
lifetime;1
tailor;1
happen;1
medic;1
staff;1
furniture;1
brower;1
carrum;1
accompli;1
dailymotion;1
transpire;1
pseg;1
throwbackthursday;1
sickrage;1
derma;1
detector;1
boise;1
ifsgreenbudget;1
simplify;1
whilst;1
criminal;1
prepared;1
jodat;1
engineered;1
certifications;1
accompanies;1
plating;1
phosphate;1
verbally;1
antes;1
arlington;1
dearborn;1
varies;1
interchangeable;1
mimgostore;1
walnut;1
prabha;1
retainers;1
louisvilledentist;1
markers;1
aquarium;1
ascend;1
mighty;1
vows;1
spring;1
goldadupt;1
freshbreath;1
sailboat;1
leaves;1
legendsdental;1
dfcu;1
implantsforeveryone;1
headaches;1
anodised;1
dana;1
dentalimplantexpert;1
panties;1
grant;1
rigid;1
developmen;1
harbourpointe;1
blake;1
ascension;1
employee;1
cleftpalate;1
smell;1
colour;1
mouthwash;1
raissi;1
younger;1
granted;1
capable;1
woodlands;1
daina;1
checklist;1
chattanooga;1
microdent;1
toilettenartikel;1
entered;1
packrat;1
window;1
drhaleyoms;1
ptab;1
refers;1
rancher;1
longer;1
amarik;1
abreu;1
sdeducation;1
tahiti;1
zaragoza;1
england;1
sedan;1
infect;1
dentalhumor;1
nervousatthedentist;1
equinix;1
bought;1
manitowoc;1
offsetting;1
disply;1
dried;1
vimeo;1
tamil;1
batgirl;1
aeton;1
entering;1
changingsmiles;1
pdti;1
stablebite;1
saloons;1
yourmoragadentist;1
featured;1
dimockandweinberg;1
scien;1
gadgets;1
dioxide;1
adventure;1
asus;1
decorating;1
popcorn;1
cheapimplant;1
thereof;1
clocks;1
askari;1
swissquality;1
disk;1
size;1
expired;1
instructions;1
assistive;1
dentistparkwood;1
pocket;1
dentalclinicinahme;1
symptoms;1
hardest;1
welcomes;1
mechanic;1
amazon;1
doggy;1
funnyvideos;1
beyondsmilesdental;1
disabilities;1
functioning;1
quasar;1
graduate;1
message;1
mailshot;1
dryer;1
monica;1
friedman;1
calibration;1
cahill;1
drop;1
enjoying;1
algonquinil;1
postoffices;1
revealed;1
racis;1
lakewoodco;1
pediatricdentistry;1
warranty;1
junior;1
lasvegas;1
ebifpocs;1
maricopa;1
prevents;1
penny;1
jota;1
speakers;1
timothy;1
hips;1
registry;1
hill;1
monoblock;1
summit;1
except;1
hyperbar;1
rutgers;1
norwich;1
lansing;1
epileptic;1
beautifulteeth;1
trump;1
drain;1
complaint;1
mere;1
fucked;1
netzender;1
doable;1
burning;1
cavitating;1
easiest;1
euro;1
deed;1
hallam;1
nano;1
sharepoint;1
cali;1
fees;1
nightmares;1
alone;1
shaanxi;1
agents;1
ahaf;1
implantologist;1
sunscreen;1
slee;1
bracelet;1
exerted;1
pass;1
nicola;1
concordia;1
philippine;1
fakechickenwingfacts;1
alleviate;1
members;1
fadia;1
austindentalimplants;1
dentalimplantsrock;1
ultrasound;1
comprising;1
sung;1
marcus;1
medibid;1
frankenstein;1
visa;1
replacem;1
meals;1
maine;1
weber;1
payment;1
claims;1
websteroral;1
dentaltourism;1
estate;1
hinders;1
vision;1
rodrigo;1
outsourcing;1
alcohol;1
lice;1
congratulate;1
union;1
undergraduate;1
inert;1
diagnostics;1
yukon;1
illness;1
stairs;1
tester;1
sprinkler;1
proving;1
voluminous;1
drlevine;1
core;1
workers;1
lorraine;1
dire;1
arguably;1
lightbulbs;1
garland;1
ueli;1
medicaltravel;1
consciousness;1
dealing;1
cameras;1
pristina;1
drmobasser;1
grinders;1
designing;1
fracking;1
dish;1
reinforced;1
insecure;1
dentistinchennai;1
stresses;1
yorkshire;1
gory;1
federal;1
weeks;1
produc;1
winter;1
platelets;1
hobsonville;1
hypothetically;1
pleasure;1
barter;1
belldental;1
diarrhea;1
plumbing;1
optimize;1
simle;1
connector;1
unfortunate;1
countersink;1
cory;1
conditioning;1
opportunities;1
aaymed;1
connections;1
meaning;1
upset;1
jamila;1
colectomy;1
barrel;1
dentalcheckups;1
drudgery;1
premounted;1
myers;1
makeovers;1
darn;1
albuquerque;1
socketpreservationtechnique;1
cannibals;1
obturation;1
oriental;1
hybridge;1
bereaved;1
methods;1
benchtop;1
jmhzodybo;1
distances;1
alert;1
magicjack;1
script;1
birth;1
smartphones;1
flooring;1
boxes;1
swaps;1
homes;1
cupping;1
moisturizer;1
parkes;1
stanbul;1
modi;1
landscape;1
barely;1
tita;1
conception;1
contract;1
oregondentist;1
drink;1
boiler;1
promise;1
fontana;1
rely;1
reconstituted;1
ratings;1
slurring;1
mulle;1
manner;1
opening;1
budreau;1
welcoming;1
upgrading;1
obgyn;1
traumatized;1
lips;1
healthylife;1
oralsurgeons;1
embed;1
sealing;1
yellow;1
bonding;1
newteeth;1
tuned;1
akinwar;1
superline;1
fire;1
rowe;1
turnover;1
sweden;1
religiosity;1
quit;1
adaptability;1
straightforward;1
testosterone;1
mitchellajosephsdds;1
threaded;1
cascadia;1
kejriwal;1
worsen;1
stain;1
lekker;1
europeanquality;1
augment;1
flapless;1
photographic;1
qless;1
lasix;1
xnkl;1
barstow;1
laying;1
thanjai;1
vijay;1
postimage;1
monday;1
technologi;1
equates;1
dynamics;1
trivandrum;1
surely;1
newer;1
premie;1
seemed;1
dentnewsupdate;1
wingrove;1
implantpathway;1
election;1
bikers;1
advocacy;1
roxolid;1
lectures;1
bestdentalclinic;1
gumrejuvenation;1
masterclass;1
regards;1
basement;1
adware;1
nesko;1
collagene;1
invention;1
pulled;1
employees;1
assistants;1
benzinga;1
hhoms;1
josephr;1
front;1
galileos;1
pole;1
resiliant;1
teacher;1
suggestions;1
piques;1
mcgill;1
infomercials;1
goldilocks;1
budapest;1
singledentalimplantcost;1
literatu;1
pujcmsdg;1
psychology;1
segments;1
deichmann;1
milling;1
accident;1
byrnes;1
tischler;1
eliminate;1
crafters;1
virginia;1
dratulkakkar;1
yusendent;1
cinnamon;1
shrinking;1
medicalnews;1
director;1
stamps;1
aesthetical;1
expungement;1
baker;1
recipes;1
basingstoke;1
forty;1
straightforwar;1
alderley;1
icymi;1
heartburn;1
seize;1
celebrities;1
mously;1
williams;1
naval;1
steindl;1
reduc;1
crew;1
chronological;1
decisiveness;1
reclaim;1
complex;1
suing;1
teenager;1
respiratory;1
caterers;1
idtcjakarta;1
harvard;1
mplants;1
parsian;1
contributing;1
gatos;1
desperately;1
pieper;1
doxycycline;1
evaluating;1
goddamn;1
opting;1
trustworthy;1
conrad;1
eliminates;1
lakhs;1
guelph;1
thrombosis;1
salivarius;1
central;1
implantbridge;1
smilecareforever;1
closets;1
dominated;1
deleware;1
gave;1
infinite;1
booklet;1
pans;1
peak;1
heel;1
rejected;1
dentalpoint;1
behavior;1
zygomati;1
antibodies;1
beagles;1
grateful;1
detached;1
harmony;1
digitaldentistry;1
mess;1
flatbed;1
arteodontologica;1
arvada;1
thursday;1
scaffold;1
chemicals;1
lect;1
chimney;1
sanjosedentist;1
stories;1
instantly;1
moment;1
bent;1
advert;1
dentaco;1
sarathy;1
fuss;1
paladin;1
chicken;1
hosting;1
rita;1
designjet;1
booth;1
overweight;1
stzcqefo;1
ranch;1
incampo;1
perform;1
holyshitexpensive;1
stomach;1
attained;1
relationship;1
rush;1
florist;1
pinched;1
ocala;1
asap;1
healthyminimag;1
involving;1
threads;1
herndonva;1
carlson;1
drafting;1
iced;1
personate;1
graph;1
spare;1
almadental;1
ages;1
vikram;1
refurbi;1
ectodermal;1
films;1
lynette;1
kakish;1
programme;1
imageimage;1
basis;1
studying;1
scott;1
stream;1
belton;1
biotechnology;1
narro;1
aussies;1
clinics;1
gems;1
drporras;1
jason;1
sooner;1
ncaa;1
mightily;1
malware;1
americ;1
breastfeeding;1
bulky;1
evilsciencepapers;1
webshop;1
bioc;1
thoug;1
pots;1
death;1
esearch;1
forgot;1
succes;1
angela;1
pasadena;1
prosthe;1
worn;1
mandibular;1
tacomawa;1
noris;1
charleston;1
lend;1
webpage;1
rotational;1
infertility;1
mclaws;1
fought;1
walking;1
flossers;1
integrate;1
marina;1
burn;1
entertain;1
bobby;1
compatibles;1
dentzz;1
essay;1
disappear;1
projections;1
healthnews;1
branches;1
surprises;1
theresa;1
iron;1
astm;1
expands;1
recovery;1
manassas;1
philippines;1
injector;1
integrated;1
portugal;1
electricity;1
internationalcongressaoi;1
pioneering;1
sake;1
army;1
warmers;1
washing;1
nurident;1
communicate;1
neglect;1
arriving;1
seeking;1
else;1
morphology;1
blogpost;1
alltop;1
email;1
underta;1
provid;1
ibuprofen;1
passports;1
integrates;1
headphones;1
hauling;1
swissdesign;1
nycdentist;1
vacations;1
personalized;1
wellesbourne;1
checkups;1
constructed;1
unwaxed;1
hisham;1
surgeries;1
scanner;1
drmedwiddds;1
grin;1
highlights;1
biocompatibility;1
mussel;1
mines;1
chomp;1
chat;1
sadly;1
superb;1
subperiostealimplants;1
artifici;1
recubrimientos;1
alexandriaoldtowndental;1
instructor;1
datum;1
locksmith;1
septic;1
grinding;1
nonirradiated;1
feminine;1
changinglives;1
exposing;1
stink;1
safest;1
adhd;1
plazadental;1
feelings;1
amin;1
biotanium;1
crap;1
kellerwilliams;1
yourwelcome;1
unfortunately;1
sending;1
misc;1
cure;1
terrifying;1
kopergaon;1
woodworking;1
quandu;1
splinter;1
march;1
sinterex;1
abuse;1
prefe;1
urbanek;1
representing;1
grain;1
smilealreemdentalcenter;1
approvals;1
abby;1
resoluteness;1
teethinadayâ;1
windsor;1
crowdfunding;1
aestheticdentistry;1
combines;1
duelen;1
busted;1
frankfurt;1
kept;1
wallingford;1
realtooth;1
addict;1
intimately;1
raises;1
previous;1
cook;1
fiddling;1
preserves;1
compete;1
physorg;1
afte;1
qualified;1
notes;1
easta;1
respects;1
tucson;1
pharmacology;1
parador;1
interfere;1
aarp;1
chantilly;1
cscjustfunded;1
accent;1
retirement;1
integrat;1
techtext;1
apex;1
technic;1
stratford;1
latter;1
itcseminars;1
branding;1
westbrook;1
cabot;1
athletes;1
creating;1
fulldentureimplant;1
cassiobury;1
shock;1
macintosh;1
themes;1
lumineers;1
dentalhealthweek;1
gulfsideperiodontics;1
classification;1
floating;1
mainstream;1
starbucks;1
comfortabl;1
richardsonsome;1
weaklings;1
