2016-08;training;235
2016-08;certificate;224
2016-08;receives;224
2016-08;prestigious;224
2016-08;bharat;224
2016-08;agravat;224
2016-08;model;69
2016-08;study;50
2016-08;market;43
2016-08;teeth;42
2016-09;market;385
2016-09;teeth;279
2016-09;research;262
2016-09;view;243
2016-09;grand;243
2016-09;tooth;243
2016-09;demand;239
2016-09;witness;238
2016-09;replacement;234
2016-09;enhanced;233
2016-10;market;117
2016-10;model;75
2016-10;global;68
2016-10;analysis;54
2016-10;study;50
2016-10;teeth;49
2016-10;sale;44
2016-10;demonstration;41
2016-10;industry;37
2016-10;cosmetic;35
2016-11;market;356
2016-11;growth;214
2016-11;training;201
2016-11;share;198
2016-11;advanced;194
2016-11;leading;193
2016-11;learns;191
2016-11;bharat;191
2016-11;agravat;191
2016-11;implantologist;191
2016-12;market;454
2016-12;forecast;308
2016-12;type;280
2016-12;summary;271
2016-12;scope;271
2016-12;geography;271
2016-12;model;119
2016-12;global;70
2016-12;teeth;66
2016-12;study;63
2017-01;market;463
2017-01;industry;333
2017-01;research;293
2017-01;data;264
2017-01;secondary;263
2017-01;databases;263
2017-01;sourced;263
2017-01;based;263
2017-01;primary;262
2017-01;dentistry;249
2017-02;market;253
2017-02;global;209
2017-02;million;154
2017-02;surpass;151
2017-02;cosmetic;44
2017-02;dentist;40
2017-02;analysis;30
2017-02;model;30
2017-02;study;28
2017-02;free;24
2017-03;market;642
2017-03;global;316
2017-03;research;300
2017-03;report;295
2017-03;analysis;265
2017-03;forecast;262
2017-03;trends;253
2017-03;share;242
2017-03;join;34
2017-03;international;33
2017-04;market;290
2017-04;analysis;130
2017-04;trends;120
2017-04;demand;105
2017-04;growth;92
2017-04;research;86
2017-04;share;82
2017-04;global;69
2017-04;opportunities;65
2017-04;drivers;63
2017-05;market;158
2017-05;global;80
2017-05;training;57
2017-05;book;56
2017-05;research;48
2017-05;report;47
2017-05;expected;45
2017-05;restoration;44
2017-05;grow;42
2017-05;tooth;39
2017-06;market;515
2017-06;expected;324
2017-06;reach;318
2017-06;global;253
2017-06;research;234
2017-06;credence;167
2017-06;million;145
2017-06;report;73
2017-06;analysis;63
2017-06;forecast;63
2017-07;market;325
2017-07;demand;151
2017-07;grand;150
2017-07;view;149
2017-07;increasing;148
2017-07;teeth;148
2017-07;replacement;148
2017-07;till;148
2017-07;driven;148
2017-07;tooth;148
2017-08;market;172
2017-08;course;81
2017-08;global;56
2017-08;research;52
2017-08;analysis;51
2017-08;forecast;46
2017-08;education;42
2017-08;book;40
2017-08;industry;39
2017-08;report;38
2017-09;robot;858
2017-09;first;847
2017-09;automated;639
2017-09;chinese;636
2017-09;performed;543
2017-09;world;234
2017-09;china;203
2017-09;autonomous;201
2017-09;market;105
2017-09;fully;93
2017-10;course;72
2017-10;market;65
2017-10;book;36
2017-10;miss;33
2017-10;training;32
2017-10;november;31
2017-10;nursing;30
2017-10;running;30
2017-10;hale;29
2017-10;dentalnurses;29
2017-11;market;1129
2017-11;revenue;569
2017-11;growth;562
2017-11;till;461
2017-11;players;357
2017-11;million;327
2017-11;forecasts;290
2017-11;nanotechnology;219
2017-11;regions;218
2017-11;segmentation;218
2017-12;market;118
2017-12;seminar;47
2017-12;surgeon;40
2017-12;chapel;37
2017-12;global;37
2017-12;periodontist;37
2017-12;hosted;37
2017-12;hill;37
2017-12;research;35
2017-12;growth;28
2018-01;market;511
2018-01;global;300
2018-01;growth;178
2018-01;industry;173
2018-01;trends;160
2018-01;surface;156
2018-01;insights;156
2018-01;nano;154
2018-01;size;153
2018-01;segments;152
2018-02;cosmetic;104
2018-02;dentist;104
2018-02;solutions;103
2018-02;portland;101
2018-02;interviewed;101
2018-02;pearl;101
2018-02;district;101
2018-02;downtown;101
2018-02;market;63
2018-02;global;45
2018-03;cosmetic;487
2018-03;interview;469
2018-03;dentist;468
2018-03;market;255
2018-03;growth;198
2018-03;beach;193
2018-03;witness;173
2018-03;significant;167
2018-03;projected;167
2018-03;insights;165
2018-04;market;425
2018-04;dentist;197
2018-04;interview;191
2018-04;talks;189
2018-04;cosmetic;189
2018-04;growth;183
2018-04;research;174
2018-04;cagr;172
2018-04;register;172
2018-04;around;170
2018-05;riyadh;147
2018-05;dentist;88
2018-05;talks;87
2018-05;encinitas;87
2018-05;interview;87
2018-05;diego;87
2018-05;symposium;75
2018-05;saudiarabia;74
2018-05;doctors;72
2018-05;saudi;72
2018-07;market;117
2018-07;industry;114
2018-07;technical;111
2018-07;growing;111
2018-07;advancement;111
2018-07;cagr;111
2018-07;project;111
2018-07;surgery;5
2018-07;research;4
2018-07;techniques;4
2018-08;market;25
2018-08;course;14
2018-08;global;14
2018-08;growing;12
2018-08;year;11
2018-08;number;10
2018-08;every;10
2018-08;people;10
2018-08;worth;9
2018-08;research;6
2018-09;market;179
2018-09;size;114
2018-09;product;108
2018-09;demand;108
2018-09;prosthetics;107
2018-09;types;105
2018-09;detail;105
2018-09;manufacturer;105
2018-09;global;45
2018-09;free;35
2018-10;market;949
2018-10;analysis;365
2018-10;forecast;358
2018-10;research;346
2018-10;global;340
2018-10;report;324
2018-10;growth;253
2018-10;expected;204
2018-10;sales;164
2018-10;size;140
2018-11;market;191
2018-11;research;83
2018-11;global;79
2018-11;forecast;77
2018-11;titanium;53
2018-11;analysis;52
2018-11;report;52
2018-11;available;51
2018-11;made;47
2018-11;firm;47
2018-12;market;141
2018-12;outlook;128
2018-12;report;99
2018-12;procedures;73
2018-12;updated;63
2018-12;prices;63
2018-12;global;37
2018-12;course;32
2018-12;provides;29
2018-12;sales;27
2019-01;market;176
2019-01;forecast;90
2019-01;growing;81
2019-01;cagr;76
2019-01;distracter;75
2019-01;period;75
2019-01;outlook;50
2019-01;placement;38
2019-01;course;35
2019-01;sales;32
2019-02;university;241
2019-02;labradors;169
2019-02;experiment;166
2019-02;plans;163
2019-02;fury;163
2019-02;kill;163
2019-02;research;94
2019-02;dogs;80
2019-02;dentsply;74
2019-02;company;74
2019-03;research;216
2019-03;gothenburg;201
2019-03;dogs;197
2019-03;university;190
2019-03;stop;185
2019-03;petition;139
2019-03;sign;135
2019-03;market;52
2019-03;report;24
2019-03;sales;22
2019-04;market;330
2019-04;cagr;164
2019-04;forecast;93
2019-04;prosthetics;89
2019-04;reach;88
2019-04;period;85
2019-04;million;75
2019-04;sales;38
2019-04;consultant;33
2019-04;growth;27
2019-05;market;49
2019-05;global;24
2019-05;course;21
2019-05;analysis;15
2019-05;healthcare;14
2019-05;growth;14
2019-05;forecast;13
2019-05;industry;13
2019-05;systems;12
2019-05;education;11
2019-06;research;121
2019-06;stop;121
2019-06;dogs;96
2019-06;gothenburg;96
2019-06;university;95
2019-06;market;67
2019-06;sign;56
2019-06;sales;33
2019-06;petition;32
2019-06;education;31
2019-07;market;95
2019-07;million;45
2019-07;reach;36
2019-07;healthcare;33
2019-07;education;30
2019-07;news;29
2019-07;global;28
2019-07;sales;28
2019-07;dentistry;26
2019-07;team;25
2019-08;market;95
2019-08;growth;23
2019-08;research;22
2019-08;sales;22
2019-08;education;21
2019-08;world;20
2019-08;size;20
2019-08;university;19
2019-08;forecast;19
2019-08;analysis;18
2019-09;sales;76
2019-09;market;69
2019-09;consultant;63
2019-09;clearchoice;30
2019-09;work;22
2019-09;global;21
2019-09;jobs;20
2019-09;analysis;18
2019-09;team;18
2019-09;working;17
2019-10;market;65
2019-10;opportunities;35
2019-10;challenges;34
2019-10;sales;33
2019-10;associates;30
2019-10;offer;30
2019-10;cheng;30
2019-10;proud;30
2019-10;chamblee;30
2019-10;announce;30
2019-11;market;47
2019-11;forecast;20
2019-11;analysis;18
2019-11;size;17
2019-11;share;17
2019-11;free;16
2019-11;global;16
2019-11;industry;16
2019-11;trends;16
2019-11;link;14
2016-07;global;48
2016-07;market;35
2016-07;model;33
2016-07;module;24
2016-07;sales;24
2016-07;teeth;23
2016-07;study;21
2016-07;consultant;20
2016-07;training;18
2016-07;demonstration;16
2016-08;training;235
2016-08;bharat;224
2016-08;agravat;224
2016-08;receives;224
2016-08;prestigious;224
2016-08;certificate;224
2016-08;model;69
2016-08;study;50
2016-08;market;43
2016-08;teeth;42
2016-09;market;385
2016-09;teeth;279
2016-09;research;262
2016-09;tooth;243
2016-09;grand;243
2016-09;view;243
2016-09;demand;239
2016-09;witness;238
2016-09;replacement;234
2016-09;enhanced;233
2016-10;market;117
2016-10;model;75
2016-10;global;68
2016-10;analysis;54
2016-10;study;50
2016-10;teeth;49
2016-10;sale;44
2016-10;demonstration;41
2016-10;industry;37
2016-10;cosmetic;35
2016-11;market;356
2016-11;growth;214
2016-11;training;201
2016-11;share;198
2016-11;advanced;194
2016-11;leading;193
2016-11;implantologist;191
2016-11;bharat;191
2016-11;agravat;191
2016-11;learns;191
2016-12;market;454
2016-12;forecast;308
2016-12;type;280
2016-12;geography;271
2016-12;scope;271
2016-12;summary;271
2016-12;model;119
2016-12;global;70
2016-12;teeth;66
2016-12;study;63
2017-01;market;463
2017-01;industry;333
2017-01;research;293
2017-01;data;264
2017-01;based;263
2017-01;sourced;263
2017-01;databases;263
2017-01;secondary;263
2017-01;primary;262
2017-01;dentistry;249
2017-02;market;253
2017-02;global;209
2017-02;million;154
2017-02;surpass;151
2017-02;cosmetic;44
2017-02;dentist;40
2017-02;analysis;30
2017-02;model;30
2017-02;study;28
2017-02;free;24
2017-03;market;642
2017-03;global;316
2017-03;research;300
2017-03;report;295
2017-03;analysis;265
2017-03;forecast;262
2017-03;trends;253
2017-03;share;242
2017-03;join;34
2017-03;international;33
2017-04;market;290
2017-04;analysis;130
2017-04;trends;120
2017-04;demand;105
2017-04;growth;92
2017-04;research;86
2017-04;share;82
2017-04;global;69
2017-04;opportunities;65
2017-04;drivers;63
2017-05;market;158
2017-05;global;80
2017-05;training;57
2017-05;book;56
2017-05;research;48
2017-05;report;47
2017-05;expected;45
2017-05;restoration;44
2017-05;grow;42
2017-05;tooth;39
2017-06;market;515
2017-06;expected;324
2017-06;reach;318
2017-06;global;253
2017-06;research;234
2017-06;credence;167
2017-06;million;145
2017-06;report;73
2017-06;forecast;63
2017-06;analysis;63
2017-07;market;325
2017-07;demand;151
2017-07;grand;150
2017-07;view;149
2017-07;driven;148
2017-07;increasing;148
2017-07;tooth;148
2017-07;teeth;148
2017-07;replacement;148
2017-07;till;148
2017-08;market;172
2017-08;course;81
2017-08;global;56
2017-08;research;52
2017-08;analysis;51
2017-08;forecast;46
2017-08;education;42
2017-08;book;40
2017-08;industry;39
2017-08;report;38
2017-09;robot;858
2017-09;first;847
2017-09;automated;639
2017-09;chinese;636
2017-09;performed;543
2017-09;world;234
2017-09;china;203
2017-09;autonomous;201
2017-09;market;105
2017-09;carries;93
2017-10;course;72
2017-10;market;65
2017-10;book;36
2017-10;miss;33
2017-10;training;32
2017-10;november;31
2017-10;nursing;30
2017-10;running;30
2017-10;dentalnurses;29
2017-10;hale;29
2017-11;market;1129
2017-11;revenue;569
2017-11;growth;562
2017-11;till;461
2017-11;players;357
2017-11;million;327
2017-11;forecasts;290
2017-11;nanotechnology;219
2017-11;regions;218
2017-11;segmentation;218
2017-12;market;118
2017-12;seminar;47
2017-12;surgeon;40
2017-12;hosted;37
2017-12;chapel;37
2017-12;hill;37
2017-12;periodontist;37
2017-12;global;37
2017-12;research;35
2017-12;growth;28
2018-01;market;511
2018-01;global;300
2018-01;growth;178
2018-01;industry;173
2018-01;trends;160
2018-01;surface;156
2018-01;insights;156
2018-01;nano;154
2018-01;size;153
2018-01;segments;152
2018-02;dentist;104
2018-02;cosmetic;104
2018-02;solutions;103
2018-02;pearl;101
2018-02;district;101
2018-02;downtown;101
2018-02;portland;101
2018-02;interviewed;101
2018-02;market;63
2018-02;global;45
2018-03;cosmetic;487
2018-03;interview;469
2018-03;dentist;468
2018-03;market;255
2018-03;growth;198
2018-03;beach;193
2018-03;witness;173
2018-03;projected;167
2018-03;significant;167
2018-03;radiant;165
2018-04;market;425
2018-04;dentist;197
2018-04;interview;191
2018-04;talks;189
2018-04;cosmetic;189
2018-04;growth;183
2018-04;research;174
2018-04;register;172
2018-04;cagr;172
2018-04;around;170
2018-05;riyadh;147
2018-05;dentist;88
2018-05;diego;87
2018-05;encinitas;87
2018-05;talks;87
2018-05;interview;87
2018-05;symposium;75
2018-05;saudiarabia;74
2018-05;saudi;72
2018-05;doctors;72
2018-07;market;117
2018-07;industry;114
2018-07;growing;111
2018-07;technical;111
2018-07;advancement;111
2018-07;project;111
2018-07;cagr;111
2018-07;surgery;5
2018-07;conference;4
2018-07;join;4
2018-08;market;25
2018-08;course;14
2018-08;global;14
2018-08;growing;12
2018-08;year;11
2018-08;number;10
2018-08;people;10
2018-08;every;10
2018-08;worth;9
2018-08;september;6
2018-09;market;179
2018-09;size;114
2018-09;product;108
2018-09;demand;108
2018-09;prosthetics;107
2018-09;manufacturer;105
2018-09;detail;105
2018-09;types;105
2018-09;global;45
2018-09;free;35
2018-10;market;949
2018-10;analysis;365
2018-10;forecast;358
2018-10;research;346
2018-10;global;340
2018-10;report;324
2018-10;growth;253
2018-10;expected;204
2018-10;sales;164
2018-10;size;140
2018-11;market;191
2018-11;research;83
2018-11;global;79
2018-11;forecast;77
2018-11;titanium;53
2018-11;analysis;52
2018-11;report;52
2018-11;available;51
2018-11;made;47
2018-11;firm;47
2018-12;market;141
2018-12;outlook;128
2018-12;report;99
2018-12;procedures;73
2018-12;updated;63
2018-12;prices;63
2018-12;global;37
2018-12;course;32
2018-12;provides;29
2018-12;sales;27
2019-01;market;176
2019-01;forecast;90
2019-01;growing;81
2019-01;cagr;76
2019-01;distracter;75
2019-01;period;75
2019-01;outlook;50
2019-01;placement;38
2019-01;course;35
2019-01;sales;32
2019-02;university;241
2019-02;labradors;169
2019-02;experiment;166
2019-02;fury;163
2019-02;plans;163
2019-02;kill;163
2019-02;research;94
2019-02;dogs;80
2019-02;dentsply;74
2019-02;company;74
2019-03;research;216
2019-03;gothenburg;201
2019-03;dogs;197
2019-03;university;190
2019-03;stop;185
2019-03;petition;139
2019-03;sign;135
2019-03;market;52
2019-03;report;24
2019-03;sales;22
2019-04;market;330
2019-04;cagr;164
2019-04;forecast;93
2019-04;prosthetics;89
2019-04;reach;88
2019-04;period;85
2019-04;million;75
2019-04;sales;38
2019-04;consultant;33
2019-04;growth;27
2019-05;market;49
2019-05;global;24
2019-05;course;21
2019-05;analysis;15
2019-05;healthcare;14
2019-05;growth;14
2019-05;industry;13
2019-05;forecast;13
2019-05;systems;12
2019-05;education;11
2019-06;stop;121
2019-06;research;121
2019-06;dogs;96
2019-06;gothenburg;96
2019-06;university;95
2019-06;market;67
2019-06;sign;56
2019-06;sales;33
2019-06;petition;32
2019-06;share;31
2019-07;market;95
2019-07;million;45
2019-07;reach;36
2019-07;healthcare;33
2019-07;education;30
2019-07;news;29
2019-07;sales;28
2019-07;global;28
2019-07;dentistry;26
2019-07;team;25
2019-08;market;95
2019-08;growth;23
2019-08;sales;22
2019-08;research;22
2019-08;education;21
2019-08;size;20
2019-08;world;20
2019-08;forecast;19
2019-08;university;19
2019-08;expert;18
2019-09;sales;76
2019-09;market;69
2019-09;consultant;63
2019-09;clearchoice;30
2019-09;work;22
2019-09;global;21
2019-09;jobs;20
2019-09;team;18
2019-09;analysis;18
2019-09;working;17
2019-10;market;65
2019-10;opportunities;35
2019-10;challenges;34
2019-10;sales;33
2019-10;cheng;30
2019-10;associates;30
2019-10;proud;30
2019-10;announce;30
2019-10;offer;30
2019-10;chamblee;30
2019-11;market;47
2019-11;forecast;20
2019-11;analysis;18
2019-11;size;17
2019-11;share;17
2019-11;free;16
2019-11;global;16
2019-11;trends;16
2019-11;industry;16
2019-11;link;14
2019-12;made;6
2019-12;indigenous;5
2019-12;scientists;5
2019-12;market;4
2019-12;iitdelhi;4
2019-12;registration;4
2019-12;doctors;3
2019-12;research;3
2019-12;basic;3
2019-12;online;3
