2016-08;teeth;105
2016-08;straumann;96
2016-08;internal;96
2016-08;rate;94
2016-08;bone;90
2016-08;success;90
2016-08;people;71
2016-08;overall;69
2016-08;torque;62
2016-08;wrench;61
2016-09;know;81
2016-09;success;61
2016-09;bone;59
2016-09;rate;59
2016-09;reduction;58
2016-09;years;56
2016-09;angle;55
2016-09;motor;55
2016-09;contra;55
2016-09;around;54
2016-10;high;137
2016-10;quality;133
2016-10;offers;132
2016-10;approved;132
2016-10;professionals;131
2016-10;australian;131
2016-10;internal;68
2016-10;bone;67
2016-10;system;65
2016-10;teeth;63
2016-11;handpiece;116
2016-11;reduction;112
2016-11;angle;93
2016-11;contra;92
2016-11;system;85
2016-11;motor;61
2016-11;titanium;54
2016-11;surgical;47
2016-11;bone;47
2016-11;types;39
2016-12;ceramic;247
2016-12;press;243
2016-12;hydrualic;235
2016-12;bone;218
2016-12;school;163
2016-12;evolution;157
2016-12;challenging;157
2016-12;looking;136
2016-12;handpiece;136
2016-12;established;134
2017-01;reservoir;262
2017-01;reduces;260
2017-01;risk;260
2017-01;bone;249
2017-01;infection;189
2017-01;drug;181
2017-01;handpiece;158
2017-01;reduction;154
2017-01;angle;141
2017-01;contra;137
2017-02;handpiece;95
2017-02;angle;82
2017-02;reduction;81
2017-02;contra;80
2017-02;check;66
2017-02;wrench;66
2017-02;motor;63
2017-02;torque;61
2017-02;surgical;55
2017-02;system;48
2017-03;failure;206
2017-03;reduce;191
2017-03;successful;172
2017-03;check;141
2017-03;study;134
2017-03;wrench;117
2017-03;method;101
2017-03;torque;101
2017-03;nanocoating;99
2017-03;identifies;94
2017-04;system;81
2017-04;company;70
2017-04;generate;69
2017-04;industry;69
2017-04;leads;69
2017-04;tech;69
2017-04;launches;69
2017-04;success;64
2017-04;rate;54
2017-04;check;50
2017-05;cost;433
2017-05;wrench;74
2017-05;maui;73
2017-05;torque;69
2017-05;restoration;60
2017-05;benefits;59
2017-05;removal;54
2017-05;broken;53
2017-05;screw;53
2017-05;retrieval;50
2017-06;cost;581
2017-06;wrench;97
2017-06;torque;91
2017-06;restoration;68
2017-06;removal;62
2017-06;screw;62
2017-06;know;62
2017-06;broken;61
2017-06;retrieval;61
2017-06;remover;58
2017-07;cost;457
2017-07;wrench;76
2017-07;torque;75
2017-07;restoration;73
2017-07;removal;63
2017-07;retrieval;62
2017-07;broken;62
2017-07;screw;62
2017-07;remover;61
2017-07;handpiece;34
2017-08;cost;86
2017-08;million;76
2017-08;successful;74
2017-08;americans;72
2017-08;made;67
2017-08;restoration;63
2017-08;torque;59
2017-08;wrench;59
2017-08;removal;55
2017-08;broken;55
2017-09;technology;181
2017-09;nobel;170
2017-09;trust;168
2017-09;biocare;164
2017-09;wrench;84
2017-09;torque;82
2017-09;nobelactive;72
2017-09;active;71
2017-09;screw;69
2017-09;restoration;68
2017-10;cost;396
2017-10;technology;203
2017-10;trust;200
2017-10;wrench;92
2017-10;know;90
2017-10;torque;86
2017-10;nobel;74
2017-10;features;69
2017-10;doctor;69
2017-10;prescriptions;69
2017-11;cost;582
2017-11;know;117
2017-11;nobel;115
2017-11;biocare;103
2017-11;bone;75
2017-11;help;59
2017-11;growth;49
2017-11;tapered;45
2017-11;groovy;42
2017-11;motor;41
2017-12;cost;324
2017-12;advantages;92
2017-12;nobel;91
2017-12;motor;66
2017-12;know;65
2017-12;biocare;61
2017-12;system;58
2017-12;active;50
2017-12;surgical;48
2017-12;angle;47
2018-01;cost;649
2018-01;know;60
2018-01;success;42
2018-01;rate;37
2018-01;bone;35
2018-01;percent;24
2018-01;help;23
2018-01;need;20
2018-01;handpiece;19
2018-01;odds;18
2018-02;adin;465
2018-02;spineguard;463
2018-02;announce;463
2018-02;social;456
2018-02;business;456
2018-02;bloomberg;456
2018-02;networking;456
2018-02;ihub;456
2018-02;chicago;456
2018-02;digitalmarkiting;456
2018-03;announce;448
2018-03;alsgd;447
2018-03;social;446
2018-03;business;446
2018-03;bloomberg;446
2018-03;forbes;446
2018-03;networking;446
2018-03;ihub;446
2018-03;chicago;446
2018-03;digitalmarkiting;446
2018-04;tooth;108
2018-04;approved;101
2018-04;australian;98
2018-04;brands;98
2018-04;announces;98
2018-04;sydney;98
2018-04;origin;83
2018-04;alsgd;53
2018-04;announce;53
2018-04;social;52
2018-05;cost;58
2018-05;bone;12
2018-05;mini;11
2018-05;affordable;10
2018-05;learn;10
2018-05;theyre;10
2018-05;heard;10
2018-05;facts;6
2018-05;often;6
2018-05;know;5
2018-07;investment;28
2018-07;million;27
2018-07;secure;25
2018-07;printed;25
2018-07;provides;9
2018-07;system;8
2018-07;decontamination;7
2018-07;cleaning;7
2018-07;galvosurge;7
2018-07;industry;7
2018-08;bone;32
2018-08;mass;14
2018-08;titanium;13
2018-08;know;12
2018-08;used;10
2018-08;teeth;9
2018-08;help;9
2018-08;secure;9
2018-08;graft;8
2018-08;materials;8
2018-09;bone;39
2018-09;titanium;19
2018-09;know;18
2018-09;restoration;16
2018-09;need;15
2018-09;invisalign;14
2018-09;people;13
2018-09;dentalimplants;13
2018-09;teeth;12
2018-09;full;12
2018-10;imaging;92
2018-10;takeaways;88
2018-10;titanium;33
2018-10;made;29
2018-10;dentalimplants;27
2018-10;bone;27
2018-10;doyouknow;15
2018-10;dentalclinic;15
2018-10;usually;15
2018-10;know;14
2018-11;bone;34
2018-11;titanium;29
2018-11;know;25
2018-11;graft;21
2018-11;dentalimplants;19
2018-11;made;18
2018-11;support;17
2018-11;tooth;16
2018-11;sufficient;15
2018-11;conventional;15
2018-12;check;362
2018-12;torque;288
2018-12;straumann;261
2018-12;wrench;235
2018-12;drivers;191
2018-12;short;163
2018-12;long;163
2018-12;universal;80
2018-12;adapter;72
2018-12;driver;57
2019-01;bone;33
2019-01;know;26
2019-01;titanium;25
2019-01;dentalimplants;24
2019-01;check;21
2019-01;offer;20
2019-01;quality;20
2019-01;approved;19
2019-01;australian;18
2019-01;certified;18
2019-02;dentalimplants;68
2019-02;bone;51
2019-02;cosmeticdentistry;46
2019-02;world;35
2019-02;dogs;34
2019-02;dentsply;33
2019-02;research;33
2019-02;sirona;33
2019-02;breaking;32
2019-02;labradors;32
2019-03;titanium;22
2019-03;system;22
2019-03;dentalimplants;18
2019-03;medical;17
2019-03;bone;15
2019-03;make;14
2019-03;star;12
2019-03;teeth;12
2019-03;problem;12
2019-03;type;12
2019-04;straumann;76
2019-04;check;64
2019-04;bone;64
2019-04;long;41
2019-04;short;38
2019-04;grafting;37
2019-04;torque;33
2019-04;drivers;32
2019-04;driver;28
2019-04;system;28
2019-05;success;40
2019-05;need;38
2019-05;know;34
2019-05;teeth;33
2019-05;bone;32
2019-05;dentalimplants;28
2019-05;rate;28
2019-05;jawbone;26
2019-05;graft;25
2019-05;study;24
2019-06;conical;48
2019-06;titanium;48
2019-06;connection;45
2019-06;abutment;38
2019-06;platform;28
2019-06;sterilized;24
2019-06;nobel;24
2019-06;full;21
2019-06;lock;21
2019-06;narrow;17
2019-07;know;37
2019-07;bone;21
2019-07;titanium;20
2019-07;different;19
2019-07;restoration;17
2019-07;check;16
2019-07;types;16
2019-07;straumann;13
2019-07;made;13
2019-07;tooth;11
2019-08;check;132
2019-08;straumann;97
2019-08;drivers;88
2019-08;torque;79
2019-08;long;65
2019-08;short;65
2019-08;wrench;59
2019-08;universal;29
2019-08;know;29
2019-08;driver;25
2019-09;restoration;41
2019-09;titanium;39
2019-09;used;31
2019-09;know;29
2019-09;types;27
2019-09;create;23
2019-09;different;22
2019-09;make;22
2019-09;bone;21
2019-09;sinus;21
2019-10;check;76
2019-10;short;70
2019-10;long;68
2019-10;torque;67
2019-10;drivers;67
2019-10;wrench;65
2019-10;straumann;39
2019-10;restoration;34
2019-10;types;34
2019-10;different;34
2019-11;know;49
2019-11;restoration;44
2019-11;different;41
2019-11;types;40
2019-11;teeth;21
2019-11;bone;21
2019-11;torque;18
2019-11;oral;17
2019-11;titanium;16
2019-11;system;15
2016-07;internal;69
2016-07;bone;54
2016-07;check;47
2016-07;torque;47
2016-07;wrench;47
2016-07;spiral;43
2016-07;sterile;37
2016-07;straumann;36
2016-07;teeth;36
2016-07;straight;36
2016-08;teeth;105
2016-08;straumann;96
2016-08;internal;96
2016-08;rate;94
2016-08;success;90
2016-08;bone;90
2016-08;people;71
2016-08;overall;69
2016-08;torque;62
2016-08;wrench;61
2016-09;know;81
2016-09;success;61
2016-09;rate;59
2016-09;bone;59
2016-09;reduction;58
2016-09;years;56
2016-09;motor;55
2016-09;contra;55
2016-09;angle;55
2016-09;around;54
2016-10;high;137
2016-10;quality;133
2016-10;approved;132
2016-10;offers;132
2016-10;professionals;131
2016-10;australian;131
2016-10;internal;68
2016-10;bone;67
2016-10;system;65
2016-10;teeth;63
2016-11;handpiece;116
2016-11;reduction;112
2016-11;angle;93
2016-11;contra;92
2016-11;system;85
2016-11;motor;61
2016-11;titanium;54
2016-11;bone;47
2016-11;surgical;47
2016-11;types;39
2016-12;ceramic;247
2016-12;press;243
2016-12;hydrualic;235
2016-12;bone;218
2016-12;school;163
2016-12;evolution;157
2016-12;challenging;157
2016-12;handpiece;136
2016-12;looking;136
2016-12;thought;134
2017-01;reservoir;262
2017-01;risk;260
2017-01;reduces;260
2017-01;bone;249
2017-01;infection;189
2017-01;drug;181
2017-01;handpiece;158
2017-01;reduction;154
2017-01;angle;141
2017-01;contra;137
2017-02;handpiece;95
2017-02;angle;82
2017-02;reduction;81
2017-02;contra;80
2017-02;wrench;66
2017-02;check;66
2017-02;motor;63
2017-02;torque;61
2017-02;surgical;55
2017-02;system;48
2017-03;failure;206
2017-03;reduce;191
2017-03;successful;172
2017-03;check;141
2017-03;study;134
2017-03;wrench;117
2017-03;torque;101
2017-03;method;101
2017-03;nanocoating;99
2017-03;identifies;94
2017-04;system;81
2017-04;company;70
2017-04;tech;69
2017-04;launches;69
2017-04;generate;69
2017-04;leads;69
2017-04;industry;69
2017-04;success;64
2017-04;rate;54
2017-04;check;50
2017-05;cost;433
2017-05;wrench;74
2017-05;maui;73
2017-05;torque;69
2017-05;restoration;60
2017-05;benefits;59
2017-05;removal;54
2017-05;broken;53
2017-05;screw;53
2017-05;retrieval;50
2017-06;cost;581
2017-06;wrench;97
2017-06;torque;91
2017-06;restoration;68
2017-06;screw;62
2017-06;removal;62
2017-06;know;62
2017-06;broken;61
2017-06;retrieval;61
2017-06;remover;58
2017-07;cost;457
2017-07;wrench;76
2017-07;torque;75
2017-07;restoration;73
2017-07;removal;63
2017-07;broken;62
2017-07;screw;62
2017-07;retrieval;62
2017-07;remover;61
2017-07;handpiece;34
2017-08;cost;86
2017-08;million;76
2017-08;successful;74
2017-08;americans;72
2017-08;made;67
2017-08;restoration;63
2017-08;torque;59
2017-08;wrench;59
2017-08;broken;55
2017-08;screw;55
2017-09;technology;181
2017-09;nobel;170
2017-09;trust;168
2017-09;biocare;164
2017-09;wrench;84
2017-09;torque;82
2017-09;nobelactive;72
2017-09;active;71
2017-09;screw;69
2017-09;restoration;68
2017-10;cost;396
2017-10;technology;203
2017-10;trust;200
2017-10;wrench;92
2017-10;know;90
2017-10;torque;86
2017-10;nobel;74
2017-10;positive;69
2017-10;features;69
2017-10;doctor;69
2017-11;cost;582
2017-11;know;117
2017-11;nobel;115
2017-11;biocare;103
2017-11;bone;75
2017-11;help;59
2017-11;growth;49
2017-11;tapered;45
2017-11;groovy;42
2017-11;motor;41
2017-12;cost;324
2017-12;advantages;92
2017-12;nobel;91
2017-12;motor;66
2017-12;know;65
2017-12;biocare;61
2017-12;system;58
2017-12;active;50
2017-12;surgical;48
2017-12;angle;47
2018-01;cost;649
2018-01;know;60
2018-01;success;42
2018-01;rate;37
2018-01;bone;35
2018-01;percent;24
2018-01;help;23
2018-01;need;20
2018-01;handpiece;19
2018-01;beat;18
2018-02;adin;465
2018-02;spineguard;463
2018-02;announce;463
2018-02;alsgd;456
2018-02;nytimes;456
2018-02;reuters;456
2018-02;bloomberg;456
2018-02;thestreet;456
2018-02;jimmyfallon;456
2018-02;forbes;456
2018-03;announce;448
2018-03;alsgd;447
2018-03;nytimes;446
2018-03;reuters;446
2018-03;bloomberg;446
2018-03;thestreet;446
2018-03;jimmyfallon;446
2018-03;forbes;446
2018-03;nasdaq;446
2018-03;chicago;446
2018-04;tooth;108
2018-04;approved;101
2018-04;sydney;98
2018-04;announces;98
2018-04;australian;98
2018-04;brands;98
2018-04;origin;83
2018-04;alsgd;53
2018-04;announce;53
2018-04;nytimes;52
2018-05;cost;58
2018-05;bone;12
2018-05;mini;11
2018-05;heard;10
2018-05;theyre;10
2018-05;affordable;10
2018-05;learn;10
2018-05;facts;6
2018-05;often;6
2018-05;know;5
2018-07;investment;28
2018-07;million;27
2018-07;printed;25
2018-07;secure;25
2018-07;provides;9
2018-07;system;8
2018-07;printing;7
2018-07;industry;7
2018-07;full;7
2018-07;galvosurge;7
2018-08;bone;32
2018-08;mass;14
2018-08;titanium;13
2018-08;know;12
2018-08;used;10
2018-08;secure;9
2018-08;teeth;9
2018-08;help;9
2018-08;materials;8
2018-08;material;8
2018-09;bone;39
2018-09;titanium;19
2018-09;know;18
2018-09;restoration;16
2018-09;need;15
2018-09;invisalign;14
2018-09;dentalimplants;13
2018-09;people;13
2018-09;million;12
2018-09;states;12
2018-10;imaging;92
2018-10;takeaways;88
2018-10;titanium;33
2018-10;made;29
2018-10;dentalimplants;27
2018-10;bone;27
2018-10;doyouknow;15
2018-10;usually;15
2018-10;dentalclinic;15
2018-10;know;14
2018-11;bone;34
2018-11;titanium;29
2018-11;know;25
2018-11;graft;21
2018-11;dentalimplants;19
2018-11;made;18
2018-11;support;17
2018-11;tooth;16
2018-11;provide;15
2018-11;sufficient;15
2018-12;check;362
2018-12;torque;288
2018-12;straumann;261
2018-12;wrench;235
2018-12;drivers;191
2018-12;short;163
2018-12;long;163
2018-12;universal;80
2018-12;adapter;72
2018-12;driver;57
2019-01;bone;33
2019-01;know;26
2019-01;titanium;25
2019-01;dentalimplants;24
2019-01;check;21
2019-01;offer;20
2019-01;quality;20
2019-01;approved;19
2019-01;professionals;18
2019-01;australian;18
2019-02;dentalimplants;68
2019-02;bone;51
2019-02;cosmeticdentistry;46
2019-02;world;35
2019-02;dogs;34
2019-02;research;33
2019-02;dentsply;33
2019-02;sirona;33
2019-02;breaking;32
2019-02;news;32
2019-03;system;22
2019-03;titanium;22
2019-03;dentalimplants;18
2019-03;medical;17
2019-03;bone;15
2019-03;make;14
2019-03;type;12
2019-03;problem;12
2019-03;teeth;12
2019-03;meoplant;12
2019-04;straumann;76
2019-04;check;64
2019-04;bone;64
2019-04;long;41
2019-04;short;38
2019-04;grafting;37
2019-04;torque;33
2019-04;drivers;32
2019-04;system;28
2019-04;driver;28
2019-05;success;40
2019-05;need;38
2019-05;know;34
2019-05;teeth;33
2019-05;bone;32
2019-05;dentalimplants;28
2019-05;rate;28
2019-05;jawbone;26
2019-05;graft;25
2019-05;study;24
2019-06;titanium;48
2019-06;conical;48
2019-06;connection;45
2019-06;abutment;38
2019-06;platform;28
2019-06;sterilized;24
2019-06;nobel;24
2019-06;lock;21
2019-06;full;21
2019-06;narrow;17
2019-07;know;37
2019-07;bone;21
2019-07;titanium;20
2019-07;different;19
2019-07;restoration;17
2019-07;types;16
2019-07;check;16
2019-07;straumann;13
2019-07;made;13
2019-07;tooth;11
2019-08;check;132
2019-08;straumann;97
2019-08;drivers;88
2019-08;torque;79
2019-08;short;65
2019-08;long;65
2019-08;wrench;59
2019-08;know;29
2019-08;universal;29
2019-08;driver;25
2019-09;restoration;41
2019-09;titanium;39
2019-09;used;31
2019-09;know;29
2019-09;types;27
2019-09;create;23
2019-09;different;22
2019-09;make;22
2019-09;posts;21
2019-09;bone;21
2019-10;check;76
2019-10;short;70
2019-10;long;68
2019-10;drivers;67
2019-10;torque;67
2019-10;wrench;65
2019-10;straumann;39
2019-10;different;34
2019-10;types;34
2019-10;restoration;34
2019-11;know;49
2019-11;restoration;44
2019-11;different;41
2019-11;types;40
2019-11;teeth;21
2019-11;bone;21
2019-11;torque;18
2019-11;oral;17
2019-11;titanium;16
2019-11;system;15
2019-12;bone;3
2019-12;researchers;2
2019-12;developed;2
2019-12;gatormade;2
2019-12;antibacterial;2
2019-12;coating;2
2019-12;reduces;2
2019-12;progression;2
2019-12;factors;1
2019-12;affecting;1
