insurance;1865
handpiece;1347
cost;1052
abutment;996
check;974
surgical;967
angle;937
contra;927
idea;887
surprise;882
sponsored;868
listings;849
surgery;823
reduction;733
speed;617
motor;576
screw;529
save;462
bone;448
system;438
money;435
costa;426
cheap;425
rica;425
restoration;418
straight;402
analog;374
affordable;366
tools;352
brushless;351
taking;345
getting;344
consider;341
importance;338
plunge;337
best;336
dentistry;332
broken;298
free;289
instruments;252
jersey;223
external;219
crown;211
push;211
allendaledentalimplants;201
fortleedentalimplants;201
remover;200
garfielddenta;200
removal;198
internal;197
prosthetics;195
tooth;194
screen;191
drill;191
sinus;189
nose;184
teeth;181
lift;178
rescue;177
repair;173
biomet;172
germany;168
expander;167
universal;167
bowling;167
lanes;167
find;165
azdent;165
online;161
download;157
cover;153
zimmer;150
healing;149
dentalimplants;148
bridge;144
complete;143
button;140
model;137
health;136
coxo;133
fractured;127
call;127
sale;123
covered;119
machine;117
shopping;111
tips;110
coverage;110
endo;109
style;108
straumann;105
drivers;103
cone;101
plans;100
nozzle;100
disease;95
completes;91
astra;90
nobel;90
irrigation;90
drills;88
driving;87
instructor;86
home;84
prices;84
transfer;83
mini;83
enter;83
robot;83
human;82
ship;81
time;80
type;79
available;75
much;74
services;73
dublin;70
portland;69
pipe;69
deals;68
titanium;68
benefits;68
compression;68
successfully;67
smile;65
mill;65
sandent;64
stock;64
crusher;64
super;63
futurist;63
makeover;62
science;62
read;61
sales;59
tube;59
locator;59
offer;58
medical;57
solution;57
ebay;57
without;57
platform;56
right;56
usps;56
package;54
prep;54
diffuse;54
bomb;54
kavo;53
includes;53
analysis;52
demonstration;52
kits;52
abutments;52
produced;52
shipping;51
dentist;51
diffusedentalbomb;51
plastic;50
newimplantresearc;50
anatomic;49
screws;49
unit;49
special;49
grafting;49
ebook;49
mobi;48
impression;47
whatsapp;47
high;46
manufacturer;46
biohorizons;45
styl;45
various;45
quality;44
sizes;44
attachment;44
instrument;43
ankylos;42
multi;42
price;42
plan;42
clinics;42
team;41
inner;41
covers;41
zahnimplantate;41
care;40
risks;40
information;40
totalimplant;39
ball;39
please;39
ruler;39
kindle;39
disposable;38
angled;38
treatment;38
caps;37
companies;36
advantages;36
questions;35
catalog;35
expands;35
coping;34
finch;34
adding;34
epub;34
jobs;33
learn;33
full;33
micromotor;33
finance;33
supplier;33
seek;33
fast;32
totalimplantcom;32
slim;32
specialist;32
oral;32
professionals;32
month;32
costs;32
premium;31
news;31
implantdirect;31
single;31
business;30
deal;30
london;30
optic;30
parts;30
financing;30
included;30
guess;30
cicada;29
megagen;29
conical;29
initial;29
cortex;28
types;28
seminar;28
spray;28
smax;28
alpha;28
systems;28
guide;28
marketing;28
dignity;28
sydney;27
tray;27
latch;27
standard;27
california;27
dentalimplant;27
thread;26
offering;26
years;26
sleeve;26
springfield;26
paying;26
bioconcept;26
replace;25
limited;25
chance;25
head;25
spiral;25
sterile;25
year;25
need;25
biocare;24
shoulder;24
dentists;24
book;24
better;24
tech;23
rich;23
fibrin;23
tapered;23
prosthetic;23
yabangbang;23
ebaydailybids;23
shop;23
india;23
reston;23
signsyoureabadpresident;23
thommen;22
wrench;22
platelet;22
ratchet;22
certain;22
regular;22
bego;21
nouvag;21
osteotomes;21
include;21
company;21
consultation;21
ends;21
implantology;20
tool;20
case;20
oregon;20
details;20
root;20
fortis;19
handpieces;19
boca;19
raton;19
mccauley;19
assist;19
figuring;19
castable;19
today;19
orthodontic;19
snap;19
pieces;19
wireless;19
missing;19
patient;19
comp;19
individuals;19
interest;19
total;19
reviews;19
temp;19
march;19
worldwide;18
alphabio;18
narrow;18
close;18
rotational;18
covering;18
also;18
positioning;18
anthogyr;17
advertising;17
slow;17
help;17
page;17
alexandria;17
three;17
warehouse;17
connection;17
coupons;17
cosmeticdentistry;17
industrial;16
manager;16
dentsply;16
average;16
apex;16
stuck;16
healthcare;16
burke;16
graft;16
hiossen;16
strange;16
dutch;16
everybody;16
retrieval;15
wide;15
consultant;15
concave;15
placement;15
search;15
office;15
engine;15
private;15
plug;15
visit;15
user;15
method;14
completely;14
surgic;14
double;14
size;14
good;14
membrane;14
autoclave;14
peek;14
canal;14
abroad;14
budapest;14
motorreduction;14
consulting;14
promotions;14
ideal;13
different;13
angular;13
osteotome;13
angulated;13
tissue;13
equipment;13
australia;13
equity;13
done;13
brand;13
repeat;13
knoxville;13
elevators;13
redution;13
secret;12
amazing;12
quote;12
fiber;12
click;12
anti;12
long;12
offers;12
maryland;12
cassette;12
hose;12
dentium;12
credit;12
review;12
procedure;12
adsverts;12
paid;12
complications;12
prost;12
info;12
frios;12
driver;11
osstem;11
trilobe;11
large;11
light;11
hexa;11
obturation;11
like;11
world;11
pakistan;11
card;11
osseotite;11
auto;11
denver;11
shapes;11
campbell;11
snappy;11
chinese;11
installed;11
trust;11
supplies;11
soft;11
knob;11
tack;10
last;10
nanotite;10
vegas;10
endodontic;10
bridges;10
open;10
south;10
school;10
burn;10
afford;10
cannot;10
arbor;10
coloradosprings;10
traus;10
cars;10
chicago;10
virginia;10
allguest;10
post;10
beauty;10
material;10
californiadentist;10
campbelldentalimplants;10
denverdentalimplants;10
costofimplants;10
lineal;10
access;10
etiology;10
prevention;10
crwon;9
procedures;9
versus;9
article;9
cases;9
short;9
status;9
months;9
combine;9
mallet;9
sets;9
sydent;9
video;9
apply;9
memphis;9
adjusting;9
life;9
cutting;9
hard;9
northern;9
discover;9
even;9
encircles;9
necessary;9
assistant;9
hollow;9
handle;9
dentaires;9
software;8
replica;8
digital;8
ridge;8
study;8
executive;8
trephine;8
could;8
subject;8
adin;8
multiple;8
clear;8
contact;8
implante;8
power;8
mouth;8
ways;8
florida;8
work;8
hong;8
kong;8
used;8
option;8
useful;8
metlife;8
state;8
center;8
sterling;8
york;8
involved;8
losing;8
great;8
patients;8
allergy;8
made;8
length;8
announces;8
pearland;8
pasadena;8
esset;8
helix;7
recruitment;7
interface;7
guerrilla;7
zirconia;7
fixation;7
implantation;7
standart;7
prevail;7
ideas;7
email;7
square;7
wondering;7
extemal;7
degrees;7
expires;7
income;7
suitcase;7
mexico;7
shoes;7
temporary;7
commercial;7
want;7
cancer;7
water;7
reduce;7
houston;7
metal;7
cosmetic;7
places;7
burs;7
fees;7
direct;7
houses;7
first;7
skylight;7
curing;7
leesburg;7
ashburn;7
herndon;7
professional;7
german;7
measures;7
distances;7
date;7
immediate;7
true;7
dentalcare;7
threadform;7
range;7
polisher;7
know;7
operation;7
must;7
starts;7
known;7
brushing;7
bingads;7
ebusiness;7
googleads;7
influencer;7
payperclick;7
retweet;7
osseodensification;7
bicon;6
extraction;6
degree;6
expanders;6
view;6
normal;6
saving;6
washington;6
payments;6
daily;6
periotome;6
expansion;6
phone;6
east;6
removable;6
braces;6
workshop;6
offered;6
cleaning;6
fixture;6
stainless;6
tkplus;6
aesthetic;6
baistra;6
something;6
payment;6
small;6
ohio;6
delta;6
delivery;6
centre;6
products;6
loan;6
america;6
rental;6
natural;6
atlanta;6
clearchoice;6
dentures;6
courses;6
well;6
starting;6
height;6
city;6
grade;6
published;6
friadent;6
important;6
refund;6
motors;6
might;6
therapy;6
perm;6
purchase;6
cleared;6
structure;6
times;6
chronicles;6
stoppers;6
bravo;6
brush;6
hove;6
five;6
sometimes;6
adapter;6
nobelbio;6
medicare;6
posion;6
bids;6
perio;5
bluesky;5
ucla;5
plaform;5
share;5
split;5
basic;5
placing;5
attached;5
list;5
flat;5
order;5
leeds;5
bradford;5
pudsey;5
elevator;5
housing;5
mead;5
tubes;5
steel;5
solutions;5
lecture;5
bucksjobs;5
buckinghamshire;5
trimmer;5
black;5
mesh;5
programs;5
ring;5
cash;5
mobile;5
sites;5
site;5
clothes;5
cards;5
management;5
youtube;5
neobio;5
pictures;5
mutual;5
diego;5
title;5
design;5
training;5
island;5
security;5
loans;5
porcelain;5
program;5
rate;5
hotels;5
blue;5
make;5
replacement;5
honda;5
swot;5
results;5
working;5
whitening;5
miami;5
components;5
cylinder;5
cica;5
pilot;5
guided;5
using;5
loading;5
whether;5
israel;5
advanced;5
region;5
excludes;5
wherelse;5
width;5
detroit;5
dentalinstruments;5
seeking;5
piece;5
cavity;5
phosphate;5
typically;5
ortho;5
zahnimplantat;5
enterprises;5
jalandhar;5
punjab;5
love;5
mixed;4
euroteknika;4
elite;4
reducation;4
plus;4
lamina;4
compressor;4
emirates;4
oakridge;4
sunsetsmilesrecommend;4
location;4
kkkj;4
jkhjh;4
refunded;4
forget;4
sniping;4
innovative;4
clip;4
shows;4
clinic;4
suitable;4
transparent;4
yorbalinda;4
parkbenchnews;4
lost;4
anyridge;4
self;4
blog;4
medicaldesign;4
preparation;4
group;4
nurse;4
receiving;4
pointer;4
appointment;4
lrav;4
phoenix;4
drilling;4
micro;4
hotel;4
singapore;4
websites;4
malaysia;4
fashion;4
studies;4
scan;4
photos;4
social;4
paris;4
hair;4
truck;4
bags;4
zealand;4
spring;4
code;4
popular;4
facebook;4
theater;4
funeral;4
farm;4
schedule;4
nursing;4
active;4
awareness;4
quick;4
loss;4
treatments;4
classes;4
southwest;4
beach;4
mortgage;4
international;4
pick;4
safe;4
printing;4
student;4
portable;4
doctors;4
benefit;4
registration;4
control;4
sterilization;4
careers;4
templates;4
pain;4
course;4
four;4
watch;4
packs;4
filling;4
gauge;4
bumper;4
hybrid;4
june;4
cemented;4
usually;4
placed;4
gums;4
dollars;4
back;4
zjkc;4
dentalclinic;4
stopper;4
choice;4
reports;4
lock;4
decrease;4
country;4
left;4
traveling;4
teachin;4
leading;4
approach;4
retail;4
exam;4
fairfax;4
come;4
empty;4
silicon;4
sensitivity;4
aaid;4
general;4
kneere;4
periodontal;4
implantsprocenter;4
extensive;4
unstruments;4
orthopedic;4
tricalcium;4
posted;4
reddit;4
point;4
lindermann;4
checker;4
implantes;4
dentales;4
newimplantresearch;4
savedentalimplants;4
cleankissforkissofhealth;4
cleankisshealth;4
organicmouthwashworks;4
gowelln;4
punches;4
lance;4
academy;4
wifi;3
numbers;3
teaching;3
haye;3
dentallord;3
teethinaday;3
favorite;3
saudi;3
friday;3
george;3
costarica;3
replacing;3
rhein;3
chuck;3
camlog;3
display;3
favo;3
accessories;3
traditiontalk;3
alert;3
maintenance;3
surginal;3
skysea;3
maxillofacial;3
nanotube;3
laboratory;3
practices;3
extra;3
swiss;3
highly;3
berkshirejobs;3
berkshire;3
remove;3
workflow;3
handpiecebid;3
cvdx;3
mount;3
grand;3
chandigarh;3
offset;3
plier;3
guidelines;3
discount;3
afgj;3
spreading;3
acteon;3
kompressors;3
representative;3
cylindrical;3
nordin;3
posts;3
punch;3
looking;3
stores;3
builders;3
idaho;3
education;3
bank;3
match;3
kerala;3
textiles;3
clothing;3
birmingham;3
diet;3
sarees;3
grants;3
jackets;3
sport;3
china;3
indian;3
worth;3
vent;3
jewellery;3
making;3
gold;3
safety;3
project;3
lake;3
certified;3
late;3
onset;3
sclerosis;3
glen;3
inte;3
debit;3
rare;3
investment;3
collar;3
service;3
start;3
dairy;3
bend;3
music;3
cadillac;3
myers;3
lexington;3
expert;3
cloud;3
orlando;3
advance;3
anthem;3
dating;3
rates;3
columbia;3
knee;3
green;3
computer;3
holder;3
sleep;3
minute;3
printed;3
sign;3
agency;3
federal;3
imaging;3
bakersfield;3
compatible;3
smart;3
peeps;3
iqox;3
blood;3
kansas;3
nissan;3
live;3
powerpoint;3
territory;3
processing;3
simplified;3
valuable;3
support;3
weight;3
manufacturers;3
thousand;3
savings;3
periosteal;3
means;3
wonder;3
miss;3
early;3
brentanos;3
rickshaw;3
episode;3
speeding;3
artificial;3
found;3
irrigated;3
fully;3
destinations;3
promotion;3
options;3
pack;3
unaided;3
personnel;3
technology;3
complimentary;3
gutta;3
percha;3
karachi;3
implantologia;3
saeshin;3
hongkong;3
急聘牙醫助護;3
asia;3
precious;3
specified;3
smaller;3
platforms;3
bodies;3
lateral;3
functional;3
grinder;3
exclusions;3
diagnostics;3
basel;3
practical;3
kind;3
inclusive;3
exporters;3
kinds;3
united;3
pricey;3
rarely;3
hexagon;3
approved;3
device;3
lakes;3
shopstyle;3
many;3
persistent;3
tonsillitis;3
heat;3
hypothetically;3
holes;3
analogous;3
referral;3
evening;3
october;3
anxiety;3
secrets;3
infections;3
related;3
consist;3
vonore;3
survivor;3
fights;3
riverchase;3
serves;3
agkem;3
brushes;3
orthodontist;3
qualified;3
lines;3
comparable;3
problem;3
similar;3
dentalimplantinstruments;3
protea;3
zenoss;3
bovine;3
eligibility;3
permanent;3
knochen;3
morselizer;3
position;3
estimates;3
september;3
american;3
flexable;3
still;2
local;2
tracking;2
croydon;2
westbritonjobs;2
maidstone;2
medwayjobs;2
mozo;2
medica;2
sudimplant;2
camera;2
opportunity;2
performing;2
second;2
وظائف;2
توظيف;2
implantat;2
salary;2
slides;2
tenax;2
sweden;2
silicone;2
lafayette;2
scrapers;2
uploaded;2
updated;2
hannah;2
name;2
regeneration;2
tuesdaymotivation;2
readabookday;2
capable;2
bangladesh;2
caries;2
scalers;2
damaged;2
ages;2
redeemable;2
risk;2
hammer;2
castroviejo;2
endodontics;2
svtn;2
replaced;2
opening;2
varied;2
quotes;2
veneer;2
cmehours;2
word;2
intelligent;2
newly;2
aseptico;2
dispossible;2
conta;2
ratio;2
astral;2
dress;2
shops;2
collection;2
toys;2
thailand;2
definition;2
philippine;2
antivirus;2
gift;2
tablet;2
contemporary;2
store;2
boots;2
fort;2
texas;2
blouses;2
illustrator;2
data;2
traing;2
football;2
saree;2
kurtis;2
tutoring;2
cpim;2
topup;2
celcom;2
materials;2
treadmill;2
games;2
toner;2
server;2
golf;2
healthy;2
summer;2
personal;2
energy;2
funds;2
door;2
newspaper;2
resort;2
catering;2
west;2
florist;2
mustang;2
whole;2
chevy;2
coffee;2
dodge;2
lawyer;2
skin;2
floor;2
cholesterol;2
county;2
fever;2
inspection;2
remedies;2
pinnacle;2
belton;2
employee;2
measurement;2
cameras;2
microsoft;2
fresno;2
legitimate;2
dealers;2
print;2
nashville;2
payday;2
hospital;2
withdrawal;2
cross;2
shield;2
paper;2
alternative;2
toyota;2
falls;2
family;2
roofing;2
christmas;2
budget;2
alarm;2
schools;2
machines;2
white;2
georgia;2
owned;2
compensation;2
hardwood;2
flying;2
link;2
building;2
appliance;2
restaurant;2
ordering;2
coupon;2
brown;2
abortion;2
ottawa;2
network;2
drive;2
trading;2
hours;2
communications;2
pricing;2
certification;2
indiana;2
supply;2
easyinsmile;2
dealerships;2
homes;2
ovarian;2
dell;2
pool;2
carpet;2
richmond;2
homeowners;2
facts;2
google;2
coding;2
rent;2
curved;2
superior;2
missouri;2
solar;2
ford;2
crowns;2
pets;2
seattle;2
malpractice;2
cheapest;2
young;2
veneers;2
jinme;2
food;2
colorado;2
mile;2
technologist;2
welcomes;2
town;2
handpece;2
warranty;2
property;2
construction;2
image;2
scottsdale;2
churches;2
sports;2
ipad;2
policy;2
travel;2
intra;2
twisted;2
already;2
excellent;2
fail;2
product;2
intraoral;2
scanner;2
connections;2
lighting;2
brands;2
number;2
boneexpanderkit;2
boneexpanderkitdental;2
invest;2
stop;2
recording;2
dish;2
failure;2
frank;2
account;2
chair;2
lamp;2
consultations;2
enlighten;2
innovations;2
symposium;2
invisiblebraces;2
retained;2
bleeding;2
valid;2
common;2
seinfeld;2
rebecca;2
demornay;2
choosing;2
medellin;2
sources;2
makers;2
pynadath;2
week;2
complementary;2
part;2
easily;2
minimally;2
invasive;2
characteristics;2
flapless;2
scraper;2
provides;2
factory;2
classified;2
accept;2
consult;2
lapip;2
integral;2
bartlett;2
denture;2
give;2
steem;2
stakepoolcom;2
meter;2
compared;2
meanwhile;2
perform;2
aluminum;2
comes;2
shown;2
alzx;2
taper;2
hollywoodsmile;2
hollywooodsmile;2
assessment;2
switzerland;2
parsippany;2
reasons;2
xive;2
elos;2
medtech;2
often;2
grinding;2
learning;2
added;2
sinuslift;2
shape;2
expensive;2
megagenâ;2
sterilize;2
board;2
roughly;2
regional;2
sirona;2
beautifulsmile;2
loveyourteeth;2
oralhealth;2
generaldentist;2
test;2
million;2
prototyping;2
rapidprototyping;2
additivemanufacturing;2
angles;2
people;2
incl;2
sunday;2
container;2
prfbox;2
introducing;2
disk;2
touch;2
toothache;2
swing;2
wall;2
daly;2
promo;2
dentalogica;2
avings;2
whiter;2
nycdent;2
absolute;2
powerful;2
inevitable;2
thirty;2
victoria;2
including;2
round;2
rock;2
iframe;2
scrolling;2
frameborder;2
suite;2
pitt;2
street;2
webnetwork;2
replacements;2
href;2
script;2
async;2
charset;2
council;2
breaks;2
intralock;2
esthetics;2
answer;2
generally;2
rely;2
neighboring;2
therefore;2
fabricating;2
socket;2
zero;2
afaq;2
burning;2
sensation;2
taste;2
crooked;2
americans;2
anything;2
process;2
europe;2
recently;2
untreated;2
balloon;2
requires;2
helps;2
timely;2
body;2
perhaps;2
aura;2
dentalsurgicalinstruments;2
success;2
story;2
digitally;2
planned;2
ceramic;2
combined;2
mention;2
lansdale;2
miamilakes;2
pembrokepines;2
reynosa;2
odontologia;2
connector;2
supports;2
holds;2
sntrading;2
prosthodontic;2
estimate;2
diameter;2
implabt;2
allows;2
creates;2
makes;2
drkevalpatel;2
jkdental;2
scissors;2
injury;2
accident;2
advisors;2
medicalinsurance;2
zest;2
talking;2
hybriddentalimplants;2
closure;2
monthly;2
talk;2
cell;2
mittaldentalcare;2
mittaldentalcarejagraon;2
pedodontist;2
dentalcap;2
damagetooth;2
theme;2
website;2
harmony;2
dentalhygiene;2
count;2
unbeatable;2
specials;2
mushroom;2
lucas;2
currette;2
quator;2
vicksburg;2
kenneth;2
jonathan;2
nash;2
continuum;2
yahoo;2
medic;1
minerals;1
zones;1
lovejobs;1
beyondsmilesdental;1
garfielddentalimplants;1
sensor;1
cmos;1
edit;1
base;1
ewan;1
bramley;1
manage;1
fortisâ;1
cortical;1
وظيفة;1
bernard;1
shaw;1
seats;1
remaining;1
seat;1
motorhandpiece;1
medicalsalesjobs;1
leone;1
fracture;1
serf;1
employing;1
infected;1
wednesday;1
lotx;1
italy;1
laminaâ;1
approv;1
upgraded;1
biom;1
periodontic;1
washdcnews;1
transition;1
crawley;1
jobsincrawley;1
crawleyjobs;1
conelog;1
cornwalljobs;1
nobelbiocare;1
jota;1
monday;1
associate;1
osseogroup;1
technological;1
leader;1
periodontists;1
businesslisting;1
businessindia;1
send;1
jello;1
entering;1
sprays;1
tuesday;1
analogue;1
chelsea;1
turbine;1
fermanagh;1
aaymed;1
vita;1
tested;1
lasting;1
uttara;1
performed;1
upper;1
incisor;1
clinical;1
manual;1
simple;1
thankful;1
pradeep;1
asset;1
across;1
newcastle;1
clasf;1
eurotek;1
tight;1
introduces;1
genuine;1
torques;1
values;1
debakey;1
contrangle;1
conra;1
anglehandpiece;1
impl;1
fridayfeeling;1
crilewood;1
look;1
askunmc;1
analogs;1
error;1
implanted;1
everyday;1
concidering;1
dentalinplants;1
medicalscience;1
convenient;1
painless;1
dispos;1
arrival;1
hygiene;1
morse;1
lakhs;1
seized;1
convex;1
redmond;1
vineland;1
silent;1
generators;1
nigeria;1
caturday;1
watering;1
grass;1
mcgraw;1
hill;1
economics;1
answers;1
mysterio;1
holiday;1
broadwayfamilydentalpc;1
dentalimplantspecial;1
steamboat;1
springs;1
champagne;1
suject;1
load;1
balancing;1
mattress;1
cartersville;1
core;1
trophy;1
melbourne;1
dresses;1
indonesian;1
brochures;1
korean;1
panties;1
beck;1
verlag;1
coin;1
album;1
pashmina;1
shawls;1
kuwait;1
decor;1
mustafa;1
skull;1
wholesale;1
dhabi;1
twitter;1
socialbuttons;1
organza;1
cincinnati;1
refrigerator;1
netsetter;1
louis;1
vuitton;1
musica;1
zovi;1
formal;1
shirts;1
things;1
maibom;1
alex;1
perry;1
straightening;1
maybelline;1
indonesia;1
liquid;1
zigarette;1
bose;1
cauvery;1
emporium;1
mysore;1
kalonji;1
tour;1
turtle;1
royal;1
images;1
hdfc;1
magha;1
charges;1
kaiser;1
redwoodcity;1
army;1
abaya;1
riyadh;1
moncler;1
kojivit;1
flipkarts;1
hampshire;1
nike;1
winter;1
wear;1
terracotta;1
molds;1
uftf;1
miracas;1
heel;1
sandals;1
coins;1
loafers;1
sword;1
activities;1
calendar;1
seniors;1
dumbbells;1
gloves;1
christophe;1
lemaire;1
reebok;1
muruga;1
jilbab;1
forever;1
drift;1
latest;1
karbonn;1
klick;1
flip;1
luminous;1
cracker;1
inverter;1
graphic;1
cricket;1
report;1
flow;1
diagram;1
anarkali;1
sreeleathers;1
shoe;1
wrist;1
slovakia;1
teen;1
face;1
wash;1
vintage;1
ireland;1
fizz;1
mode;1
campomaggi;1
tanmani;1
smartphones;1
compendial;1
testing;1
tops;1
blogshop;1
guard;1
woolen;1
gadwal;1
designer;1
brandy;1
rack;1
ecco;1
digitalhealth;1
clearance;1
tijuana;1
flipkart;1
alfa;1
irla;1
pakistani;1
auctions;1
biddingwar;1
bidnow;1
managing;1
finances;1
penn;1
ratings;1
hernia;1
disc;1
individual;1
sitting;1
morningstar;1
neil;1
levitt;1
washing;1
unbalanced;1
fedshumanacom;1
days;1
tabletop;1
packer;1
chattanooga;1
icons;1
overhead;1
garage;1
precision;1
meaning;1
annuity;1
creamer;1
fattening;1
bachelor;1
jimmy;1
taxi;1
kates;1
hartland;1
bike;1
renewal;1
mmorpg;1
window;1
tint;1
softward;1
foods;1
balm;1
electronic;1
transcriber;1
apple;1
silverado;1
florost;1
medium;1
roast;1
efficiency;1
blackfriars;1
patio;1
furniture;1
toronto;1
immigration;1
anita;1
licks;1
boston;1
lodine;1
dosage;1
homemade;1
coca;1
mats;1
barr;1
nunn;1
drinking;1
filters;1
kimberly;1
clark;1
dispenser;1
bergen;1
speakers;1
room;1
brampton;1
crematorium;1
visitation;1
covert;1
vehicle;1
tracker;1
waste;1
murrieta;1
fungus;1
esurance;1
turnover;1
oklahoma;1
filtration;1
sharepoint;1
vanguard;1
tuscon;1
resorts;1
topical;1
checks;1
paisley;1
fitness;1
advantage;1
cherokee;1
jeep;1
kemper;1
specialty;1
lazer;1
blaze;1
greenleaf;1
national;1
lloyds;1
tree;1
stand;1
alone;1
form;1
michigan;1
charleston;1
ptsd;1
samsung;1
galaxy;1
smartphone;1
yellow;1
vaccine;1
effectiveness;1
developer;1
frizell;1
eatnpark;1
payroll;1
antvirus;1
psych;1
jose;1
phones;1
chryslerse;1
bismarck;1
vyvanse;1
duration;1
allstate;1
harley;1
davidson;1
downtown;1
booking;1
bausch;1
lomb;1
friendly;1
albuquerque;1
gigabit;1
switch;1
uplink;1
compl;1
partial;1
mcintosh;1
setup;1
rhode;1
park;1
boiler;1
flue;1
damper;1
legionnaires;1
fire;1
extinguisher;1
opiate;1
vending;1
candy;1
suppliers;1
tender;1
greens;1
concrete;1
troy;1
lauderdale;1
seniour;1
donation;1
futures;1
alexandra;1
loveland;1
brooks;1
katmai;1
timeline;1
near;1
hilton;1
tower;1
providers;1
benta;1
shave;1
neckline;1
lightweight;1
builder;1
surviving;1
stroke;1
mostsilver;1
trouble;1
sleeping;1
ramcon;1
president;1
labels;1
bankruptcy;1
dance;1
augustine;1
apparel;1
symbol;1
inspections;1
upholstery;1
medications;1
snipe;1
wedding;1
breakfast;1
verizon;1
arthritis;1
symptoms;1
diving;1
ionizor;1
eximbank;1
yoga;1
fabrication;1
onions;1
military;1
facilities;1
frequency;1
analyzer;1
shot;1
blasting;1
modern;1
mirror;1
plains;1
benadryl;1
overdose;1
recorded;1
homeopathic;1
vitiligo;1
storz;1
coupling;1
dimensions;1
cooked;1
sausage;1
travelocity;1
flight;1
tulsa;1
periodontics;1
calibrating;1
traditional;1
floors;1
laguna;1
niguel;1
japanese;1
selling;1
swelling;1
causes;1
copd;1
apps;1
roll;1
curtains;1
clipart;1
leaves;1
squirrel;1
adoption;1
reseller;1
makeup;1
fillair;1
recycle;1
cisco;1
airline;1
ticket;1
turkey;1
dividend;1
yield;1
minnesota;1
casing;1
remodel;1
toilet;1
dispensers;1
lenses;1
codes;1
bobbi;1
artist;1
palette;1
foot;1
remedy;1
backyard;1
putting;1
liability;1
workers;1
usaa;1
index;1
fund;1
principles;1
survey;1
publishing;1
hangers;1
stylin;1
main;1
vision;1
bail;1
bonds;1
antonio;1
ingles;1
curso;1
charity;1
weeks;1
pregnant;1
iomega;1
storage;1
enterprise;1
architecture;1
vector;1
puzzle;1
aerial;1
fedex;1
destroy;1
recycling;1
asking;1
tilt;1
turn;1
windows;1
iridium;1
krista;1
branch;1
space;1
tampa;1
paws;1
allied;1
colors;1
suture;1
blepharoplasty;1
roof;1
terrace;1
receipts;1
youth;1
lacrosse;1
cleats;1
refillable;1
inkjet;1
cartridges;1
inspector;1
transport;1
attorney;1
catch;1
contributions;1
entertainment;1
visual;1
foxpro;1
database;1
philadelphia;1
wwwgoogle;1
searchcom;1
myrtle;1
carolina;1
arnold;1
palmer;1
drink;1
logistics;1
chain;1
yard;1
automotive;1
mastercardsecurecode;1
scams;1
desks;1
automobile;1
winston;1
salem;1
mdpe;1
fittings;1
flash;1
media;1
literature;1
depression;1
lease;1
airport;1
lexus;1
specs;1
louisiana;1
prospect;1
docs;1
innovators;1
marine;1
stafford;1
earthship;1
experimental;1
brain;1
radiesse;1
residency;1
quincy;1
brandon;1
stages;1
marking;1
furnishing;1
importers;1
environmental;1
easy;1
meadow;1
cigna;1
cyst;1
grapefruit;1
lense;1
scratch;1
cliff;1
iron;1
clad;1
pots;1
pans;1
primetime;1
pregnancy;1
diabetes;1
coast;1
beavercreek;1
patagonia;1
nano;1
puff;1
jacket;1
sweater;1
civic;1
spreadsheet;1
crimson;1
ventures;1
install;1
wade;1
anchorage;1
fiberoptic;1
pfchangswish;1
sweepstakes;1
contractors;1
association;1
content;1
austin;1
mercury;1
advice;1
smith;1
decatur;1
spokane;1
sole;1
accord;1
tire;1
incontinence;1
pads;1
women;1
amazon;1
cashback;1
church;1
newsletter;1
testost;1
addiction;1
drugs;1
deductions;1
pearless;1
laserjet;1
adblock;1
chrome;1
exacttarget;1
logo;1
billing;1
disadvantages;1
finger;1
injuries;1
columbus;1
manufacturing;1
cent;1
cargo;1
primerica;1
draft;1
forms;1
italytravel;1
attorneys;1
loose;1
carlisle;1
startlogic;1
crossovers;1
approximate;1
berkeley;1
nutrition;1
cleaners;1
rugs;1
glendale;1
teenage;1
volkswagen;1
beetle;1
term;1
staffordshire;1
oracle;1
identity;1
panels;1
deductible;1
mans;1
rural;1
junior;1
colleges;1
chemistry;1
college;1
legacy;1
horace;1
mann;1
olds;1
littleton;1
reilly;1
glass;1
doug;1
paul;1
voice;1
guardian;1
disability;1
domain;1
names;1
crate;1
table;1
tiffany;1
belfast;1
videographer;1
burndy;1
terminal;1
blocks;1
regain;1
libido;1
buyers;1
toshiba;1
laptop;1
library;1
rankings;1
household;1
titles;1
sarasota;1
opiates;1
gateway;1
cemetery;1
calculators;1
mission;1
viejo;1
expat;1
subaru;1
analyse;1
bruecke;1
zaehne;1
modell;1
mazda;1
assortment;1
interrested;1
journey;1
inbox;1
consutlation;1
branford;1
practice;1
equator;1
club;1
rating;1
whistleblower;1
rule;1
behavioral;1
investing;1
katy;1
analytical;1
mechanics;1
cramps;1
cause;1
clots;1
jacoby;1
grata;1
hermitage;1
norwalk;1
canaan;1
clermont;1
indoor;1
lone;1
star;1
union;1
roofer;1
camps;1
salt;1
lane;1
maroon;1
laws;1
estimated;1
penalty;1
sutherland;1
brooklyn;1
readingjobs;1
reading;1
landlord;1
bajaj;1
allianz;1
running;1
exercises;1
original;1
dynamic;1
navigation;1
assisted;1
simultaneous;1
narrative;1
joke;1
middle;1
presentation;1
hruy;1
burnout;1
etype;1
slij;1
harvesting;1
blades;1
burtonsville;1
silver;1
strong;1
retention;1
portfolio;1
front;1
lack;1
prohibitive;1
ahaf;1
usas;1
denta;1
expire;1
envy;1
hawaiifamilydental;1
tank;1
refill;1
turbo;1
interviewing;1
alon;1
mozes;1
neocis;1
robotic;1
gargle;1
mouthwash;1
pedals;1
progressive;1
owner;1
daikin;1
remodeling;1
terrazo;1
hardship;1
anatotemp;1
numerous;1
shrub;1
pruning;1
meyers;1
capital;1
pediatric;1
baby;1
seth;1
rogen;1
lose;1
infertility;1
superfan;1
house;1
peau;1
beaute;1
cream;1
scheduler;1
boxing;1
shower;1
combo;1
taxes;1
magazine;1
smooth;1
pentwater;1
realtors;1
template;1
firm;1
boone;1
principal;1
address;1
hipaa;1
dinar;1
ranking;1
jabra;1
polycom;1
pools;1
spas;1
cats;1
krueger;1
change;1
lender;1
structural;1
engineer;1
fell;1
everything;1
submitted;1
denied;1
willows;1
retirement;1
recovery;1
mastercard;1
polo;1
newport;1
photo;1
weddings;1
hospice;1
mechanical;1
heart;1
valve;1
alpine;1
oaks;1
herman;1
miller;1
germaine;1
audi;1
agent;1
filming;1
sicis;1
chevrolet;1
veronica;1
landscape;1
manhattan;1
orange;1
barbecue;1
party;1
northwest;1
jobalerts;1
bill;1
built;1
wine;1
cooler;1
freestanding;1
smokers;1
josephine;1
baker;1
books;1
dementia;1
diapers;1
southerland;1
howard;1
reflect;1
mucoperiosteum;1
trumptaxreturns;1
kinda;1
notexactly;1
luxury;1
units;1
klein;1
highland;1
tell;1
idiot;1
voters;1
polident;1
leamingtonhour;1
poly;1
strapping;1
historic;1
outdoor;1
return;1
monoline;1
earthquake;1
compact;1
reps;1
princeton;1
series;1
copy;1
specimen;1
hands;1
mesa;1
drsmmarth;1
drsumeet;1
casey;1
drcasey;1
miltech;1
quark;1
antarctica;1
medication;1
uterine;1
festivals;1
orleans;1
press;1
release;1
opines;1
highlander;1
vlog;1
till;1
compiled;1
osseointegration;1
plasma;1
stemcell;1
morning;1
saturday;1
bathroom;1
aesthetical;1
microthreaded;1
preserve;1
birthday;1
allow;1
restore;1
longweekend;1
register;1
kentucky;1
georgehas;1
pocket;1
probably;1
illinois;1
receveur;1
albany;1
mark;1
lows;1
unopened;1
depth;1
robbery;1
unto;1
stake;1
works;1
economy;1
judge;1
trial;1
assemble;1
sidejobsnearme;1
mallets;1
innovation;1
creativity;1
huff;1
dover;1
discusses;1
icymi;1
discuss;1
crack;1
inside;1
directly;1
competitive;1
planter;1
class;1
phillips;1
fredericksburg;1
actually;1
equally;1
called;1
towards;1
honest;1
alton;1
watching;1
students;1
karstadtquelle;1
soon;1
thank;1
liking;1
southern;1
grip;1
tosi;1
polished;1
aetna;1
scam;1
erisa;1
lawsuit;1
potential;1
dentalopolis;1
implantspecialist;1
creative;1
repost;1
smileplushomestead;1
damn;1
inspire;1
phantom;1
heal;1
helped;1
terri;1
advertise;1
fact;1
consists;1
premum;1
yank;1
move;1
pinned;1
vimeo;1
gonna;1
shits;1
gtfo;1
futuretech;1
incredible;1
footage;1
fitting;1
implantmed;1
ostell;1
topfivetraders;1
intervention;1
fits;1
involvement;1
believe;1
bangkok;1
extremely;1
fsgi;1
arches;1
lasvegasdentalimplants;1
allbrightdental;1
specialoffer;1
irrigationtubes;1
optima;1
tamilnadu;1
major;1
issues;1
dlls;1
impla;1
dentalbridge;1
drillsystem;1
trip;1
jcnc;1
boxes;1
ratchets;1
cassettes;1
cordless;1
restorative;1
pliers;1
nosecone;1
yusen;1
contract;1
asian;1
boys;1
caning;1
bare;1
interesting;1
lifting;1
mood;1
enjoy;1
awesome;1
mint;1
condition;1
extras;1
bethesdajobs;1
dcjobs;1
mdjobs;1
plaster;1
technician;1
smileline;1
screwdriver;1
panacea;1
strive;1
csailor;1
welcoming;1
entered;1
plzz;1
canada;1
ueli;1
grunder;1
describes;1
criteria;1
dask;1
costburning;1
lump;1
throat;1
hyderabad;1
yusendent;1
pedal;1
surgeical;1
choise;1
dentalhealth;1
alzj;1
smilemakeover;1
depot;1
says;1
angela;1
growing;1
based;1
consultaton;1
researchers;1
university;1
surgicaltool;1
matter;1
night;1
invisalign;1
whattsapp;1
angulation;1
explained;1
coverages;1
varies;1
abortions;1
praise;1
lord;1
cheapdentalimplants;1
dentalplants;1
dentistryaffordable;1
greatpricefdentistry;1
relatively;1
forward;1
dentistlondon;1
eveningstandard;1
metrolondon;1
loosening;1
complication;1
accounting;1
provide;1
achieves;1
milestone;1
within;1
query;1
dentalproducts;1
dentalequipment;1
prosthodontist;1
dangerous;1
discounts;1
colonoscopy;1
smear;1
mammogram;1
audit;1
states;1
consulta;1
pays;1
dentine;1
playlist;1
texarkana;1
gazette;1
jawboneup;1
curettes;1
elevatorscurettes;1
instead;1
deposit;1
detail;1
desired;1
enables;1
faster;1
aisi;1
gram;1
hollyslettendmd;1
coloradodentist;1
anatomy;1
leather;1
controlled;1
exporter;1
orthodontics;1
luxating;1
committee;1
purchases;1
siuc;1
siue;1
malvern;1
citra;1
rackonsdotcom;1
popcorn;1
wordpress;1
coated;1
consultants;1
maxfax;1
exactly;1
decardenasdentalclinic;1
robswiss;1
automated;1
quailty;1
secure;1
backed;1
failed;1
warranties;1
refunds;1
returns;1
exist;1
approximately;1
later;1
together;1
came;1
around;1
think;1
worked;1
whiten;1
brighten;1
announced;1
unbelievable;1
bestdentalmplants;1
bestperiodontist;1
maint;1
unheard;1
implantwarranty;1
extractions;1
bonegrafts;1
inquiry;1
wechat;1
pintech;1
primedent;1
quickfix;1
spoon;1
emergency;1
webinars;1
coming;1
fall;1
take;1
comfort;1
webi;1
torque;1
instagram;1
accounts;1
surgico;1
fine;1
mydentalwig;1
congrats;1
yeeeeaaa;1
surgeon;1
remember;1
sensitive;1
conceivably;1
instadentist;1
newyork;1
cali;1
centers;1
treating;1
tallahassee;1
scocici;1
garden;1
flag;1
sweet;1
sided;1
decorative;1
flags;1
outdoors;1
side;1
aboi;1
global;1
tirupati;1
specialities;1
colored;1
fillings;1
surgeries;1
expender;1
reusable;1
assured;1
tinanium;1
sadly;1
neither;1
wealth;1
symbols;1
vista;1
tunneling;1
oralsurgeon;1
wisdomteeth;1
fullmouthrehabilitation;1
bestoralsurgeon;1
websteroral;1
sedation;1
comfortable;1
usesforcandycorn;1
unbranded;1
dentalinsttruments;1
labortory;1
ebayproducts;1
adwords;1
forecasting;1
liked;1
strategy;1
imma;1
famous;1
gettu;1
customer;1
bionika;1
fuse;1
londondentalimplants;1
toward;1
firstamendment;1
freespeech;1
dentalmarketing;1
digitalmediamarketing;1
detachable;1
onto;1
atraumatic;1
hoover;1
difference;1
regenerative;1
medicine;1
technique;1
speeds;1
rochester;1
marketplace;1
investigate;1
aggressive;1
wkrn;1
approves;1
incentives;1
alabama;1
advalorem;1
propertytax;1
advdentalartsnj;1
somersetnj;1
franklintwp;1
molar;1
medentra;1
tatum;1
spreader;1
upon;1
scottsdaleaz;1
teethmodel;1
bridgetooth;1
spreaders;1
shaped;1
hurryup;1
dentalproduct;1
fridaythoughts;1
prichard;1
stil;1
maby;1
invisible;1
implantologie;1
northstar;1
fedi;1
chisel;1
cutout;1
sides;1
frontier;1
castables;1
ever;1
asked;1
miamilakesdental;1
dentistinmiamilakes;1
syringe;1
amalgam;1
compactor;1
spatula;1
howto;1
attention;1
tired;1
announcing;1
legal;1
compliant;1
charge;1
ethically;1
receive;1
reimbursement;1
nearly;1
january;1
along;1
current;1
trends;1
beginnings;1
retaining;1
restorations;1
supporter;1
outrageously;1
factoring;1
looked;1
lower;1
higher;1
qualify;1
lamesaca;1
depend;1
provider;1
annual;1
limits;1
dentalinsurance;1
marlboroughma;1
charlottenc;1
leviathan;1
silicate;1
nickel;1
hydrode;1
baton;1
rouge;1
jackson;1
garlandtx;1
decay;1
intricacies;1
excessively;1
biting;1
tongue;1
breath;1
sanramonca;1
mountgileadoh;1
beyond;1
frills;1
extend;1
flap;1
haywardca;1
thewoodlandstx;1
neck;1
occlusal;1
tacomawa;1
deegan;1
extended;1
glendaleaz;1
hear;1
exists;1
keeps;1
knowing;1
thing;1
european;1
richmondva;1
buffalony;1
gerzog;1
finding;1
alexandriava;1
technical;1
diameters;1
lengths;1
wait;1
cold;1
sores;1
maybe;1
locking;1
fairfaxva;1
lansingmi;1
stjohnsmi;1
swollen;1
aching;1
compose;1
lowest;1
matrixbanddental;1
dentalmouthmirror;1
orthodonticpliers;1
tungstencarbidepliers;1
colleyvilletx;1
worry;1
bcbs;1
malidds;1
planoil;1
swipe;1
preservation;1
placements;1
notice;1
periapical;1
pathology;1
refrained;1
largest;1
manufactur;1
junk;1
turning;1
novel;1
ready;1
exotic;1
brazlians;1
protect;1
liberty;1
flushing;1
fruit;1
pitchatpalace;1
africa;1
develops;1
manufactures;1
axis;1
sugarbush;1
production;1
cube;1
moulds;1
industries;1
forum;1
wins;1
approval;1
casting;1
crowm;1
weekend;1
industry;1
pembroke;1
pines;1
whiteteeth;1
altogether;1
riceareadental;1
rapidcity;1
treated;1
discussing;1
estheticdentistry;1
implantesdentales;1
dentistlife;1
dentistas;1
government;1
tubing;1
cosmeticsurgery;1
coralgables;1
refuse;1
optimized;1
orientation;1
predictable;1
especially;1
anterior;1
emerging;1
profiles;1
restoring;1
octob;1
petgrooming;1
grooming;1
silverline;1
exhibition;1
manicure;1
pedicure;1
relate;1
specialists;1
neodent;1
straumanngroup;1
biomaterials;1
medentika;1
practiceperformance;1
testimonialvideos;1
zirkonzahn;1
elegantsmiles;1
optional;1
mainly;1
financial;1
northshoreoralsurgeryllc;1
greensky;1
vital;1
elements;1
items;1
fixed;1
viral;1
salealert;1
supersale;1
introduce;1
packages;1
tksc;1
agkemdental;1
abimplant;1
dentisry;1
tuesdaythoughts;1
loathing;1
sanctimonous;1
patronising;1
adverts;1
quite;1
revolting;1
guards;1
beautiful;1
lincroftnj;1
nagaland;1
idansb;1
hosts;1
groceries;1
miscellaneous;1
taxpayers;1
metalcast;1
guaranty;1
circuit;1
involving;1
puns;1
galore;1
insurancelaw;1
fron;1
fuckin;1
cosil;1
corp;1
seeks;1
talented;1
create;1
promote;1
electrosurgical;1
personalised;1
plate;1
kepes;1
painting;1
value;1
pains;1
molars;1
gide;1
southfield;1
solid;1
driven;1
presenting;1
consistently;1
attract;1
greatest;1
heights;1
competitors;1
went;1
false;1
ankle;1
effect;1
waiting;1
periods;1
underwritten;1
everyone;1
twin;1
heads;1
ceiling;1
mounted;1
movement;1
brightness;1
medicaid;1
onlinedentaluk;1
autumn;1
diagnostic;1
cbct;1
scans;1
applied;1
hemostatic;1
forceps;1
costly;1
couple;1
suggest;1
bills;1
shoulders;1
sterilized;1
welcome;1
chandler;1
syze;1
dentalimplantology;1
dentalassistant;1
soooo;1
outrageous;1
preview;1
outcomes;1
vladimir;1
kokovic;1
journal;1
pounds;1
carl;1
misch;1
portlandhow;1
sergery;1
tomorrow;1
esthetic;1
zone;1
scientific;1
organization;1
parallel;1
comment;1
creamsicle;1
chapstick;1
cementation;1
urbn;1
terphine;1
treedental;1
dentalsurgicalequipment;1
ledhandpiece;1
versah;1
densah;1
accepted;1
hand;1
fitzgerald;1
forte;1
uses;1
bonegraftsyringe;1
bonesyringe;1
dentalsurgery;1
bonegraft;1
implantinstruments;1
initially;1
isolated;1
differing;1
patented;1
designs;1
several;1
diversified;1
