2016-08;cheap;90
2016-08;abutment;64
2016-08;affordable;61
2016-08;insurance;53
2016-08;check;42
2016-08;screw;39
2016-08;straight;39
2016-08;surgical;36
2016-08;healing;34
2016-08;repair;33
2016-09;handpiece;83
2016-09;enter;79
2016-09;reduction;68
2016-09;speed;66
2016-09;abutment;64
2016-09;angle;63
2016-09;contra;63
2016-09;makeover;60
2016-09;teeth;53
2016-09;model;53
2016-10;handpiece;104
2016-10;angle;98
2016-10;contra;97
2016-10;reduction;95
2016-10;speed;90
2016-10;abutment;65
2016-10;produced;52
2016-10;right;52
2016-10;benefits;50
2016-10;affordable;49
2016-11;insurance;263
2016-11;handpiece;169
2016-11;angle;149
2016-11;contra;147
2016-11;affordable;143
2016-11;reduction;100
2016-11;speed;90
2016-11;driving;86
2016-11;instructor;86
2016-11;surgery;64
2016-12;rica;419
2016-12;costa;419
2016-12;money;418
2016-12;save;416
2016-12;insurance;207
2016-12;handpiece;145
2016-12;angle;131
2016-12;contra;130
2016-12;online;125
2016-12;reduction;102
2017-01;handpiece;185
2017-01;insurance;184
2017-01;angle;174
2017-01;contra;174
2017-01;reduction;138
2017-01;speed;116
2017-01;motor;70
2017-01;surgical;60
2017-01;system;49
2017-01;surgery;48
2017-02;handpiece;107
2017-02;angle;105
2017-02;contra;105
2017-02;insurance;80
2017-02;reduction;75
2017-02;speed;61
2017-02;surgical;53
2017-02;check;53
2017-02;bone;48
2017-02;motor;46
2017-03;insurance;183
2017-03;check;96
2017-03;screw;56
2017-03;bone;54
2017-03;best;34
2017-03;call;33
2017-03;dublin;32
2017-03;prices;32
2017-03;broken;32
2017-03;surgical;31
2017-04;check;52
2017-04;bone;46
2017-04;screw;19
2017-04;instruments;15
2017-04;free;15
2017-04;expander;14
2017-04;handpiece;12
2017-04;cheap;12
2017-04;fractured;12
2017-04;insurance;12
2017-05;abutment;52
2017-05;surgery;49
2017-05;tools;48
2017-05;analog;47
2017-05;dentistry;46
2017-05;restoration;46
2017-05;insurance;23
2017-05;check;20
2017-05;handpiece;19
2017-05;reduction;16
2017-06;surgery;72
2017-06;abutment;66
2017-06;tools;59
2017-06;dentistry;59
2017-06;restoration;59
2017-06;analog;59
2017-06;portland;48
2017-06;check;23
2017-06;screw;20
2017-06;surgical;18
2017-07;surgery;71
2017-07;abutment;68
2017-07;restoration;62
2017-07;tools;61
2017-07;dentistry;61
2017-07;analog;60
2017-07;handpiece;31
2017-07;surgical;27
2017-07;motor;27
2017-07;check;26
2017-08;abutment;68
2017-08;surgery;64
2017-08;analog;57
2017-08;tools;55
2017-08;dentistry;55
2017-08;restoration;55
2017-08;handpiece;19
2017-08;surgical;17
2017-08;check;12
2017-08;bone;11
2017-09;abutment;76
2017-09;surgery;62
2017-09;tools;59
2017-09;dentistry;59
2017-09;restoration;59
2017-09;analog;56
2017-09;surgical;40
2017-09;check;37
2017-09;brushless;33
2017-09;handpiece;29
2017-10;handpiece;42
2017-10;human;39
2017-10;surgical;39
2017-10;abutment;39
2017-10;check;39
2017-10;robot;39
2017-10;successfully;38
2017-10;completes;38
2017-10;surgery;36
2017-10;futurist;36
2017-11;handpiece;209
2017-11;surgical;199
2017-11;straight;174
2017-11;external;168
2017-11;nose;164
2017-11;nozzle;81
2017-11;cone;80
2017-11;pipe;67
2017-11;internal;67
2017-11;motor;60
2017-12;surgical;82
2017-12;handpiece;70
2017-12;motor;65
2017-12;system;64
2017-12;brushless;54
2017-12;screen;37
2017-12;azdent;37
2017-12;contra;26
2017-12;angle;26
2017-12;usps;24
2018-01;surgical;37
2018-01;handpiece;33
2018-01;surgery;26
2018-01;motor;25
2018-01;brushless;19
2018-01;abutment;16
2018-01;crown;16
2018-01;system;13
2018-01;drill;12
2018-01;reduction;12
2018-02;offer;25
2018-02;crown;22
2018-02;surgery;21
2018-02;abutment;21
2018-02;included;19
2018-02;march;18
2018-02;ends;18
2018-02;affordable;7
2018-02;quality;7
2018-02;five;6
2018-03;californiadentist;10
2018-03;campbell;10
2018-03;campbelldentalimplants;10
2018-03;reviews;10
2018-03;affordable;7
2018-03;abutment;7
2018-03;special;7
2018-03;crown;7
2018-03;insurance;6
2018-03;surgery;4
2018-04;costofimplants;10
2018-04;denverdentalimplants;10
2018-04;cost;10
2018-04;much;10
2018-04;find;10
2018-04;denver;10
2018-04;detroit;5
2018-04;instruments;4
2018-04;check;4
2018-04;insurance;3
2018-05;fees;3
2018-05;pasadena;3
2018-05;crown;3
2018-05;consultation;3
2018-05;includes;3
2018-05;call;3
2018-05;surgery;3
2018-05;free;3
2018-05;abutment;3
2018-05;pearland;3
2018-07;idea;37
2018-07;cost;37
2018-07;sponsored;37
2018-07;listings;37
2018-07;surprise;37
2018-07;abutment;5
2018-07;internal;4
2018-07;ball;4
2018-07;silicon;4
2018-07;attachment;4
2018-08;cost;62
2018-08;surprise;59
2018-08;sponsored;52
2018-08;idea;52
2018-08;listings;52
2018-08;much;8
2018-08;guess;7
2018-08;done;6
2018-08;teeth;4
2018-08;surgery;3
2018-09;cost;100
2018-09;surprise;100
2018-09;sponsored;90
2018-09;idea;90
2018-09;listings;90
2018-09;guess;10
2018-09;much;10
2018-09;surgery;8
2018-09;instruments;6
2018-09;assistant;6
2018-10;cost;116
2018-10;surprise;114
2018-10;sponsored;110
2018-10;idea;110
2018-10;listings;110
2018-10;surgery;6
2018-10;abutment;6
2018-10;crown;5
2018-10;included;4
2018-10;free;4
2018-11;insurance;53
2018-11;cost;51
2018-11;surprise;51
2018-11;sponsored;50
2018-11;idea;50
2018-11;listings;50
2018-11;financing;25
2018-11;covered;25
2018-11;clinics;25
2018-11;paying;25
2018-12;insurance;197
2018-12;germany;167
2018-12;lanes;167
2018-12;bowling;167
2018-12;check;125
2018-12;broken;54
2018-12;cost;53
2018-12;sponsored;51
2018-12;idea;51
2018-12;listings;51
2019-01;cost;136
2019-01;surprise;136
2019-01;sponsored;130
2019-01;idea;130
2019-01;listings;130
2019-01;insurance;16
2019-01;check;12
2019-01;surgery;11
2019-01;instruments;8
2019-01;surgical;7
2019-02;cost;49
2019-02;surprise;48
2019-02;sponsored;46
2019-02;idea;46
2019-02;listings;46
2019-02;insurance;33
2019-02;dentalimplants;18
2019-02;instruments;17
2019-02;covered;16
2019-02;cosmeticdentistry;16
2019-03;cost;15
2019-03;surprise;14
2019-03;sponsored;14
2019-03;idea;14
2019-03;listings;14
2019-03;bone;13
2019-03;instruments;12
2019-03;insurance;10
2019-03;surgical;9
2019-03;healthcare;8
2019-04;check;50
2019-04;cost;27
2019-04;idea;23
2019-04;sponsored;23
2019-04;listings;23
2019-04;surprise;23
2019-04;years;22
2019-04;completes;22
2019-04;services;22
2019-04;professionals;22
2019-05;sponsored;52
2019-05;idea;52
2019-05;listings;52
2019-05;cost;52
2019-05;surprise;52
2019-05;check;14
2019-05;insurance;14
2019-05;prosthetics;9
2019-05;abutment;7
2019-05;universal;7
2019-06;bomb;54
2019-06;time;54
2019-06;prep;54
2019-06;surgical;54
2019-06;diffuse;54
2019-06;diffusedentalbomb;51
2019-06;newimplantresearc;50
2019-06;sponsored;31
2019-06;listings;31
2019-06;idea;31
2019-07;sponsored;82
2019-07;idea;82
2019-07;listings;82
2019-07;cost;82
2019-07;surprise;82
2019-07;prosthetics;29
2019-07;download;23
2019-07;abutment;22
2019-07;angled;19
2019-07;free;18
2019-08;cost;73
2019-08;idea;70
2019-08;sponsored;70
2019-08;listings;70
2019-08;surprise;70
2019-08;prosthetics;40
2019-08;check;34
2019-08;download;32
2019-08;free;22
2019-08;abutment;19
2019-09;prosthetics;37
2019-09;download;26
2019-09;insurance;20
2019-09;plans;16
2019-09;covering;16
2019-09;need;15
2019-09;news;15
2019-09;sponsored;14
2019-09;mobi;12
2019-09;cost;12
2019-10;prosthetics;27
2019-10;download;26
2019-10;check;22
2019-10;free;19
2019-10;science;10
2019-10;zahnimplantate;9
2019-10;epub;9
2019-10;universal;9
2019-10;screw;8
2019-10;read;8
2019-11;prosthetics;41
2019-11;download;28
2019-11;free;16
2019-11;ebook;11
2019-11;surgical;10
2019-11;read;10
2019-11;epub;9
2019-11;mobi;8
2019-11;abutment;7
2019-11;science;7
