2016-07;information;page;454
2016-07;area;information;454
2016-07;page;announced;454
2016-07;announced;francisco;452
2016-07;francisco;area;416
2016-07;missing;teeth;215
2016-07;angeles;dentist;148
2016-07;dentist;kevin;143
2016-07;kevin;sands;142
2016-07;sands;offering;142
2016-08;center;announces;381
2016-08;missing;teeth;369
2016-08;read;blog;328
2016-08;announces;updated;324
2016-08;francisco;center;324
2016-08;updated;francisco;293
2016-08;high;quality;157
2016-08;taking;look;153
2016-08;look;treatment;153
2016-08;find;high;143
2016-09;missing;teeth;323
2016-09;read;blog;172
2016-09;tooth;sydney;137
2016-09;offers;affordable;136
2016-09;sydney;offers;134
2016-09;comprehensive;services;134
2016-09;affordable;comprehensive;134
2016-09;missing;tooth;128
2016-09;services;tooth;126
2016-09;restore;smile;108
2016-10;missing;teeth;461
2016-10;dentist;offers;424
2016-10;lake;jackson;420
2016-10;general;dentistry;419
2016-10;offers;general;418
2016-10;including;braces;418
2016-10;dentistry;including;418
2016-10;jackson;dentist;418
2016-10;braces;lake;411
2016-10;read;blog;176
2016-11;missing;teeth;332
2016-11;high;quality;236
2016-11;price;mexico;225
2016-11;mexico;high;225
2016-11;third;price;225
2016-11;quality;third;204
2016-11;read;blog;190
2016-11;toll;free;124
2016-11;call;toll;121
2016-11;permanent;solution;101
2016-12;missing;tooth;451
2016-12;costa;rica;446
2016-12;cosmetic;dentist;428
2016-12;style;costa;417
2016-12;prices;amazing;417
2016-12;amazing;style;417
2016-12;clinic;prices;417
2016-12;rica;clinic;407
2016-12;dentist;angeles;368
2016-12;care;maintenance;365
2017-01;missing;teeth;337
2017-01;read;blog;174
2017-01;tooth;loss;117
2017-01;cosmetic;dentistry;99
2017-01;real;teeth;78
2017-01;missing;tooth;73
2017-01;replace;missing;70
2017-01;looking;award;68
2017-01;winning;practice;68
2017-01;benefits;help;68
2017-02;missing;teeth;316
2017-02;real;teeth;159
2017-02;read;blog;152
2017-02;look;feel;88
2017-02;teeth;look;80
2017-02;shape;real;79
2017-02;fundamental;shape;79
2017-02;like;real;76
2017-02;feel;like;76
2017-02;replace;missing;73
2017-03;center;choice;1013
2017-03;diego;center;1013
2017-03;choice;teeth;1013
2017-03;teeth;diego;1011
2017-03;teeth;whitening;398
2017-03;somerset;west;381
2017-03;town;offering;381
2017-03;whitening;orthodontics;381
2017-03;offering;teeth;381
2017-03;dentist;somerset;381
2017-04;houston;texas;672
2017-04;texas;alternative;672
2017-04;bishara;houston;672
2017-04;alternative;solution;672
2017-04;solution;bishara;656
2017-04;missing;teeth;270
2017-04;price;guide;227
2017-04;sitemap;price;227
2017-04;guide;sitemap;220
2017-04;read;blog;135
2017-05;missing;teeth;317
2017-05;angeles;implantcenterlosangeles;268
2017-05;implantcenterlosangeles;losangelesimplantcenter;268
2017-05;best;cent;268
2017-05;cent;angeles;268
2017-05;losangelesimplantcenter;best;267
2017-05;dentistry;procedure;231
2017-05;cost;cost;209
2017-05;dentist;cost;194
2017-05;cost;care;185
2017-06;missing;teeth;357
2017-06;fort;collins;248
2017-06;collins;owens;232
2017-06;owens;fort;226
2017-06;technology;trust;207
2017-06;cost;cost;201
2017-06;trust;technology;197
2017-06;read;blog;129
2017-06;cosmetic;dentistry;124
2017-06;replace;missing;118
2017-07;missing;teeth;389
2017-07;cosmetic;dentistry;159
2017-07;veneers;case;150
2017-07;crown;veneers;150
2017-07;technology;trust;139
2017-07;trust;technology;138
2017-07;replace;missing;131
2017-07;cost;cost;124
2017-07;call;today;124
2017-07;cosmetic;dentist;123
2017-08;cosmetic;dentist;396
2017-08;long;island;362
2017-08;island;queens;361
2017-08;specialists;york;361
2017-08;manhattan;nutley;361
2017-08;nutley;long;361
2017-08;jersey;manhattan;361
2017-08;york;jersey;361
2017-08;queens;specialists;359
2017-08;houston;houston;357
2017-09;missing;teeth;439
2017-09;general;dentistry;213
2017-09;needs;general;212
2017-09;visit;needs;212
2017-09;technology;trust;168
2017-09;trust;technology;167
2017-09;bridges;crowns;162
2017-09;dentistry;veneers;160
2017-09;veneers;bridges;107
2017-09;crowns;dentistinvancouverwa;105
2017-10;austin;center;537
2017-10;abroad;hungary;411
2017-10;premium;quality;411
2017-10;quality;abroad;411
2017-10;missing;teeth;322
2017-10;oral;surgery;314
2017-10;hungary;premium;280
2017-10;teeth;info;273
2017-10;center;teeth;271
2017-10;info;austin;268
2017-11;missing;teeth;350
2017-11;cosmetic;dentistry;235
2017-11;technology;trust;219
2017-11;dentistry;teeth;209
2017-11;dentistry;services;208
2017-11;trust;technology;206
2017-11;benefits;cosmetic;206
2017-11;many;dentistry;204
2017-11;teeth;cleanings;204
2017-11;services;benefits;204
2017-12;full;mouth;424
2017-12;benefits;full;419
2017-12;mouth;dentures;418
2017-12;dentures;benefits;411
2017-12;missing;teeth;324
2017-12;boost;confidence;252
2017-12;technology;trust;201
2017-12;trust;technology;194
2017-12;confidence;reginadentist;146
2017-12;reginadentist;boost;145
2018-01;missing;teeth;297
2018-01;cost;cost;221
2018-01;replace;missing;88
2018-01;redondo;beach;75
2018-01;torrance;redondo;74
2018-01;south;dentists;74
2018-01;beach;south;74
2018-01;missing;tooth;71
2018-01;teeth;could;63
2018-01;save;smile;61
2018-02;missing;teeth;285
2018-02;accepted;means;197
2018-02;means;payment;197
2018-02;payment;made;197
2018-02;dentacoin;accepted;197
2018-02;community;excited;196
2018-02;announce;dentacoin;196
2018-02;excited;announce;196
2018-02;dear;community;196
2018-02;made;dear;127
2018-03;missing;teeth;260
2018-03;cosmetic;dentist;192
2018-03;oral;surgery;102
2018-03;delray;beach;94
2018-03;replace;missing;94
2018-03;announces;offer;93
2018-03;north;houston;93
2018-03;northline;interview;93
2018-03;dentist;north;93
2018-03;houston;northline;93
2018-04;missing;teeth;188
2018-04;latest;technologies;164
2018-04;offers;latest;163
2018-04;oasis;family;163
2018-04;technologies;services;163
2018-04;family;offers;163
2018-04;services;oasis;157
2018-04;north;york;105
2018-04;harrell;center;93
2018-04;options;harrell;93
2018-05;north;york;127
2018-05;dentist;north;122
2018-05;cosmetic;dentist;87
2018-05;north;houston;86
2018-05;houston;independence;86
2018-05;heights;talks;86
2018-05;independence;heights;86
2018-05;talks;interview;86
2018-05;offers;arlington;83
2018-05;scores;offering;83
2018-07;north;york;87
2018-07;bayview;sheppard;55
2018-07;near;bayview;55
2018-07;missing;teeth;45
2018-07;million;investment;39
2018-07;doctor;botbol;38
2018-07;secure;million;37
2018-07;george;years;35
2018-07;printed;secure;35
2018-07;sauce;made;35
2018-08;beverly;hills;154
2018-08;center;beverly;151
2018-08;missing;teeth;122
2018-08;hills;center;116
2018-08;difference;crowns;84
2018-08;crowns;difference;66
2018-08;north;york;42
2018-08;replace;missing;37
2018-08;missing;tooth;33
2018-08;replacing;missing;30
2018-09;missing;teeth;260
2018-09;much;cost;98
2018-09;things;know;89
2018-09;considering;things;87
2018-09;cost;thailand;85
2018-09;guide;australia;85
2018-09;thailand;guide;85
2018-09;know;considering;68
2018-09;info;visit;64
2018-09;missing;tooth;64
2018-10;missing;teeth;366
2018-10;restore;smile;175
2018-10;replace;missing;140
2018-10;solution;missing;113
2018-10;center;restore;95
2018-10;hanna;center;95
2018-10;info;visit;93
2018-10;restore;smiles;90
2018-10;offer;solution;87
2018-10;pittsburgh;restore;86
2018-11;missing;teeth;271
2018-11;francisco;announces;137
2018-11;replace;missing;115
2018-11;dentaimplantstx;center;92
2018-11;cost;advantages;88
2018-11;announces;post;88
2018-11;surgery;cost;88
2018-11;advantages;risks;88
2018-11;anoosh;afifi;86
2018-11;seattle;anoosh;86
2018-12;fort;collins;558
2018-12;collins;mini;279
2018-12;affordable;fort;279
2018-12;mini;dorian;279
2018-12;collins;fort;279
2018-12;missing;teeth;250
2018-12;cosmetic;dentistry;248
2018-12;orange;county;232
2018-12;provides;patients;231
2018-12;general;cosmetic;231
