2016-07;marco;cueva;220
2016-07;announces;availability;220
2016-07;cueva;announces;220
2016-07;availability;leading;220
2016-07;leading;marco;204
2016-07;general;dentistry;133
2016-07;darryl;burke;132
2016-07;burke;staff;132
2016-07;dentist;darryl;132
2016-07;burke;general;132
2016-08;grow;teeth;116
2016-08;goodbye;grow;113
2016-08;teeth;weeks;109
2016-08;discovery;goodbye;87
2016-08;revolutionary;discovery;74
2016-08;also;improve;51
2016-08;improve;overall;49
2016-08;overall;health;48
2016-08;health;also;48
2016-08;function;like;47
2016-09;lost;teeth;72
2016-09;best;option;71
2016-09;option;replace;70
2016-09;replace;lost;66
2016-09;could;best;65
2016-09;natural;teeth;45
2016-09;grow;teeth;43
2016-09;five;years;42
2016-09;years;loading;42
2016-09;radiographic;five;42
2016-10;grow;teeth;1317
2016-10;goodbye;grow;1315
2016-10;teeth;weeks;1312
2016-10;discovery;goodbye;1312
2016-10;revolutionary;discovery;1279
2016-10;weeks;revolutionary;1262
2016-10;natural;teeth;108
2016-10;like;natural;90
2016-10;function;like;82
2016-10;produced;right;69
2016-11;added;video;142
2016-11;video;playlist;142
2016-11;natural;teeth;96
2016-11;work;others;50
2016-11;like;natural;47
2016-11;missing;teeth;46
2016-11;grow;teeth;41
2016-11;discovery;goodbye;37
2016-11;goodbye;grow;37
2016-11;teeth;weeks;36
2016-12;added;video;88
2016-12;video;playlist;88
2016-12;take;care;78
2016-12;natural;teeth;74
2016-12;ways;take;73
2016-12;care;ways;66
2016-12;playlist;cost;59
2016-12;great;option;56
2016-12;alberta;added;55
2016-12;missing;teeth;44
2017-01;installed;installed;1979
2017-01;pierre;fauchard;115
2017-01;bernard;fialkoff;115
2017-01;group;periodontal;115
2017-01;fauchard;academy;115
2017-01;inducts;bernard;115
2017-01;fialkoff;elite;115
2017-01;elite;group;115
2017-01;academy;inducts;115
2017-01;periodontal;pierre;112
2017-02;installed;installed;926
2017-02;installing;installing;195
2017-02;natural;teeth;58
2017-02;grow;teeth;52
2017-02;diabetic;patients;42
2017-02;safe;diabetic;40
2017-02;goodbye;grow;39
2017-02;teeth;weeks;36
2017-02;patients;safe;36
2017-02;discovery;goodbye;35
2017-03;reduce;failure;239
2017-03;method;reduce;206
2017-03;successful;method;206
2017-03;grow;teeth;149
2017-03;teeth;weeks;145
2017-03;goodbye;grow;145
2017-03;study;identifies;89
2017-03;identifies;successful;89
2017-03;natural;teeth;88
2017-03;failure;successful;65
2017-04;natural;teeth;93
2017-04;grow;teeth;84
2017-04;goodbye;grow;82
2017-04;teeth;weeks;81
2017-04;like;natural;57
2017-04;successful;method;36
2017-04;added;video;36
2017-04;video;playlist;36
2017-04;method;reduce;36
2017-04;reduce;failure;36
2017-05;grow;teeth;126
2017-05;natural;teeth;96
2017-05;teeth;months;94
2017-05;cell;grow;94
2017-05;stem;cell;94
2017-05;last;lifetime;93
2017-05;designed;last;77
2017-05;lifetime;designed;67
2017-05;avocado;wolfe;67
2017-05;months;david;67
2017-06;explained;infographic;295
2017-06;infographic;explained;291
2017-06;grow;teeth;183
2017-06;goodbye;grow;182
2017-06;teeth;weeks;177
2017-06;weeks;goodbye;99
2017-06;added;video;47
2017-06;video;playlist;47
2017-06;natural;teeth;47
2017-06;last;lifetime;45
2017-07;grow;teeth;316
2017-07;teeth;weeks;307
2017-07;goodbye;grow;287
2017-07;weeks;goodbye;115
2017-07;added;video;83
2017-07;video;playlist;83
2017-07;replacing;teeth;80
2017-07;learn;advantages;76
2017-07;reasons;health;76
2017-07;credible;reasons;76
2017-08;teeth;weeks;150
2017-08;missing;teeth;127
2017-08;grow;teeth;119
2017-08;option;replace;110
2017-08;replace;damaged;106
2017-08;popular;option;106
2017-08;damaged;missing;106
2017-08;teeth;popular;105
2017-08;goodbye;grow;91
2017-08;health;advisors;73
2017-09;installed;installed;344
2017-09;natural;teeth;78
2017-09;look;feel;73
2017-09;terms;definitions;72
2017-09;definitions;post;72
2017-09;read;terms;72
2017-09;post;read;70
2017-09;like;natural;65
2017-09;considering;learn;41
2017-09;learn;article;41
2017-10;installed;installed;283
2017-10;natural;teeth;57
2017-10;added;video;51
2017-10;video;playlist;51
2017-10;success;find;43
2017-10;effect;success;43
2017-10;good;part;43
2017-10;smoking;good;43
2017-10;part;body;43
2017-10;body;effect;43
2017-11;installed;installed;184
2017-11;teeth;weeks;45
2017-11;natural;teeth;45
2017-11;oral;health;37
2017-11;effect;success;33
2017-11;missing;teeth;33
2017-11;smoking;good;33
2017-11;part;body;33
2017-11;success;find;33
2017-11;welcomes;patients;33
2017-12;installed;installed;70
2017-12;natural;teeth;41
2017-12;missing;teeth;28
2017-12;look;feel;28
2017-12;canals;cancer;26
2017-12;link;root;26
2017-12;truly;affordable;26
2017-12;affordable;starting;26
2017-12;root;canals;26
2017-12;offer;truly;26
2018-01;look;feel;63
2018-01;natural;teeth;56
2018-01;installing;installing;51
2018-01;teeth;weeks;46
2018-01;missing;tooth;45
2018-01;grow;teeth;44
2018-01;missing;teeth;41
2018-01;best;option;40
2018-01;option;replace;35
2018-01;goodbye;grow;35
2018-02;natural;teeth;111
2018-02;look;feel;79
2018-02;missing;tooth;64
2018-02;best;option;60
2018-02;tactics;save;56
2018-02;option;replace;56
2018-02;save;money;56
2018-02;right;tactics;56
2018-02;money;tips;56
2018-02;pricey;right;56
2018-03;expect;guide;56
2018-03;learn;expect;56
2018-03;placement;learn;56
2018-03;facing;placement;56
2018-03;guide;facing;46
2018-03;added;video;41
2018-03;video;playlist;41
2018-03;missing;teeth;31
2018-03;link;root;27
2018-03;loose;dentures;27
2018-04;added;video;60
2018-04;video;playlist;60
2018-04;natural;teeth;32
2018-04;link;root;25
2018-04;truly;affordable;25
2018-04;canals;cancer;25
2018-04;affordable;starting;25
2018-04;cancer;offer;25
2018-04;offer;truly;25
2018-04;root;canals;25
2018-05;video;playlist;9
2018-05;added;video;9
2018-05;teeth;weeks;6
2018-05;affordable;starting;5
2018-05;goodbye;dentist;5
2018-05;offer;truly;5
2018-05;canals;cancer;5
2018-05;dentist;grows;5
2018-05;grows;teeth;5
2018-05;cancer;offer;5
2018-07;natural;teeth;11
2018-07;care;tips;9
2018-07;professionals;suggest;7
2018-07;video;playlist;7
2018-07;tips;austin;7
2018-07;austin;professionals;7
2018-07;bone;loss;7
2018-07;added;video;7
2018-07;like;natural;7
2018-07;missing;teeth;6
2018-08;natural;teeth;32
2018-08;missing;teeth;17
2018-08;added;video;15
2018-08;video;playlist;15
2018-08;number;people;14
2018-08;every;year;14
2018-08;look;feel;14
2018-08;would;natural;14
2018-08;maintain;healthy;14
2018-08;diet;would;14
2018-09;natural;teeth;43
2018-09;added;video;42
2018-09;video;playlist;42
2018-09;like;natural;39
2018-09;look;feel;38
2018-09;missing;teeth;36
2018-09;tooth;loss;30
2018-09;solution;tooth;23
2018-09;think;afford;23
2018-09;afford;think;23
2018-10;tooth;extractions;85
2018-10;bone;grafts;84
2018-10;michael;kang;83
2018-10;grafts;tooth;83
2018-10;extractions;danbury;83
2018-10;improve;bone;83
2018-10;amato;michael;83
2018-10;richard;amato;83
2018-10;kang;improve;83
2018-10;natural;teeth;73
2018-11;missing;teeth;64
2018-11;natural;teeth;59
2018-11;look;feel;35
2018-11;like;natural;35
2018-11;tooth;loss;32
2018-11;last;years;32
2018-11;added;video;30
2018-11;replace;missing;30
2018-11;video;playlist;30
2018-11;specifically;designed;26
2018-12;candidate;psychreg;86
2018-12;psychreg;candidate;68
2018-12;natural;teeth;43
2018-12;like;natural;35
2018-12;added;video;29
2018-12;video;playlist;29
2018-12;missing;teeth;24
2018-12;feel;like;20
2018-12;benefits;going;18
2018-12;dentalimplants;cosmeticdentistry;18
