2016-07;modules;patients;12
2016-07;october;module;12
2016-07;module;days;12
2016-07;register;training;12
2016-07;patients;module;12
2016-07;days;october;12
2016-07;training;modules;12
2016-07;global;industry;11
2016-07;grow;cagr;9
2016-07;nanotechnology;market;9
2016-08;prestigious;certificate;224
2016-08;receives;prestigious;224
2016-08;agravat;receives;224
2016-08;certificate;training;224
2016-08;bharat;agravat;224
2016-08;training;bharat;214
2016-08;free;seminar;16
2016-08;model;teeth;13
2016-08;teeth;study;13
2016-08;demonstration;model;10
2016-09;grand;view;243
2016-09;view;research;242
2016-09;research;market;237
2016-09;demand;tooth;234
2016-09;teeth;replacement;234
2016-09;tooth;teeth;234
2016-09;market;witness;233
2016-09;enhanced;demand;233
2016-09;witness;enhanced;233
2016-09;replacement;till;231
2016-10;global;market;26
2016-10;prosthetics;market;24
2016-10;research;shows;17
2016-10;effect;success;17
2016-10;medications;important;17
2016-10;important;effect;17
2016-10;certain;medications;17
2016-10;success;research;17
2016-10;market;analysis;17
2016-10;open;continuum;15
2016-11;leading;implantologist;191
2016-11;learns;share;191
2016-11;implantologist;bharat;191
2016-11;share;training;191
2016-11;bharat;agravat;191
2016-11;agravat;learns;191
2016-11;training;advanced;191
2016-11;advanced;leading;189
2016-11;market;witness;186
2016-11;owing;road;185
2016-12;geography;scope;271
2016-12;scope;summary;271
2016-12;market;type;271
2016-12;type;geography;271
2016-12;summary;forecast;270
2016-12;forecast;market;264
2016-12;prosthetics;market;36
2016-12;global;prosthetics;23
2016-12;global;market;22
2016-12;market;research;19
2017-01;industry;market;266
2017-01;data;sourced;263
2017-01;databases;secondary;263
2017-01;sourced;databases;263
2017-01;market;based;263
2017-01;based;data;263
2017-01;secondary;primary;262
2017-01;research;industry;261
2017-01;primary;research;261
2017-01;agravat;clinic;238
2017-02;global;market;169
2017-02;surpass;million;151
2017-02;market;surpass;148
2017-02;million;global;142
2017-02;agravat;clinic;52
2017-02;clinic;ahmedabad;52
2017-02;ahmedabad;gujarat;51
2017-02;gujarat;india;51
2017-02;india;agravat;40
2017-02;cosmetic;dentist;15
2017-03;global;market;270
2017-03;research;report;257
2017-03;market;research;255
2017-03;market;analysis;242
2017-03;trends;forecast;237
2017-03;forecast;market;236
2017-03;analysis;share;236
2017-03;share;trends;236
2017-03;report;global;235
2017-03;replicate;tooth;52
2017-04;diego;kite;182
2017-04;kite;club;182
2017-04;diego;diego;182
2017-04;club;business;182
2017-04;business;directory;182
2017-04;directory;diego;181
2017-04;market;opportunities;65
2017-04;growth;drivers;63
2017-04;drivers;trends;61
2017-04;demand;share;61
2017-05;market;research;41
2017-05;research;report;40
2017-05;market;expected;40
2017-05;upcoming;book;36
2017-05;stephen;deloach;36
2017-05;chosen;upcoming;36
2017-05;expert;chosen;36
2017-05;deloach;tooth;36
2017-05;tooth;restoration;36
2017-05;restoration;expert;36
2017-06;market;expected;319
2017-06;expected;reach;315
2017-06;global;market;180
2017-06;reach;credence;167
2017-06;credence;research;167
2017-06;research;global;154
2017-06;reach;million;143
2017-06;million;market;140
2017-06;research;report;49
2017-06;analysis;forecast;43
2017-07;grand;view;149
2017-07;tooth;teeth;148
2017-07;increasing;demand;148
2017-07;demand;tooth;148
2017-07;driven;increasing;148
2017-07;market;driven;148
2017-07;teeth;replacement;148
2017-07;till;grand;148
2017-07;replacement;till;148
2017-07;view;market;145
2017-08;related;research;34
2017-08;research;holtzclaw;34
2017-08;holtzclaw;achieves;34
2017-08;education;center;33
2017-08;achieves;citations;33
2017-08;lakes;education;33
2017-08;citations;literature;33
2017-08;course;offered;33
2017-08;center;october;33
2017-08;offered;corporate;33
2017-09;chinese;robot;640
2017-09;first;automated;542
2017-09;robot;performed;538
2017-09;performed;first;516
2017-09;automated;chinese;460
2017-09;world;first;298
2017-09;autonomous;robot;273
2017-09;first;autonomous;272
2017-09;robot;china;269
2017-09;china;world;148
2017-10;autonomous;robot;33
2017-10;first;autonomous;33
2017-10;lesson;learn;30
2017-10;check;short;30
2017-10;learn;came;30
2017-10;history;lesson;30
2017-10;short;history;30
2017-10;nursing;course;30
2017-10;course;running;29
2017-10;dentalnurses;miss;29
2017-11;nanotechnology;market;217
2017-11;regions;production;215
2017-11;segmentation;regions;215
2017-11;production;consumption;215
2017-11;market;segmentation;215
2017-11;players;forecasted;211
2017-11;market;legendary;211
2017-11;consumption;revenue;211
2017-11;demand;growth;211
2017-11;legendary;players;211
2017-12;check;short;67
2017-12;lesson;learn;67
2017-12;learn;came;67
2017-12;history;lesson;67
2017-12;short;history;67
2017-12;came;check;42
2017-12;abutment;systems;20
2017-12;global;market;19
2017-12;surgical;seminar;17
2017-12;market;research;16
2018-01;global;nano;154
2018-01;nano;surface;154
2018-01;surface;market;154
2018-01;industry;trends;152
2018-01;trends;market;152
2018-01;segments;growth;152
2018-01;market;size;152
2018-01;market;industry;152
2018-01;size;segments;152
2018-01;growth;prospects;151
2018-02;interviewed;solutions;101
2018-02;leading;german;101
2018-02;district;downtown;101
2018-02;downtown;portland;101
2018-02;pearl;district;101
2018-02;german;manufacturer;101
2018-02;portland;interviewed;101
2018-02;cosmetic;dentist;101
2018-02;dentist;pearl;101
2018-02;manufacturer;bredent;101
2018-03;cosmetic;dentist;468
2018-03;interview;cosmetic;459
2018-03;projected;witness;167
2018-03;witness;significant;167
2018-03;market;projected;167
2018-03;significant;growth;167
2018-03;radiant;insights;165
2018-03;growth;radiant;165
2018-03;insights;market;160
2018-03;beach;interview;96
2018-04;cosmetic;dentist;376
2018-04;talks;interview;376
2018-04;interview;cosmetic;375
2018-04;explosive;growth;170
2018-04;market;enjoy;170
2018-04;enjoy;explosive;170
2018-04;cagr;around;168
2018-04;around;grand;168
2018-04;grand;view;168
2018-04;market;anticipated;168
2018-05;encinitas;talks;87
2018-05;dentist;diego;87
2018-05;diego;encinitas;87
2018-05;talks;interview;87
2018-05;interview;dentist;84
2018-05;market;forecast;3
2018-05;prosthesis;market;3
2018-05;members;team;2
2018-05;global;prosthesis;2
2018-05;research;report;2
2018-07;growing;technical;111
2018-07;market;growing;111
2018-07;project;cagr;111
2018-07;industry;project;111
2018-07;technical;advancement;111
2018-07;advancement;industry;111
2018-07;cagr;market;108
2018-07;book;appointment;4
2018-07;great;smile;3
2018-07;near;mount;3
2018-08;market;worth;6
2018-08;world;bloggers;5
2018-08;many;considerations;5
2018-08;parramatta;many;5
2018-08;moderndaypiratecomplaints;expensive;5
2018-08;considerations;world;5
2018-08;expensive;moderndaypiratecomplaints;4
2018-08;bloggers;parramatta;4
2018-08;global;market;4
2018-08;worth;billion;4
2018-09;prosthetics;market;107
2018-09;types;size;105
2018-09;size;demand;105
2018-09;detail;product;105
2018-09;market;manufacturer;105
2018-09;manufacturer;detail;105
2018-09;product;types;105
2018-09;demand;prosthetics;100
2018-09;global;market;13
2018-09;exceed;billion;11
2018-10;market;expected;262
2018-10;research;report;178
2018-10;global;market;178
2018-10;prosthetics;market;170
2018-10;market;size;138
2018-10;market;analysis;124
2018-10;expected;reach;109
2018-10;trends;growth;97
2018-10;growth;insights;94
2018-10;major;manufacturers;94
2018-11;titanium;market;51
2018-11;available;research;47
2018-11;analysis;forecast;47
2018-11;forecast;made;47
2018-11;made;available;47
2018-11;research;firm;47
2018-11;market;analysis;47
2018-11;market;surge;33
2018-11;surge;cagr;33
2018-11;firm;market;30
2018-12;report;updated;48
2018-12;updated;prices;48
2018-12;outlook;report;48
2018-12;market;outlook;30
2018-12;procedures;outlook;20
2018-12;prosthetics;market;6
2018-12;different;types;6
2018-12;work;carried;5
2018-12;nobel;biocare;5
2018-12;examples;different;5
