2016-07;insurance;349
2016-07;importance;339
2016-07;taking;339
2016-07;consider;338
2016-07;plunge;337
2016-07;getting;337
2016-07;screw;77
2016-07;straight;64
2016-07;abutment;61
2016-07;check;60
2016-08;abutment;86
2016-08;affordable;61
2016-08;insurance;60
2016-08;straight;57
2016-08;internal;56
2016-08;screw;52
2016-08;sales;48
2016-08;check;46
2016-08;healing;37
2016-08;repair;34
2016-09;handpiece;89
2016-09;sales;79
2016-09;abutment;68
2016-09;reduction;68
2016-09;speed;66
2016-09;angle;66
2016-09;contra;66
2016-09;teeth;52
2016-09;tooth;47
2016-09;germany;47
2016-10;handpiece;122
2016-10;angle;106
2016-10;contra;105
2016-10;reduction;97
2016-10;speed;90
2016-10;abutment;83
2016-10;sales;77
2016-10;germany;63
2016-10;manager;58
2016-10;international;55
2016-11;insurance;277
2016-11;handpiece;172
2016-11;affordable;166
2016-11;angle;145
2016-11;contra;141
2016-11;cost;102
2016-11;reduction;95
2016-11;speed;90
2016-11;instructor;86
2016-11;driving;86
2016-12;save;431
2016-12;money;417
2016-12;costa;416
2016-12;rica;416
2016-12;insurance;218
2016-12;handpiece;188
2016-12;online;186
2016-12;angle;146
2016-12;contra;141
2016-12;reduction;120
2017-01;insurance;223
2017-01;handpiece;208
2017-01;angle;174
2017-01;contra;168
2017-01;reduction;128
2017-01;speed;120
2017-01;motor;109
2017-01;surgical;65
2017-01;surgery;63
2017-01;cost;63
2017-02;handpiece;121
2017-02;angle;110
2017-02;best;110
2017-02;contra;108
2017-02;insurance;99
2017-02;reduction;77
2017-02;country;71
2017-02;motor;67
2017-02;speed;61
2017-02;surgical;56
2017-03;insurance;197
2017-03;check;79
2017-03;screw;58
2017-03;bone;49
2017-03;best;38
2017-03;affordable;38
2017-03;call;35
2017-03;prices;33
2017-03;dublin;32
2017-03;broken;32
2017-04;tooth;52
2017-04;offers;51
2017-04;quality;50
2017-04;high;50
2017-04;sydney;50
2017-04;check;46
2017-04;bone;45
2017-04;save;41
2017-04;free;34
2017-04;scan;30
2017-05;abutment;55
2017-05;analog;47
2017-05;complete;31
2017-05;smile;27
2017-05;benefits;25
2017-05;insurance;25
2017-05;health;24
2017-05;save;22
2017-05;handpiece;17
2017-05;screw;15
2017-06;abutment;67
2017-06;portland;64
2017-06;analog;59
2017-06;oregon;32
2017-06;screw;25
2017-06;complete;25
2017-06;check;22
2017-06;save;21
2017-06;cost;21
2017-06;surgical;18
2017-07;abutment;71
2017-07;analog;60
2017-07;handpiece;31
2017-07;motor;28
2017-07;check;27
2017-07;surgical;24
2017-07;save;24
2017-07;system;23
2017-07;bone;22
2017-07;angle;18
2017-08;abutment;68
2017-08;analog;56
2017-08;melbourne;32
2017-08;sources;32
2017-08;manufacturers;32
2017-08;handpiece;22
2017-08;surgical;18
2017-08;check;14
2017-08;angle;13
2017-08;call;13
2017-09;abutment;75
2017-09;analog;56
2017-09;check;35
2017-09;handpiece;33
2017-09;surgical;28
2017-09;brushless;25
2017-09;comp;22
2017-09;alpha;22
2017-09;bone;22
2017-09;motor;22
2017-10;robot;40
2017-10;abutment;40
2017-10;successfully;39
2017-10;human;39
2017-10;completes;38
2017-10;futurist;36
2017-10;surgical;34
2017-10;handpiece;32
2017-10;insurance;31
2017-10;check;28
2017-11;handpiece;211
2017-11;surgical;195
2017-11;external;168
2017-11;straight;165
2017-11;nose;164
2017-11;nozzle;81
2017-11;cone;80
2017-11;internal;68
2017-11;pipe;67
2017-11;motor;61
2017-12;surgical;90
2017-12;motor;85
2017-12;system;68
2017-12;handpiece;64
2017-12;brushless;60
2017-12;azdent;37
2017-12;screen;30
2017-12;angle;29
2017-12;drill;24
2017-12;contra;23
2018-01;dentist;47
2018-01;smiley;47
2018-01;generous;47
2018-01;named;47
2018-01;veteran;47
2018-01;gifted;42
2018-01;handpiece;36
2018-01;surgical;33
2018-01;motor;31
2018-01;brushless;22
2018-02;crown;31
2018-02;abutment;27
2018-02;surgery;25
2018-02;base;24
2018-02;sales;23
2018-02;ends;21
2018-02;march;21
2018-02;offer;21
2018-02;included;21
2018-02;dentist;15
2018-03;insurance;85
2018-03;best;71
2018-03;rarely;68
2018-03;often;67
2018-03;pricey;65
2018-03;pays;65
2018-03;teeth;22
2018-03;base;18
2018-03;brand;15
2018-03;capitalism;14
2018-04;abutments;22
2018-04;connection;20
2018-04;healing;20
2018-04;anatomic;20
2018-04;anatotemp;20
2018-04;launches;14
2018-04;family;14
2018-04;insurance;13
2018-04;tooth;10
2018-04;lost;9
2018-05;crown;4
2018-05;lost;4
2018-05;placement;3
2018-05;fees;3
2018-05;call;3
2018-05;surgery;3
2018-05;tooth;3
2018-05;includes;3
2018-05;abutment;3
2018-05;lift;2
2018-07;listings;37
2018-07;idea;37
2018-07;surprise;37
2018-07;cost;37
2018-07;sponsored;37
2018-07;abutment;7
2018-07;attachment;6
2018-07;internal;6
2018-07;ball;6
2018-07;free;5
2018-08;cost;57
2018-08;idea;52
2018-08;surprise;52
2018-08;sponsored;52
2018-08;listings;52
2018-08;insurance;5
2018-08;laurelwood;5
2018-08;offer;5
2018-08;abutment;5
2018-08;smile;5
2018-09;cost;96
2018-09;idea;94
2018-09;surprise;90
2018-09;sponsored;90
2018-09;listings;90
2018-09;save;16
2018-09;month;11
2018-09;insurance;9
2018-09;september;9
2018-09;awareness;9
2018-10;cost;115
2018-10;idea;111
2018-10;listings;110
2018-10;sponsored;110
2018-10;surprise;110
2018-10;wisdomteeth;16
2018-10;insurance;11
2018-10;sales;10
2018-10;sinus;10
2018-10;lift;10
2018-11;cost;57
2018-11;french;55
2018-11;bulldog;55
2018-11;surprise;50
2018-11;listings;50
2018-11;idea;50
2018-11;sponsored;50
2018-11;steals;49
2018-11;fake;49
2018-11;uses;49
2018-12;insurance;181
2018-12;germany;166
2018-12;lanes;166
2018-12;bowling;166
2018-12;check;56
2018-12;broken;44
2018-12;screw;39
2018-12;cost;37
2018-12;idea;22
2018-12;surprise;21
