2016-07;mini;69
2016-07;dentalimplants;64
2016-07;bone;59
2016-07;torque;47
2016-07;teeth;44
2016-07;wrench;44
2016-07;success;38
2016-07;straumann;38
2016-07;model;37
2016-07;history;37
2016-08;teeth;134
2016-08;bone;114
2016-08;straumann;97
2016-08;mouth;89
2016-08;grow;80
2016-08;right;79
2016-08;check;60
2016-08;model;60
2016-08;know;60
2016-08;torque;56
2016-09;know;92
2016-09;teeth;65
2016-09;model;63
2016-09;used;62
2016-09;reduction;58
2016-09;years;55
2016-09;around;54
2016-09;phoenicians;53
2016-09;ancient;53
2016-09;gold;53
2016-10;high;140
2016-10;quality;136
2016-10;professionals;134
2016-10;approved;133
2016-10;australian;132
2016-10;offers;132
2016-10;model;75
2016-10;bone;70
2016-10;teeth;58
2016-10;titanium;58
2016-11;reduction;117
2016-11;handpiece;110
2016-11;contra;98
2016-11;angle;97
2016-11;system;75
2016-11;titanium;73
2016-11;bone;65
2016-11;model;55
2016-11;teeth;55
2016-11;types;48
2016-12;ceramic;309
2016-12;press;295
2016-12;hydrualic;235
2016-12;bone;223
2016-12;activity;163
2016-12;school;162
2016-12;antibacterial;161
2016-12;evolution;157
2016-12;challenging;157
2016-12;looking;136
2017-01;reservoir;261
2017-01;risk;259
2017-01;reduces;258
2017-01;bone;243
2017-01;infection;200
2017-01;drug;181
2017-01;news;171
2017-01;reduction;164
2017-01;contra;143
2017-01;angle;141
2017-02;handpiece;81
2017-02;reduction;79
2017-02;contra;77
2017-02;angle;77
2017-02;bone;70
2017-02;check;64
2017-02;wrench;64
2017-02;torque;61
2017-02;titanium;50
2017-02;motor;42
2017-03;check;142
2017-03;professionals;121
2017-03;accreditation;119
2017-03;earns;119
2017-03;wrench;117
2017-03;bone;114
2017-03;torque;101
2017-03;successful;96
2017-03;reduce;95
2017-03;failure;85
2017-04;bone;96
2017-04;system;83
2017-04;maui;78
2017-04;tech;69
2017-04;launches;69
2017-04;generate;69
2017-04;company;69
2017-04;industry;69
2017-04;leads;69
2017-04;common;66
2017-05;maui;115
2017-05;used;107
2017-05;benefits;86
2017-05;people;79
2017-05;wrench;75
2017-05;know;74
2017-05;torque;70
2017-05;restoration;62
2017-05;broken;57
2017-05;screw;55
2017-06;wrench;97
2017-06;torque;91
2017-06;know;75
2017-06;restoration;67
2017-06;screw;62
2017-06;broken;62
2017-06;removal;61
2017-06;remover;59
2017-06;retrieval;58
2017-06;around;47
2017-07;wrench;76
2017-07;torque;75
2017-07;restoration;72
2017-07;broken;64
2017-07;screw;63
2017-07;removal;63
2017-07;remover;61
2017-07;retrieval;61
2017-07;bone;42
2017-07;systems;40
2017-08;million;78
2017-08;americans;75
2017-08;successful;74
2017-08;restoration;63
2017-08;torque;59
2017-08;wrench;59
2017-08;screw;55
2017-08;retrieval;55
2017-08;removal;55
2017-08;broken;55
2017-09;nobel;178
2017-09;biocare;173
2017-09;wrench;83
2017-09;torque;81
2017-09;nobelactive;72
2017-09;active;71
2017-09;screw;70
2017-09;sealed;68
2017-09;restoration;65
2017-09;space;64
2017-10;know;195
2017-10;everything;93
2017-10;wrench;91
2017-10;needed;90
2017-10;torque;85
2017-10;prescriptions;69
2017-10;positive;69
2017-10;features;69
2017-10;doctor;69
2017-10;straumann;68
2017-11;nobel;123
2017-11;biocare;101
2017-11;know;92
2017-11;titanium;58
2017-11;professionals;48
2017-11;system;42
2017-11;abutment;42
2017-11;tapered;41
2017-11;groovy;38
2017-11;features;36
2017-12;advantages;91
2017-12;know;85
2017-12;nobel;85
2017-12;biocare;62
2017-12;teeth;55
2017-12;handpiece;50
2017-12;contra;49
2017-12;active;48
2017-12;reduction;48
2017-12;system;47
2018-01;know;77
2018-01;bone;59
2018-01;success;49
2018-01;rate;39
2018-01;titanium;38
2018-01;used;36
2018-01;need;34
2018-01;teeth;34
2018-01;tooth;28
2018-01;percent;24
2018-02;adin;464
2018-02;announce;463
2018-02;spineguard;462
2018-02;alsgd;456
2018-02;systems;244
2018-02;technology;234
2018-02;placement;229
2018-02;reuters;228
2018-02;bloomberg;228
2018-02;nytimes;228
2018-03;spineguard;435
2018-03;adin;435
2018-03;announce;430
2018-03;alsgd;429
2018-03;systems;220
2018-03;technology;216
2018-03;placement;213
2018-03;reuters;212
2018-03;bloomberg;212
2018-03;nytimes;212
2018-04;tooth;114
2018-04;approved;98
2018-04;brands;98
2018-04;sydney;98
2018-04;australian;98
2018-04;announces;98
2018-04;origin;83
2018-04;know;54
2018-04;bone;42
2018-04;spineguard;32
2018-05;bone;17
2018-05;used;12
2018-05;heard;11
2018-05;affordable;11
2018-05;learn;10
2018-05;mini;10
2018-05;theyre;10
2018-05;riyadh;8
2018-05;grafting;7
2018-05;teeth;5
2018-07;bone;11
2018-07;system;8
2018-07;galvosurge;8
2018-07;unique;8
2018-07;provides;8
2018-07;cleaning;8
2018-07;protocol;8
2018-07;know;7
2018-07;decontamination;6
2018-07;used;6
2018-08;titanium;24
2018-08;know;19
2018-08;need;13
2018-08;teeth;13
2018-08;facts;9
2018-08;made;8
2018-08;bone;8
2018-08;tooth;7
2018-08;common;7
2018-08;used;7
2018-09;bone;35
2018-09;titanium;30
2018-09;know;22
2018-09;dentalimplants;15
2018-09;need;14
2018-09;graft;14
2018-09;success;12
2018-09;invisalign;11
2018-09;smile;11
2018-09;missing;10
2018-10;imaging;90
2018-10;takeaways;86
2018-10;ceramic;79
2018-10;dentist;78
2018-10;nashville;78
2018-10;expert;77
2018-10;william;77
2018-10;locante;77
2018-10;named;77
2018-10;bone;63
2018-11;bone;50
2018-11;made;41
2018-11;titanium;40
2018-11;know;38
2018-11;tooth;36
2018-11;graft;26
2018-11;artificial;25
2018-11;support;18
2018-11;root;18
2018-11;teeth;18
2018-12;check;311
2018-12;torque;238
2018-12;straumann;201
2018-12;drivers;192
2018-12;wrench;187
2018-12;short;137
2018-12;long;137
2018-12;universal;92
2018-12;adapter;68
2018-12;driver;51
