2016-07;global;41
2016-07;market;32
2016-07;free;29
2016-07;module;24
2016-07;training;17
2016-07;register;16
2016-07;industry;15
2016-07;patients;13
2016-07;grow;13
2016-07;surgical;12
2016-08;training;235
2016-08;receives;224
2016-08;agravat;224
2016-08;prestigious;224
2016-08;bharat;224
2016-08;certificate;224
2016-08;free;40
2016-08;market;38
2016-08;model;28
2016-08;global;27
2016-09;market;375
2016-09;research;262
2016-09;tooth;259
2016-09;teeth;254
2016-09;grand;243
2016-09;view;243
2016-09;demand;239
2016-09;witness;238
2016-09;replacement;234
2016-09;enhanced;233
2016-10;market;114
2016-10;global;67
2016-10;analysis;44
2016-10;research;36
2016-10;cosmetic;35
2016-10;industry;35
2016-10;dentist;32
2016-10;report;28
2016-10;study;25
2016-10;prosthetics;24
2016-11;market;353
2016-11;growth;213
2016-11;share;199
2016-11;training;199
2016-11;advanced;195
2016-11;leading;193
2016-11;implantologist;191
2016-11;agravat;191
2016-11;learns;191
2016-11;bharat;191
2016-12;market;447
2016-12;forecast;309
2016-12;type;280
2016-12;geography;271
2016-12;summary;271
2016-12;scope;271
2016-12;free;78
2016-12;global;69
2016-12;research;45
2016-12;dentist;45
2017-01;market;459
2017-01;industry;335
2017-01;research;294
2017-01;based;267
2017-01;secondary;263
2017-01;databases;263
2017-01;data;263
2017-01;sourced;263
2017-01;primary;262
2017-01;india;255
2017-02;market;260
2017-02;global;207
2017-02;million;153
2017-02;surpass;151
2017-02;india;61
2017-02;agravat;52
2017-02;clinic;52
2017-02;ahmedabad;52
2017-02;gujarat;51
2017-02;cosmetic;50
2017-03;market;646
2017-03;global;317
2017-03;research;303
2017-03;report;294
2017-03;analysis;264
2017-03;forecast;263
2017-03;trends;253
2017-03;share;240
2017-03;free;88
2017-03;tooth;53
2017-04;diego;364
2017-04;market;294
2017-04;business;190
2017-04;kite;182
2017-04;directory;182
2017-04;club;182
2017-04;analysis;130
2017-04;trends;120
2017-04;demand;102
2017-04;growth;92
2017-05;market;161
2017-05;global;80
2017-05;training;58
2017-05;book;55
2017-05;report;48
2017-05;research;48
2017-05;tooth;47
2017-05;expected;45
2017-05;restoration;44
2017-05;grow;43
2017-06;market;514
2017-06;expected;324
2017-06;reach;318
2017-06;global;250
2017-06;research;234
2017-06;credence;167
2017-06;million;145
2017-06;report;71
2017-06;analysis;61
2017-06;forecast;61
2017-07;market;320
2017-07;demand;151
2017-07;teeth;151
2017-07;grand;149
2017-07;view;149
2017-07;tooth;149
2017-07;increasing;148
2017-07;driven;148
2017-07;till;148
2017-07;replacement;148
2017-08;market;169
2017-08;course;73
2017-08;global;52
2017-08;research;52
2017-08;analysis;50
2017-08;forecast;44
2017-08;education;39
2017-08;industry;39
2017-08;book;38
2017-08;free;38
2017-09;robot;949
2017-09;first;929
2017-09;chinese;642
2017-09;automated;641
2017-09;performed;541
2017-09;world;313
2017-09;china;278
2017-09;autonomous;275
2017-09;market;105
2017-09;fully;99
2017-10;market;72
2017-10;course;63
2017-10;robot;47
2017-10;first;46
2017-10;check;39
2017-10;learn;38
2017-10;book;35
2017-10;miss;33
2017-10;autonomous;33
2017-10;china;32
2017-11;market;1123
2017-11;revenue;569
2017-11;growth;559
2017-11;till;460
2017-11;players;357
2017-11;million;325
2017-11;forecasts;290
2017-11;nanotechnology;219
2017-11;regions;218
2017-11;segmentation;218
2017-12;market;119
2017-12;learn;78
2017-12;check;69
2017-12;came;68
2017-12;lesson;67
2017-12;short;67
2017-12;history;67
2017-12;global;32
2017-12;seminar;28
2017-12;research;26
2018-01;market;500
2018-01;global;291
2018-01;growth;177
2018-01;industry;167
2018-01;trends;160
2018-01;surface;155
2018-01;nano;154
2018-01;size;153
2018-01;segments;152
2018-01;prospects;151
2018-02;cosmetic;103
2018-02;dentist;102
2018-02;district;102
2018-02;downtown;101
2018-02;manufacturer;101
2018-02;portland;101
2018-02;solutions;101
2018-02;pearl;101
2018-02;german;101
2018-02;interviewed;101
2018-03;cosmetic;485
2018-03;dentist;471
2018-03;interview;469
2018-03;market;239
2018-03;growth;196
2018-03;beach;193
2018-03;witness;173
2018-03;projected;167
2018-03;significant;167
2018-03;radiant;165
2018-04;market;405
2018-04;dentist;380
2018-04;interview;376
2018-04;cosmetic;376
2018-04;talks;376
2018-04;growth;186
2018-04;cagr;170
2018-04;explosive;170
2018-04;enjoy;170
2018-04;grand;168
2018-05;dentist;87
2018-05;interview;87
2018-05;talks;87
2018-05;diego;87
2018-05;encinitas;87
2018-05;market;7
2018-05;global;5
2018-05;forecast;4
2018-05;programs;4
2018-05;free;3
2018-07;market;115
2018-07;industry;114
2018-07;growing;111
2018-07;advancement;111
2018-07;project;111
2018-07;technical;111
2018-07;cagr;111
2018-07;appointment;5
2018-07;book;5
2018-07;surgery;4
2018-08;market;23
2018-08;global;13
2018-08;course;13
2018-08;worth;9
2018-08;share;6
2018-08;report;6
2018-08;world;6
2018-08;learn;6
2018-08;free;6
2018-08;bloggers;5
2018-09;market;166
2018-09;size;114
2018-09;demand;108
2018-09;product;107
2018-09;prosthetics;107
2018-09;manufacturer;105
2018-09;types;105
2018-09;detail;105
2018-09;free;37
2018-09;global;36
2018-10;market;1055
2018-10;research;340
2018-10;global;336
2018-10;analysis;269
2018-10;expected;264
2018-10;forecast;258
2018-10;growth;254
2018-10;report;210
2018-10;reach;188
2018-10;prosthetics;173
2018-11;market;163
2018-11;research;78
2018-11;global;59
2018-11;forecast;53
2018-11;analysis;52
2018-11;titanium;51
2018-11;available;47
2018-11;made;47
2018-11;firm;47
2018-11;report;43
2018-12;market;72
2018-12;outlook;52
2018-12;report;51
2018-12;updated;48
2018-12;prices;48
2018-12;global;23
2018-12;procedures;20
2018-12;free;14
2018-12;course;14
2018-12;research;11
